{"type": "FeatureCollection", "features": [{"type": "Feature", "properties": {"name": "Arusha"}, "geometry": {"type": "MultiPolygon", "coordinates": [[[[36.61997, -3.66314], [36.61095, -3.68508], [36.60315, -3.69215], [36.5895, -3.69471], [36.57767, -3.70861], [36.56328, -3.71646], [36.54918, -3.71202], [36.53724, -3.72396], [36.53644, -3.73147], [36.49416, -3.76298], [36.49141, -3.77603], [36.48182, -3.78179], [36.39368, -3.7982], [36.2986, -3.80538], [36.29166, -3.85918], [36.29315, -3.94222], [36.29942, -3.97254], [36.29549, -4.08636], [36.2986, -4.14482], [36.28254, -4.15051], [36.1492, -3.87112], [36.00085, -3.68892], [35.9812, -3.65659], [35.96921, -3.65922], [35.94235, -3.63717], [35.88176, -3.64359], [35.87309, -3.62584], [35.77862, -3.56134], [35.76181, -3.56042], [35.74432, -3.57306], [35.73845, -3.56728], [35.72615, -3.56744], [35.72331, -3.55673], [35.716, -3.55691], [35.71342, -3.63153], [35.67971, -3.76646], [35.59203, -3.77533], [35.62486, -3.69785], [35.60702, -3.69269], [35.5407, -3.692], [35.52372, -3.6787], [35.46558, -3.66169], [35.41306, -3.6282], [35.38602, -3.6172], [35.32935, -3.69089], [35.29289, -3.68968], [35.24238, -3.72659], [35.2369, -3.73585], [35.20486, -3.75303], [35.19047, -3.76929], [35.14078, -3.80365], [35.10874, -3.82175], [35.07174, -3.83256], [35.07037, -3.83783], [35.03107, -3.86506], [35.01005, -3.87408], [35.00052, -3.86519], [34.98383, -3.86329], [34.89217, -3.90878], [34.86785, -3.90522], [34.84043, -3.93452], [34.81147, -3.94637], [34.76934, -3.94208], [34.76806, -3.92969], [34.75527, -3.91734], [34.75219, -3.90544], [34.75004, -3.80789], [34.75997, -3.80933], [34.79647, -3.79258], [34.89031, -3.73731], [34.88879, -3.22575], [34.88246, -2.90669], [34.98792, -2.99083], [34.98771, -3.00252], [35.01229, -3.00176], [35.00541, -2.97826], [35.05043, -2.96297], [35.06519, -2.94789], [35.12507, -2.91893], [35.13852, -2.90811], [35.18399, -2.72966], [35.22422, -2.49937], [35.21828, -2.50006], [35.20715, -2.48758], [35.16098, -2.39397], [35.2667, -2.35786], [35.26662, -2.30253], [35.21128, -2.06904], [35.25669, -1.69365], [35.31768, -1.72878], [35.43933, -1.78825], [35.99623, -2.10258], [36.20354, -2.22748], [36.25125, -2.26591], [36.49814, -2.38792], [37.4302, -2.90889], [37.40965, -2.90533], [37.36533, -2.88088], [37.2515, -2.852], [37.12653, -2.86009], [37.09712, -2.88554], [37.06946, -2.92224], [37.06371, -2.93811], [37.03736, -2.95035], [37.03551, -2.96339], [36.99304, -2.98022], [36.98014, -2.97488], [36.93508, -2.98459], [36.93527, -3.04237], [36.916, -3.07984], [36.9047, -3.11977], [36.89045, -3.13534], [36.90886, -3.16653], [36.90932, -3.18753], [36.92744, -3.18841], [36.93583, -3.1842], [36.94075, -3.20781], [36.98023, -3.20947], [36.98065, -3.23051], [36.99736, -3.23145], [36.99738, -3.25476], [37.03019, -3.2575], [37.04585, -3.27843], [37.04522, -3.29708], [37.0651, -3.35719], [37.06399, -3.3696], [37.05497, -3.37325], [37.06126, -3.49299], [37.02095, -3.5026], [37.00447, -3.52417], [36.98326, -3.54067], [36.96619, -3.57281], [36.9203, -3.5707], [36.89344, -3.59802], [36.88561, -3.58435], [36.86184, -3.58585], [36.83678, -3.6491], [36.8031, -3.65555], [36.80053, -3.64512], [36.76944, -3.6008], [36.73046, -3.56003], [36.71594, -3.55337], [36.7135, -3.56477], [36.6908, -3.59295], [36.70251, -3.61149], [36.6909, -3.61622], [36.6853, -3.61192], [36.66684, -3.61391], [36.66053, -3.63085], [36.64921, -3.6387], [36.64555, -3.63492], [36.63531, -3.63675], [36.61863, -3.649], [36.62022, -3.6618], [36.61997, -3.66314]]]]}}, {"type": "Feature", "properties": {"name": "Dar es Salaam"}, "geometry": {"type": "MultiPolygon", "coordinates": [[[[39.49847, -7.18875], [39.50375, -7.19097], [39.49847, -7.18903], [39.49847, -7.18875]]], [[[39.52319, -7.14764], [39.52264, -7.14514], [39.52347, -7.14764], [39.52319, -7.14764]]], [[[39.54653, -7.04139], [39.54847, -7.07125], [39.54153, -7.07403], [39.54042, -7.08042], [39.54709, -7.09236], [39.5482, -7.10792], [39.55625, -7.11653], [39.55625, -7.12986], [39.55069, -7.13486], [39.53903, -7.12292], [39.52431, -7.13153], [39.52708, -7.13764], [39.51514, -7.15736], [39.52097, -7.16125], [39.52153, -7.16986], [39.51708, -7.17597], [39.51153, -7.17514], [39.50792, -7.18792], [39.49653, -7.18542], [39.48792, -7.16542], [39.47347, -7.16681], [39.45181, -7.18153], [39.44418, -7.18105], [39.44252, -7.1764], [39.45016, -7.16991], [39.4465, -7.16078], [39.45148, -7.15646], [39.43519, -7.1681], [39.43335, -7.15564], [39.42203, -7.15183], [39.41723, -7.16446], [39.40708, -7.16896], [39.40757, -7.15068], [39.40324, -7.14421], [39.40655, -7.13457], [39.41769, -7.12558], [39.4097, -7.11263], [39.40619, -7.09403], [39.39304, -7.08573], [39.40998, -7.06528], [39.40845, -7.05271], [39.40003, -7.04376], [39.40498, -7.03553], [39.40561, -7.00964], [39.40124, -6.99855], [39.38765, -7.00022], [39.38489, -6.99672], [39.38487, -6.96797], [39.3713, -6.97308], [39.35988, -6.96998], [39.35433, -6.96121], [39.34386, -6.95977], [39.34468, -6.95541], [39.32756, -6.94798], [39.31375, -6.95291], [39.31826, -6.95767], [39.31421, -6.96004], [39.29857, -6.94815], [39.27778, -6.95768], [39.27742, -6.94913], [39.26974, -6.94381], [39.2448, -6.95088], [39.23174, -6.97429], [39.22566, -6.97724], [39.22055, -6.99427], [39.19239, -6.98233], [39.18305, -6.98732], [39.18279, -6.99481], [39.17017, -6.99514], [39.17441, -7.01103], [39.15162, -7.01966], [39.14993, -7.0354], [39.14004, -7.0432], [39.13435, -7.07323], [39.11512, -7.09387], [39.10827, -7.08666], [39.11305, -7.07311], [39.08763, -7.06353], [39.08219, -7.06777], [39.06969, -7.05736], [39.06553, -7.04813], [39.0686, -7.0313], [39.06042, -7.03255], [39.03909, -7.04992], [39.0302, -7.04648], [39.02308, -7.02326], [39.03615, -7.02208], [39.0509, -7.02833], [39.06521, -7.01396], [39.05919, -6.9998], [39.07448, -6.97962], [39.0596, -6.97311], [39.0667, -6.96267], [39.07618, -6.95977], [39.07903, -6.94852], [39.0868, -6.94172], [39.08768, -6.93002], [39.09415, -6.93337], [39.08808, -6.92315], [39.10885, -6.91507], [39.10645, -6.89748], [39.11882, -6.88004], [39.11554, -6.87558], [39.09087, -6.8757], [39.07125, -6.86768], [39.0663, -6.85428], [39.05434, -6.84287], [39.05887, -6.83924], [39.05995, -6.82738], [39.0576, -6.81537], [39.05143, -6.80938], [39.05413, -6.79007], [39.00716, -6.79058], [39.01242, -6.78316], [39.00832, -6.77849], [39.02735, -6.77147], [39.03013, -6.75384], [39.04367, -6.74307], [39.05194, -6.7242], [39.06039, -6.72107], [39.05675, -6.71442], [39.06128, -6.71021], [39.05679, -6.70156], [39.06142, -6.69132], [39.06007, -6.66587], [39.06881, -6.65712], [39.07326, -6.63689], [39.06962, -6.63505], [39.07775, -6.62535], [39.07513, -6.61821], [39.08066, -6.60292], [39.08892, -6.60259], [39.08597, -6.59561], [39.09091, -6.59452], [39.09348, -6.59956], [39.09679, -6.59276], [39.10538, -6.59077], [39.10886, -6.57983], [39.11804, -6.57792], [39.12147, -6.56625], [39.14819, -6.57708], [39.16431, -6.59597], [39.17653, -6.62486], [39.18625, -6.63125], [39.19347, -6.62625], [39.2207, -6.66708], [39.21681, -6.67153], [39.22319, -6.67514], [39.24486, -6.75069], [39.25903, -6.75986], [39.26792, -6.75986], [39.27236, -6.75708], [39.27542, -6.73236], [39.28435, -6.73788], [39.28959, -6.75292], [39.28153, -6.7718], [39.28708, -6.7882], [39.28042, -6.79319], [39.30069, -6.81764], [39.28986, -6.8193], [39.28542, -6.82736], [39.29375, -6.83208], [39.3032, -6.84736], [39.29708, -6.84542], [39.30014, -6.85347], [39.28653, -6.86958], [39.29764, -6.86958], [39.29625, -6.86569], [39.30625, -6.85264], [39.29514, -6.82569], [39.31292, -6.81431], [39.33153, -6.82764], [39.3493, -6.83097], [39.35764, -6.84903], [39.37375, -6.85625], [39.39125, -6.84792], [39.40597, -6.86153], [39.43042, -6.86736], [39.44542, -6.86931], [39.44903, -6.86403], [39.46208, -6.87264], [39.47153, -6.87319], [39.47208, -6.86653], [39.47709, -6.86542], [39.48375, -6.88486], [39.49569, -6.89431], [39.50319, -6.93542], [39.51986, -6.96931], [39.53292, -6.98625], [39.54736, -6.98875], [39.54597, -7.00958], [39.55236, -7.01958], [39.54486, -7.03153], [39.54653, -7.04014], [39.54653, -7.04139]]], [[[39.92875, -6.90319], [39.92542, -6.90375], [39.92875, -6.90292], [39.92875, -6.90319]]], [[[39.29125, -6.82264], [39.28847, -6.82292], [39.29125, -6.82236], [39.29125, -6.82264]]], [[[39.39597, -6.82403], [39.39264, -6.82847], [39.39208, -6.82347], [39.39597, -6.82292], [39.39597, -6.82403]]], [[[39.35458, -6.81764], [39.3568, -6.82264], [39.35209, -6.82403], [39.35458, -6.81736], [39.35458, -6.81764]]], [[[39.40097, -6.8143], [39.40319, -6.82097], [39.39764, -6.81458], [39.40097, -6.81347], [39.40097, -6.8143]]], [[[39.33236, -6.79708], [39.33375, -6.80097], [39.32986, -6.80153], [39.33236, -6.7968], [39.33236, -6.79708]]], [[[39.26264, -6.69153], [39.27653, -6.71069], [39.25875, -6.69625], [39.26209, -6.69153], [39.26264, -6.69153]]], [[[39.25097, -6.65125], [39.25458, -6.66292], [39.24486, -6.65653], [39.25069, -6.65125], [39.25097, -6.65125]]], [[[39.2407, -6.67514], [39.23681, -6.67347], [39.24042, -6.67514], [39.2407, -6.67514]]]]}}, {"type": "Feature", "properties": {"name": "Dodoma"}, "geometry": {"type": "MultiPolygon", "coordinates": [[[[36.51123, -7.23977], [36.51981, -7.2548], [36.51844, -7.2693], [36.53019, -7.28558], [36.53403, -7.33369], [36.51285, -7.3571], [36.48224, -7.37936], [36.47973, -7.36384], [36.46927, -7.35117], [36.45518, -7.34878], [36.45127, -7.34152], [36.43546, -7.34176], [36.42384, -7.33068], [36.39936, -7.32331], [36.39579, -7.31475], [36.36443, -7.33034], [36.33081, -7.33655], [36.31727, -7.32122], [36.32093, -7.31153], [36.31506, -7.3029], [36.32232, -7.29666], [36.32294, -7.28604], [36.31004, -7.26026], [36.30239, -7.25393], [36.30217, -7.24478], [36.28914, -7.24202], [36.27929, -7.23291], [36.24992, -7.17579], [36.23172, -7.17069], [36.20129, -7.1707], [36.1917, -7.14785], [36.16899, -7.15521], [36.15087, -7.14713], [36.145, -7.13461], [36.09614, -7.12581], [36.08273, -7.12669], [36.07406, -7.13374], [36.05083, -7.11974], [35.98001, -7.13691], [35.95805, -7.11913], [35.92595, -7.11523], [35.91067, -7.10519], [35.89506, -7.10982], [35.88042, -7.09487], [35.86689, -7.08926], [35.85688, -7.09146], [35.85077, -7.08551], [35.82468, -7.09806], [35.81628, -7.09577], [35.81758, -7.08944], [35.81225, -7.09542], [35.80112, -7.09259], [35.79578, -7.09585], [35.79507, -7.08903], [35.78249, -7.08998], [35.77913, -7.09448], [35.77674, -7.08935], [35.77127, -7.0929], [35.75904, -7.08665], [35.75516, -7.09027], [35.74514, -7.08367], [35.73639, -7.08502], [35.72219, -7.0805], [35.72042, -7.07339], [35.71376, -7.07343], [35.71075, -7.06741], [35.70411, -7.0716], [35.6969, -7.06452], [35.68228, -7.06096], [35.65009, -7.03199], [35.62376, -7.03268], [35.61641, -7.02397], [35.60048, -7.02447], [35.58084, -7.00477], [35.54161, -7.015], [35.54087, -7.00422], [35.52427, -7.00005], [35.51301, -6.98749], [35.5052, -6.96341], [35.49526, -6.95005], [35.48491, -6.94693], [35.46758, -6.95165], [35.46143, -6.94281], [35.45189, -6.94074], [35.44389, -6.93258], [35.42867, -6.93649], [35.41432, -6.92849], [35.36362, -6.93921], [35.35234, -6.93555], [35.30424, -6.93672], [35.27919, -6.96231], [35.27379, -6.97364], [35.25406, -6.98065], [35.25061, -6.99139], [35.24169, -6.99663], [35.20647, -6.98152], [35.16954, -6.98145], [35.1232, -6.9502], [35.116, -6.94089], [35.08358, -6.92605], [35.08269, -6.86043], [35.07326, -6.76942], [35.05375, -6.71674], [35.09517, -6.74585], [35.12876, -6.73504], [35.20095, -6.7245], [35.1847, -6.65795], [35.20091, -6.62114], [35.19919, -6.58606], [35.20545, -6.56135], [35.22915, -6.52296], [35.20195, -6.46452], [35.21001, -6.45672], [35.23968, -6.44403], [35.24396, -6.43543], [35.24427, -6.38306], [35.23093, -6.37091], [35.22912, -6.35735], [35.21878, -6.34649], [35.20164, -6.2587], [35.18517, -6.25254], [35.17307, -6.24192], [35.1646, -6.20872], [35.16657, -6.18889], [35.19355, -6.14206], [35.20702, -6.10445], [35.21178, -5.96272], [35.2251, -5.94127], [35.24146, -5.86675], [35.25931, -5.84127], [35.26344, -5.80376], [35.27107, -5.77974], [35.27919, -5.77411], [35.27905, -5.7617], [35.29247, -5.75279], [35.29288, -5.74188], [35.30308, -5.73628], [35.31275, -5.73905], [35.31663, -5.72961], [35.33091, -5.7168], [35.33558, -5.71739], [35.34149, -5.69392], [35.34631, -5.69088], [35.3443, -5.68137], [35.35093, -5.67199], [35.35717, -5.67201], [35.33789, -5.65874], [35.31705, -5.63163], [35.29236, -5.61051], [35.27029, -5.60508], [35.25359, -5.58637], [35.24923, -5.57906], [35.2521, -5.55951], [35.24181, -5.54173], [35.21233, -5.52615], [35.19991, -5.50961], [35.19842, -5.48098], [35.18625, -5.46393], [35.18746, -5.45972], [35.15316, -5.4351], [35.15632, -5.43062], [35.15016, -5.42583], [35.14875, -5.4164], [35.13844, -5.41325], [35.13761, -5.39968], [35.1249, -5.37551], [35.12758, -5.36594], [35.12332, -5.35763], [35.12781, -5.34354], [35.11543, -5.32989], [35.10812, -5.30948], [35.11065, -5.30185], [35.0932, -5.27933], [35.09082, -5.2692], [35.08996, -5.24929], [35.09629, -5.23627], [35.09033, -5.19441], [35.09369, -5.17776], [35.08003, -5.17021], [35.06888, -5.15636], [35.06617, -5.13389], [35.11741, -5.10782], [35.14485, -5.06387], [35.16927, -5.03823], [35.18946, -5.04204], [35.2303, -5.0026], [35.23921, -5.00175], [35.25584, -4.98724], [35.28123, -4.98034], [35.31895, -4.92986], [35.35089, -4.85837], [35.37408, -4.86661], [35.40332, -4.86197], [35.41412, -4.86991], [35.48803, -4.8418], [35.50671, -4.8195], [35.51478, -4.7889], [35.53877, -4.74053], [35.60712, -4.69329], [35.60732, -4.67428], [35.61405, -4.65862], [35.64349, -4.62708], [35.6519, -4.61131], [35.65348, -4.59765], [35.66557, -4.58146], [35.65358, -4.55476], [35.65979, -4.53825], [35.65242, -4.51113], [35.66063, -4.49179], [35.68365, -4.48348], [35.6867, -4.47486], [35.69448, -4.4736], [35.7154, -4.45384], [35.74432, -4.43624], [35.74684, -4.4225], [35.76436, -4.40681], [35.81759, -4.39055], [35.81213, -4.36123], [35.81854, -4.3464], [35.81854, -4.31508], [35.83673, -4.32538], [35.84419, -4.33558], [35.86576, -4.34479], [35.90296, -4.35019], [35.96268, -4.37426], [36.00068, -4.39701], [36.15412, -4.40326], [36.25048, -4.41489], [36.34618, -4.43748], [36.32022, -4.4802], [36.32724, -4.48599], [36.32757, -4.50226], [36.30863, -4.52253], [36.29702, -4.57308], [36.28817, -4.58962], [36.28871, -4.62439], [36.29702, -4.67032], [36.29347, -4.69936], [36.3041, -4.74583], [36.30728, -4.80763], [36.31118, -4.82054], [36.33738, -4.8477], [36.33841, -4.88088], [36.32761, -4.92049], [36.32214, -4.99241], [36.3138, -5.01065], [36.32452, -5.09112], [36.32169, -5.08958], [36.29307, -5.17193], [36.27932, -5.18167], [36.27036, -5.19926], [36.30074, -5.20758], [36.27861, -5.22374], [36.27413, -5.23286], [36.29399, -5.30239], [36.29895, -5.41787], [36.24722, -5.41093], [36.25862, -5.4644], [36.27036, -5.48482], [36.30494, -5.51855], [36.41837, -5.60395], [36.42072, -5.62414], [36.43672, -5.63202], [36.4426, -5.64394], [36.44123, -5.66126], [36.43187, -5.6701], [36.46406, -5.67371], [36.47065, -5.68122], [36.49112, -5.68146], [36.51358, -5.69209], [36.52429, -5.70452], [36.53441, -5.72852], [36.57863, -5.74581], [36.60069, -5.79956], [36.6485, -5.83167], [36.67688, -5.86488], [36.70922, -5.92059], [36.71579, -5.94628], [36.74614, -5.93938], [36.79481, -5.93852], [36.82985, -5.94141], [36.85486, -5.9535], [36.87946, -5.94965], [36.92456, -5.92902], [36.96481, -5.92738], [36.94158, -5.97565], [36.89831, -6.00071], [36.86885, -6.00987], [36.81705, -6.05664], [36.84973, -6.26514], [36.8502, -6.35878], [36.80019, -6.40561], [36.76459, -6.41849], [36.7261, -6.46068], [36.72254, -6.494], [36.72717, -6.49899], [36.74553, -6.50041], [36.74945, -6.55921], [36.7286, -6.57275], [36.71933, -6.59645], [36.7204, -6.60679], [36.71042, -6.62674], [36.67193, -6.67022], [36.67157, -6.69321], [36.66409, -6.70728], [36.6436, -6.72742], [36.6411, -6.73704], [36.63166, -6.73989], [36.63807, -6.76216], [36.64556, -6.76911], [36.64526, -6.78818], [36.63696, -6.80375], [36.6436, -6.83317], [36.6368, -6.8514], [36.6438, -6.86632], [36.64174, -6.87826], [36.64568, -6.88774], [36.63737, -6.92438], [36.64828, -6.95124], [36.64407, -6.96977], [36.65161, -6.99318], [36.64457, -7.01402], [36.64872, -7.0268], [36.59598, -7.04087], [36.56638, -7.05468], [36.53816, -7.10937], [36.53568, -7.13055], [36.527, -7.13748], [36.51105, -7.1679], [36.51361, -7.17564], [36.50434, -7.19195], [36.51088, -7.23948], [36.51123, -7.23977]]]]}}, {"type": "Feature", "properties": {"name": "Geita"}, "geometry": {"type": "MultiPolygon", "coordinates": [[[[31.99989, -3.74618], [31.96961, -3.75014], [31.9395, -3.76834], [31.87698, -3.7867], [31.88185, -3.83179], [31.87186, -3.85715], [31.86341, -3.86586], [31.86725, -3.87986], [31.83659, -3.92358], [31.83275, -3.9492], [31.79696, -3.96004], [31.77134, -3.95671], [31.7552, -3.96893], [31.74606, -3.96858], [31.74598, -3.97311], [31.71242, -3.97943], [31.69969, -3.99617], [31.69231, -4.02198], [31.69477, -4.03289], [31.68563, -4.04517], [31.68124, -4.06248], [31.66088, -4.0752], [31.65928, -4.087], [31.6494, -4.10262], [31.65446, -4.11698], [31.6392, -4.1262], [31.63537, -4.13704], [31.64393, -4.14822], [31.66901, -4.15592], [31.6674, -4.16772], [31.67753, -4.18847], [31.68351, -4.22516], [31.67109, -4.24013], [31.67013, -4.2446], [31.6806, -4.25482], [31.67071, -4.27745], [31.65641, -4.27998], [31.65859, -4.30263], [31.67285, -4.32466], [31.66549, -4.35368], [31.65368, -4.383], [31.62374, -4.42346], [31.58177, -4.43135], [31.50014, -4.41365], [31.49629, -4.4315], [31.47017, -4.46111], [31.4464, -4.45975], [31.43751, -4.47066], [31.42971, -4.47035], [31.4188, -4.43761], [31.42238, -4.42388], [31.41599, -4.40658], [31.42222, -4.39457], [31.41349, -4.38381], [31.41864, -4.36962], [31.39946, -4.34343], [31.39602, -4.31972], [31.36998, -4.30476], [31.36468, -4.29431], [31.3694, -4.24893], [31.36329, -4.24698], [31.36928, -4.23867], [31.36305, -4.23159], [31.35596, -4.23623], [31.34802, -4.22646], [31.34949, -4.21864], [31.3446, -4.21791], [31.35022, -4.20618], [31.34362, -4.19116], [31.34814, -4.1765], [31.33972, -4.17015], [31.3413, -4.15756], [31.33202, -4.15292], [31.32896, -4.14462], [31.33324, -4.13973], [31.32945, -4.13582], [31.33568, -4.12825], [31.33446, -4.12068], [31.34485, -4.10455], [31.34729, -4.06375], [31.35267, -4.06033], [31.36146, -4.06302], [31.35816, -4.04238], [31.36733, -4.04372], [31.38113, -4.02222], [31.37502, -4.01416], [31.37917, -3.96737], [31.36647, -3.94906], [31.36329, -3.91656], [31.35401, -3.89934], [31.35413, -3.86465], [31.34668, -3.85647], [31.34301, -3.83338], [31.31785, -3.80028], [31.31638, -3.77328], [31.30111, -3.75484], [31.29476, -3.73358], [31.24931, -3.71086], [31.22451, -3.67703], [31.22427, -3.64869], [31.21242, -3.62792], [31.21633, -3.60826], [31.21218, -3.58407], [31.2189, -3.58065], [31.21034, -3.56161], [31.21421, -3.53103], [31.20274, -3.52426], [31.1973, -3.50952], [31.19984, -3.49988], [31.21299, -3.49215], [31.21311, -3.47563], [31.20949, -3.46585], [31.19429, -3.45258], [31.19701, -3.44151], [31.19227, -3.42447], [31.17223, -3.41693], [31.16561, -3.40566], [31.17054, -3.40262], [31.1608, -3.39569], [31.15037, -3.37438], [31.15325, -3.36208], [31.22064, -3.30078], [31.25153, -3.2862], [31.27127, -3.28791], [31.29849, -3.30865], [31.33305, -3.32052], [31.40316, -3.31847], [31.43553, -3.29891], [31.45651, -3.30621], [31.46154, -3.31644], [31.48064, -3.2907], [31.55615, -3.24544], [31.56247, -3.18073], [31.5547, -3.16275], [31.55537, -3.13744], [31.54569, -3.12443], [31.53963, -3.09918], [31.51408, -3.06582], [31.50698, -3.04335], [31.46454, -2.96577], [31.46284, -2.94163], [31.4782, -2.92042], [31.47591, -2.9021], [31.50254, -2.88526], [31.52933, -2.91128], [31.54507, -2.91839], [31.55748, -2.93945], [31.5743, -2.94668], [31.57321, -2.91603], [31.5804, -2.89012], [31.59265, -2.87432], [31.59298, -2.86336], [31.62134, -2.85966], [31.64216, -2.84887], [31.65764, -2.8481], [31.66419, -2.85276], [31.67407, -2.84878], [31.70036, -2.82526], [31.72107, -2.81847], [31.7218, -2.78857], [31.68503, -2.76411], [31.67731, -2.74647], [31.65838, -2.76113], [31.61937, -2.75889], [31.61583, -2.76888], [31.58676, -2.76776], [31.56233, -2.75773], [31.55278, -2.74895], [31.54995, -2.72941], [31.55474, -2.72577], [31.57275, -2.72842], [31.56795, -2.71162], [31.53648, -2.71354], [31.53404, -2.72096], [31.52078, -2.72673], [31.5035, -2.7224], [31.49681, -2.70755], [31.48459, -2.70136], [31.46996, -2.72363], [31.46524, -2.72415], [31.44838, -2.71165], [31.44748, -2.68614], [31.42237, -2.68023], [31.4084, -2.66791], [31.40364, -2.63341], [31.40712, -2.61086], [31.42556, -2.57689], [31.45617, -2.54928], [31.47505, -2.5523], [31.49531, -2.54718], [31.50051, -2.53421], [31.51493, -2.53012], [31.5291, -2.54253], [31.54048, -2.54263], [31.54616, -2.54102], [31.56197, -2.51835], [31.58122, -2.51218], [31.59838, -2.51259], [31.59838, -2.49474], [31.6074, -2.47689], [31.6096, -2.46026], [31.6307, -2.45367], [31.60736, -2.41434], [31.60876, -2.40673], [31.62458, -2.40738], [31.65639, -2.39088], [31.6506, -2.37711], [31.64039, -2.37945], [31.64091, -2.36706], [31.6558, -2.33891], [31.6655, -2.33385], [31.67249, -2.30615], [31.84174, -2.17187], [31.93841, -2.31722], [31.93107, -2.37352], [31.95187, -2.37842], [31.97548, -2.37674], [31.99216, -2.38627], [32.01916, -2.41168], [32.0549, -2.45655], [32.09302, -2.4911], [32.15919, -2.52245], [32.18989, -2.52239], [32.18989, -2.50728], [32.21142, -2.50211], [32.2257, -2.54454], [32.23999, -2.54889], [32.24361, -2.55937], [32.26474, -2.5764], [32.26938, -2.60767], [32.35322, -2.60498], [32.4474, -2.61864], [32.49108, -2.63044], [32.51431, -2.62909], [32.5211, -2.64472], [32.51861, -2.65859], [32.45617, -2.66467], [32.4471, -2.67536], [32.42043, -2.68404], [32.41905, -2.70166], [32.40792, -2.71696], [32.40519, -2.73689], [32.41673, -2.74546], [32.42919, -2.77036], [32.45134, -2.77926], [32.50992, -2.7836], [32.55401, -2.79892], [32.55587, -2.80161], [32.54408, -2.81217], [32.54242, -2.82231], [32.55981, -2.85087], [32.57802, -2.86805], [32.58403, -2.9051], [32.58009, -2.93242], [32.61668, -2.93926], [32.62729, -2.95271], [32.65363, -2.9632], [32.65983, -2.9736], [32.68476, -2.99184], [32.6911, -2.99054], [32.70475, -3.0037], [32.72277, -3.01135], [32.73487, -3.00987], [32.74852, -3.00074], [32.75157, -3.00348], [32.76165, -2.99098], [32.76329, -2.99871], [32.77696, -2.99543], [32.76696, -3.00949], [32.76579, -3.03348], [32.78226, -3.04924], [32.78462, -3.06418], [32.77118, -3.09965], [32.77001, -3.1191], [32.78321, -3.15449], [32.79337, -3.16894], [32.78045, -3.20494], [32.78509, -3.22824], [32.77568, -3.25211], [32.75571, -3.27362], [32.73938, -3.31195], [32.69016, -3.32324], [32.68371, -3.33037], [32.68339, -3.36369], [32.69058, -3.36914], [32.69915, -3.39349], [32.69441, -3.4517], [32.69727, -3.45959], [32.67492, -3.45557], [32.59716, -3.42612], [32.58171, -3.41175], [32.56601, -3.4055], [32.50263, -3.39377], [32.52691, -3.35548], [32.53406, -3.32497], [32.5452, -3.30174], [32.54174, -3.29537], [32.54435, -3.28137], [32.52903, -3.22773], [32.52998, -3.20742], [32.52142, -3.20053], [32.50123, -3.19824], [32.4831, -3.20246], [32.45911, -3.22289], [32.43913, -3.22116], [32.42939, -3.22695], [32.39998, -3.26285], [32.37791, -3.25978], [32.36097, -3.28272], [32.34819, -3.32937], [32.30729, -3.31328], [32.30482, -3.33782], [32.31505, -3.37122], [32.30934, -3.3846], [32.30798, -3.41156], [32.3249, -3.44026], [32.32222, -3.45957], [32.33059, -3.47181], [32.33093, -3.52], [32.30273, -3.57239], [32.30386, -3.58079], [32.31415, -3.59349], [32.31697, -3.62883], [32.36417, -3.61659], [32.39521, -3.59711], [32.41623, -3.6541], [32.4119, -3.68202], [32.39893, -3.71834], [32.37, -3.72157], [32.37128, -3.78812], [32.3671, -3.816], [32.30912, -3.79142], [32.292, -3.77723], [32.28356, -3.77735], [32.27627, -3.76723], [32.25857, -3.76157], [32.24257, -3.74409], [32.21976, -3.73278], [32.20324, -3.75328], [32.19963, -3.76971], [32.19101, -3.77483], [32.17495, -3.76936], [32.1585, -3.7452], [32.14726, -3.7501], [32.12456, -3.77406], [32.11688, -3.77355], [32.08814, -3.78672], [32.06408, -3.78233], [32.00148, -3.74647], [31.99989, -3.74618]]]]}}, {"type": "Feature", "properties": {"name": "Iringa"}, "geometry": {"type": "MultiPolygon", "coordinates": [[[[35.57241, -8.68685], [35.55654, -8.68152], [35.54339, -8.68406], [35.51401, -8.66425], [35.47553, -8.65886], [35.41651, -8.66451], [35.35822, -8.68622], [35.35329, -8.71222], [35.34608, -8.71988], [35.33185, -8.72261], [35.32692, -8.73958], [35.33641, -8.74633], [35.33678, -8.75582], [35.35593, -8.77908], [35.34982, -8.79787], [35.35803, -8.82442], [35.34718, -8.83518], [35.34253, -8.84923], [35.32838, -8.85862], [35.32405, -8.87103], [35.34581, -8.87359], [35.35428, -8.88216], [35.35597, -8.88817], [35.34745, -8.89489], [35.36737, -8.91741], [35.36803, -8.9266], [35.36121, -8.92901], [35.36413, -8.93994], [35.37388, -8.94651], [35.38261, -8.9422], [35.39292, -8.95102], [35.39621, -8.96123], [35.41268, -8.95959], [35.41555, -8.97832], [35.40765, -8.98007], [35.38463, -9.01261], [35.36938, -9.02146], [35.36169, -9.01843], [35.35611, -9.03051], [35.31789, -9.03022], [35.30718, -9.03952], [35.27855, -9.03907], [35.26883, -9.03481], [35.21036, -9.04256], [35.18285, -9.0348], [35.14, -9.03189], [35.12, -9.01974], [35.12937, -8.99488], [35.13006, -8.97704], [35.11073, -8.94191], [35.11538, -8.92958], [35.14092, -8.90333], [35.12947, -8.87976], [35.14396, -8.84923], [35.14571, -8.83355], [35.14143, -8.8159], [35.12822, -8.79617], [35.13118, -8.77694], [35.09649, -8.78406], [35.0704, -8.77601], [35.04529, -8.77738], [35.02726, -8.80746], [35.00254, -8.81547], [34.9795, -8.82999], [34.9642, -8.82557], [34.94899, -8.82795], [34.93087, -8.81895], [34.92582, -8.80966], [34.90619, -8.81167], [34.89535, -8.79816], [34.87318, -8.78826], [34.8548, -8.77101], [34.87004, -8.75329], [34.87665, -8.73323], [34.8854, -8.72785], [34.8959, -8.72906], [34.87605, -8.699], [34.86395, -8.68954], [34.82564, -8.68382], [34.80537, -8.67266], [34.79556, -8.67816], [34.7763, -8.67963], [34.75053, -8.67101], [34.73074, -8.67561], [34.69995, -8.66621], [34.70871, -8.6445], [34.71952, -8.63494], [34.71871, -8.59902], [34.71338, -8.58078], [34.7258, -8.51567], [34.71468, -8.48092], [34.68399, -8.45188], [34.69945, -8.41059], [34.73537, -8.38544], [34.74771, -8.35917], [34.7574, -8.35346], [34.77685, -8.3231], [34.79796, -8.30428], [34.81663, -8.27541], [34.82745, -8.26994], [34.83744, -8.24831], [34.86462, -8.22486], [34.90974, -8.16587], [34.93992, -8.14682], [34.95406, -8.11729], [34.96885, -8.10172], [34.95581, -8.09851], [34.94381, -8.08886], [34.91994, -8.05195], [34.8974, -7.99987], [34.85779, -7.93078], [34.85139, -7.90264], [34.75229, -7.82741], [34.68845, -7.74647], [34.67184, -7.73721], [34.62989, -7.72535], [34.50987, -7.71346], [34.38699, -7.73544], [34.35554, -7.73275], [34.29076, -7.6402], [34.27057, -7.61951], [34.2684, -7.59203], [34.2, -7.49652], [34.19411, -7.3739], [34.21365, -7.35128], [34.25012, -7.32787], [34.27472, -7.33647], [34.29824, -7.32803], [34.30229, -7.33411], [34.30814, -7.32956], [34.31398, -7.33746], [34.33357, -7.33077], [34.34361, -7.33225], [34.36419, -7.32052], [34.37873, -7.32583], [34.41053, -7.31521], [34.42583, -7.31333], [34.43317, -7.31834], [34.43637, -7.30228], [34.45047, -7.28508], [34.47202, -7.27669], [34.48201, -7.27734], [34.48311, -7.26339], [34.49026, -7.25344], [34.50126, -7.2539], [34.50827, -7.24117], [34.50665, -7.23568], [34.5345, -7.22182], [34.53767, -7.21184], [34.54382, -7.21566], [34.56226, -7.21084], [34.56762, -7.19999], [34.59468, -7.18498], [34.59352, -7.17909], [34.61137, -7.16485], [34.61474, -7.14636], [34.62015, -7.14845], [34.62705, -7.13228], [34.63671, -7.13078], [34.64882, -7.11276], [34.66128, -7.08779], [34.65933, -7.08131], [34.66769, -7.07606], [34.67623, -7.05614], [34.69134, -7.04442], [34.72284, -7.03507], [34.72628, -7.0244], [34.73355, -7.02296], [34.74271, -7.0125], [34.75703, -7.00906], [34.78287, -6.97851], [34.8083, -6.96208], [34.81964, -6.9619], [34.84098, -6.94142], [34.85671, -6.93853], [34.87513, -6.91962], [34.89553, -6.918], [34.91199, -6.90411], [34.9148, -6.89419], [34.92429, -6.88911], [34.95024, -6.89014], [34.96812, -6.90543], [34.98772, -6.90486], [34.99625, -6.89995], [35.03344, -6.90763], [35.03355, -6.91161], [35.1133, -6.93919], [35.16954, -6.98145], [35.20647, -6.98152], [35.24169, -6.99663], [35.25061, -6.99139], [35.25406, -6.98065], [35.27379, -6.97364], [35.27919, -6.96231], [35.30424, -6.93672], [35.35234, -6.93555], [35.36362, -6.93921], [35.41432, -6.92849], [35.42867, -6.93649], [35.44389, -6.93258], [35.45189, -6.94074], [35.46143, -6.94281], [35.46758, -6.95165], [35.48491, -6.94693], [35.49526, -6.95005], [35.5052, -6.96341], [35.51301, -6.98749], [35.52427, -7.00005], [35.54087, -7.00422], [35.54161, -7.015], [35.58084, -7.00477], [35.60048, -7.02447], [35.61641, -7.02397], [35.62376, -7.03268], [35.65009, -7.03199], [35.68228, -7.06096], [35.6969, -7.06452], [35.70411, -7.0716], [35.71075, -7.06741], [35.71376, -7.07343], [35.72042, -7.07339], [35.72219, -7.0805], [35.73639, -7.08502], [35.74514, -7.08367], [35.75516, -7.09027], [35.75904, -7.08665], [35.77127, -7.0929], [35.77674, -7.08935], [35.77913, -7.09448], [35.78249, -7.08998], [35.79507, -7.08903], [35.79578, -7.09585], [35.80112, -7.09259], [35.81225, -7.09542], [35.81758, -7.08944], [35.81628, -7.09577], [35.82468, -7.09806], [35.85077, -7.08551], [35.85688, -7.09146], [35.86689, -7.08926], [35.88042, -7.09487], [35.89506, -7.10982], [35.91067, -7.10519], [35.92595, -7.11523], [35.95805, -7.11913], [35.98001, -7.13691], [36.05083, -7.11974], [36.07406, -7.13374], [36.08273, -7.12669], [36.09614, -7.12581], [36.145, -7.13461], [36.15087, -7.14713], [36.16899, -7.15521], [36.1917, -7.14785], [36.20129, -7.1707], [36.23172, -7.17069], [36.24992, -7.17579], [36.27929, -7.23291], [36.28914, -7.24202], [36.30217, -7.24478], [36.30239, -7.25393], [36.31004, -7.26026], [36.32294, -7.28604], [36.32232, -7.29666], [36.31506, -7.3029], [36.32093, -7.31153], [36.31727, -7.32122], [36.33081, -7.33655], [36.36443, -7.33034], [36.39579, -7.31475], [36.39936, -7.32331], [36.42384, -7.33068], [36.43546, -7.34176], [36.45127, -7.34152], [36.45518, -7.34878], [36.46927, -7.35117], [36.48159, -7.36889], [36.47956, -7.41209], [36.48788, -7.41222], [36.50295, -7.43351], [36.51023, -7.47054], [36.51878, -7.48001], [36.5237, -7.51989], [36.52869, -7.52374], [36.58244, -7.51518], [36.59816, -7.53236], [36.61695, -7.53609], [36.64417, -7.52986], [36.65411, -7.53402], [36.68276, -7.57263], [36.69344, -7.57926], [36.79131, -7.59643], [36.78184, -7.64405], [36.7892, -7.64847], [36.84564, -7.64899], [36.8313, -7.73822], [36.83488, -7.77815], [36.81308, -7.8198], [36.70234, -7.98105], [36.70243, -8.01179], [36.71227, -8.02582], [36.46479, -8.02864], [36.46421, -7.98172], [36.41519, -8.01815], [36.30225, -8.0856], [36.16785, -8.2021], [36.14108, -8.23184], [36.10724, -8.28969], [36.02292, -8.35765], [35.96326, -8.41903], [35.95691, -8.43075], [35.91648, -8.43767], [35.89913, -8.4488], [35.88929, -8.46082], [35.88658, -8.48913], [35.87404, -8.51763], [35.87259, -8.54096], [35.8502, -8.56762], [35.68996, -8.66553], [35.71294, -8.67512], [35.71112, -8.67972], [35.6981, -8.67966], [35.69349, -8.68814], [35.69664, -8.71644], [35.69292, -8.74437], [35.7001, -8.76368], [35.68482, -8.75947], [35.66519, -8.74244], [35.64597, -8.7708], [35.62959, -8.75428], [35.5979, -8.69379], [35.58759, -8.68606], [35.57441, -8.68709], [35.57241, -8.68685]]]]}}, {"type": "Feature", "properties": {"name": "Kagera"}, "geometry": {"type": "MultiPolygon", "coordinates": [[[[30.65655, -2.97831], [30.64619, -2.96864], [30.64742, -2.95323], [30.61988, -2.9264], [30.60006, -2.92246], [30.59614, -2.91374], [30.5892, -2.91273], [30.58719, -2.9054], [30.5813, -2.9037], [30.57709, -2.89329], [30.56476, -2.89492], [30.5654, -2.89987], [30.53949, -2.93267], [30.53182, -2.9304], [30.50556, -2.95295], [30.48719, -2.94829], [30.46938, -2.92423], [30.45832, -2.922], [30.46457, -2.91992], [30.45804, -2.90958], [30.4506, -2.91339], [30.4384, -2.90361], [30.43508, -2.87466], [30.42608, -2.86905], [30.41809, -2.87431], [30.41239, -2.86494], [30.41582, -2.85974], [30.40618, -2.86084], [30.41627, -2.85142], [30.41538, -2.84341], [30.42247, -2.84015], [30.4217, -2.83255], [30.42603, -2.83167], [30.42793, -2.81955], [30.42387, -2.81802], [30.42838, -2.81124], [30.43283, -2.81281], [30.43353, -2.8016], [30.43864, -2.8038], [30.44272, -2.79439], [30.44792, -2.76862], [30.43705, -2.7567], [30.44253, -2.75296], [30.44097, -2.74519], [30.46445, -2.73575], [30.46637, -2.71976], [30.47726, -2.71592], [30.48406, -2.72297], [30.49805, -2.71211], [30.5048, -2.69773], [30.50877, -2.69979], [30.51, -2.69324], [30.5224, -2.68792], [30.53006, -2.66547], [30.52782, -2.65302], [30.51153, -2.65639], [30.50391, -2.66509], [30.45912, -2.69114], [30.44345, -2.67798], [30.43102, -2.67892], [30.42056, -2.65991], [30.48478, -2.5571], [30.48329, -2.52888], [30.48577, -2.52432], [30.49633, -2.52329], [30.50715, -2.50526], [30.51983, -2.47445], [30.52437, -2.44767], [30.53633, -2.43394], [30.54342, -2.41301], [30.55068, -2.41116], [30.57468, -2.41849], [30.59248, -2.40433], [30.60933, -2.39925], [30.64008, -2.40387], [30.64397, -2.40986], [30.65727, -2.41349], [30.68907, -2.38275], [30.69584, -2.36342], [30.7171, -2.35544], [30.73273, -2.36375], [30.74621, -2.3792], [30.76341, -2.38274], [30.76701, -2.39177], [30.78021, -2.39003], [30.78321, -2.37928], [30.79154, -2.37633], [30.79649, -2.36651], [30.8157, -2.36535], [30.82637, -2.35647], [30.83623, -2.34291], [30.83839, -2.329], [30.85697, -2.31318], [30.85156, -2.31397], [30.85025, -2.30968], [30.85286, -2.27569], [30.84171, -2.23994], [30.84599, -2.22405], [30.84352, -2.20515], [30.85956, -2.17972], [30.86521, -2.14388], [30.87587, -2.13434], [30.87378, -2.12036], [30.89907, -2.07753], [30.8844, -2.05351], [30.87732, -2.05039], [30.87568, -2.03725], [30.86338, -2.03208], [30.82675, -1.97256], [30.81564, -1.9406], [30.80449, -1.93475], [30.79306, -1.93832], [30.7923, -1.94618], [30.78404, -1.94576], [30.78895, -1.93277], [30.79617, -1.92867], [30.79937, -1.91876], [30.80594, -1.91831], [30.81793, -1.89492], [30.81698, -1.87994], [30.83046, -1.86796], [30.83028, -1.86128], [30.83801, -1.85983], [30.83195, -1.84471], [30.81869, -1.84125], [30.8181, -1.83614], [30.82911, -1.82657], [30.82308, -1.7812], [30.83094, -1.75575], [30.82239, -1.73939], [30.81274, -1.73372], [30.81675, -1.72481], [30.82769, -1.72235], [30.82244, -1.71529], [30.82612, -1.69441], [30.82274, -1.6845], [30.83286, -1.66511], [30.83834, -1.66687], [30.8392, -1.65076], [30.74611, -1.52216], [30.73912, -1.45822], [30.74299, -1.45112], [30.73605, -1.41816], [30.72221, -1.40704], [30.7001, -1.40542], [30.6944, -1.39653], [30.6788, -1.39938], [30.6732, -1.38751], [30.66686, -1.38935], [30.66089, -1.38252], [30.62794, -1.3827], [30.61803, -1.37318], [30.62253, -1.36704], [30.61171, -1.35505], [30.61437, -1.3481], [30.59291, -1.34947], [30.57758, -1.33767], [30.56898, -1.33749], [30.55459, -1.30619], [30.5622, -1.29062], [30.55165, -1.27083], [30.55145, -1.25132], [30.52402, -1.21236], [30.50936, -1.17188], [30.50101, -1.16379], [30.47645, -1.16074], [30.47012, -1.15571], [30.46917, -1.13119], [30.47659, -1.12247], [30.45877, -1.11708], [30.45122, -1.08911], [30.47107, -1.05585], [30.49438, -1.05783], [30.50898, -1.07354], [30.52481, -1.07688], [30.58338, -1.06123], [30.63403, -1.07073], [30.63317, -1.06672], [30.65901, -1.06141], [30.67783, -1.0301], [30.69805, -1.01498], [30.73973, -1.00478], [30.76682, -0.98579], [30.79968, -1.00021], [32.71592, -0.99741], [32.72078, -1.0421], [32.70327, -1.48413], [32.70872, -1.48406], [31.67249, -2.30615], [31.6655, -2.33385], [31.6558, -2.33891], [31.64091, -2.36706], [31.64039, -2.37945], [31.6506, -2.37711], [31.65639, -2.39088], [31.62458, -2.40738], [31.60876, -2.40673], [31.60736, -2.41434], [31.6307, -2.45367], [31.6096, -2.46026], [31.6074, -2.47689], [31.59838, -2.49474], [31.59838, -2.51259], [31.58122, -2.51218], [31.56197, -2.51835], [31.54616, -2.54102], [31.54048, -2.54263], [31.5291, -2.54253], [31.51493, -2.53012], [31.50051, -2.53421], [31.49531, -2.54718], [31.47505, -2.5523], [31.45617, -2.54928], [31.42808, -2.57395], [31.41644, -2.59135], [31.40391, -2.62588], [31.4084, -2.66791], [31.42237, -2.68023], [31.44748, -2.68614], [31.44838, -2.71165], [31.46524, -2.72415], [31.46996, -2.72363], [31.48459, -2.70136], [31.49681, -2.70755], [31.5035, -2.7224], [31.52078, -2.72673], [31.53404, -2.72096], [31.53648, -2.71354], [31.56795, -2.71162], [31.57275, -2.72842], [31.55474, -2.72577], [31.54995, -2.72941], [31.55278, -2.74895], [31.56233, -2.75773], [31.58676, -2.76776], [31.61583, -2.76888], [31.61937, -2.75889], [31.65838, -2.76113], [31.67731, -2.74647], [31.68503, -2.76411], [31.72213, -2.79002], [31.72107, -2.81847], [31.70036, -2.82526], [31.67407, -2.84878], [31.66419, -2.85276], [31.65764, -2.8481], [31.64216, -2.84887], [31.62134, -2.85966], [31.59298, -2.86336], [31.59265, -2.87432], [31.5804, -2.89012], [31.57321, -2.91603], [31.5743, -2.94668], [31.55748, -2.93945], [31.54507, -2.91839], [31.52933, -2.91128], [31.50254, -2.88526], [31.47591, -2.9021], [31.4782, -2.92042], [31.46284, -2.94163], [31.46454, -2.96577], [31.50698, -3.04335], [31.51408, -3.06582], [31.53963, -3.09918], [31.54569, -3.12443], [31.55537, -3.13744], [31.5547, -3.16275], [31.56247, -3.18073], [31.55615, -3.24544], [31.48064, -3.2907], [31.46154, -3.31644], [31.45651, -3.30621], [31.43553, -3.29891], [31.40316, -3.31847], [31.33305, -3.32052], [31.29849, -3.30865], [31.27127, -3.28791], [31.25153, -3.2862], [31.22064, -3.30078], [31.15389, -3.36267], [31.13658, -3.3416], [31.12051, -3.29355], [31.11597, -3.25281], [31.12169, -3.23449], [31.11157, -3.21601], [31.08677, -3.18861], [31.06697, -3.18321], [31.03589, -3.1877], [31.02917, -3.21051], [31.01491, -3.21625], [31.00804, -3.20832], [31.01387, -3.20015], [31.00439, -3.19987], [31.00109, -3.19456], [30.99621, -3.19689], [30.98867, -3.18901], [30.98878, -3.18186], [31.00977, -3.15891], [31.01597, -3.13082], [31.02677, -3.11892], [31.03161, -3.10421], [31.03578, -3.10365], [31.04064, -3.08332], [31.05077, -3.07582], [31.05024, -3.06708], [31.06073, -3.05489], [31.06129, -3.04455], [31.07319, -3.03496], [31.06716, -3.00994], [31.0753, -3.00125], [31.08167, -2.9707], [31.06967, -2.94586], [31.06637, -2.92632], [31.05849, -2.92954], [31.04968, -2.92378], [31.04961, -2.89549], [31.02962, -2.87292], [31.02679, -2.85314], [31.00883, -2.83058], [30.99071, -2.83354], [30.97117, -2.85314], [30.96047, -2.85604], [30.94224, -2.8776], [30.91888, -2.89111], [30.89397, -2.92284], [30.87837, -2.93093], [30.85237, -2.96763], [30.85008, -2.97996], [30.83687, -2.97562], [30.81424, -2.98125], [30.80606, -2.98776], [30.74779, -2.99721], [30.73843, -2.99074], [30.72665, -2.98987], [30.70729, -2.97001], [30.69354, -2.97309], [30.67272, -2.99285], [30.65861, -2.9802], [30.65655, -2.97831]]]]}}, {"type": "Feature", "properties": {"name": "Kaskazini Pemba"}, "geometry": {"type": "MultiPolygon", "coordinates": [[[[39.83292, -5.06542], [39.8382, -5.08375], [39.83014, -5.09236], [39.82625, -5.10736], [39.83236, -5.11403], [39.83042, -5.12625], [39.82458, -5.1318], [39.82542, -5.14431], [39.83903, -5.14319], [39.84542, -5.10847], [39.86431, -5.11458], [39.8582, -5.16597], [39.84986, -5.17903], [39.85542, -5.18125], [39.85486, -5.19403], [39.82032, -5.19555], [39.81645, -5.20308], [39.79886, -5.20522], [39.79297, -5.21086], [39.79001, -5.16525], [39.76617, -5.16079], [39.73597, -5.17764], [39.74403, -5.16014], [39.74125, -5.15208], [39.73681, -5.15208], [39.7407, -5.14792], [39.73431, -5.14958], [39.72292, -5.16875], [39.71097, -5.17486], [39.71708, -5.1543], [39.6857, -5.13625], [39.68403, -5.12264], [39.70014, -5.11569], [39.69347, -5.11486], [39.68514, -5.10292], [39.69569, -5.09264], [39.69375, -5.08264], [39.70042, -5.07958], [39.70042, -5.0693], [39.70625, -5.07403], [39.71041, -5.06903], [39.71014, -5.07625], [39.72681, -5.07208], [39.73736, -5.07681], [39.72764, -5.06958], [39.72181, -5.07097], [39.71458, -5.05764], [39.7093, -5.06069], [39.70708, -5.05569], [39.67236, -5.0468], [39.66958, -5.04264], [39.6782, -5.04319], [39.68458, -5.02958], [39.68819, -5.03486], [39.69347, -5.03069], [39.6932, -5.01375], [39.67875, -5.00597], [39.68236, -5.00042], [39.67681, -4.98208], [39.68125, -4.97792], [39.68958, -4.98069], [39.69653, -4.97486], [39.7007, -4.98069], [39.70597, -4.97764], [39.69375, -4.97042], [39.69375, -4.96514], [39.68958, -4.96764], [39.68292, -4.94903], [39.68625, -4.96069], [39.67847, -4.95597], [39.67347, -4.9582], [39.66903, -4.94958], [39.67458, -4.93986], [39.67708, -4.91042], [39.67236, -4.9118], [39.67125, -4.90042], [39.67764, -4.90625], [39.67903, -4.88819], [39.67375, -4.88097], [39.68181, -4.86653], [39.6782, -4.86153], [39.68792, -4.86153], [39.68181, -4.86403], [39.68403, -4.87875], [39.69347, -4.89292], [39.69264, -4.8843], [39.70264, -4.88903], [39.69875, -4.89014], [39.70208, -4.9043], [39.70736, -4.89792], [39.71153, -4.90319], [39.70986, -4.89597], [39.71931, -4.88903], [39.71375, -4.91097], [39.71931, -4.90792], [39.72403, -4.91153], [39.72292, -4.90625], [39.72792, -4.90292], [39.7482, -4.90986], [39.77042, -4.93069], [39.77681, -4.93069], [39.78153, -4.92458], [39.78653, -4.92653], [39.80069, -4.96125], [39.81542, -4.96792], [39.81208, -4.97792], [39.82014, -4.98597], [39.83014, -4.98569], [39.81764, -4.97542], [39.81764, -4.95486], [39.82125, -4.95375], [39.81653, -4.95319], [39.81125, -4.94125], [39.81486, -4.92708], [39.83625, -4.93542], [39.83542, -4.92292], [39.84042, -4.92181], [39.83792, -4.91319], [39.84125, -4.90847], [39.84625, -4.90958], [39.8457, -4.93986], [39.8382, -4.95458], [39.8457, -4.94736], [39.84708, -4.95347], [39.85125, -4.95236], [39.84903, -4.92347], [39.86125, -4.90736], [39.86264, -4.8882], [39.86986, -4.89014], [39.87458, -4.90847], [39.87542, -4.99542], [39.86681, -5.02597], [39.86625, -5.02097], [39.85986, -5.02486], [39.84764, -5.00875], [39.84042, -5.01847], [39.83485, -5.01821], [39.84097, -5.02653], [39.83292, -5.06463], [39.83292, -5.06542]]], [[[39.83847, -5.11319], [39.83875, -5.11125], [39.83875, -5.11319], [39.83847, -5.11319]]], [[[39.83736, -5.10458], [39.83319, -5.10514], [39.83764, -5.09625], [39.84375, -5.09486], [39.85708, -5.07792], [39.85014, -5.0693], [39.85458, -5.06208], [39.84958, -5.06569], [39.84625, -5.05986], [39.86014, -5.03847], [39.86014, -5.06153], [39.86347, -5.06764], [39.87042, -5.06542], [39.87153, -5.06903], [39.86347, -5.10708], [39.83903, -5.10458], [39.83736, -5.10458]]], [[[39.85153, -5.04347], [39.84958, -5.0443], [39.85181, -5.04347], [39.85153, -5.04347]]], [[[39.80819, -4.95097], [39.81208, -4.95319], [39.80958, -4.95708], [39.80819, -4.95069], [39.80819, -4.95097]]], [[[39.80486, -4.94958], [39.80153, -4.95014], [39.80486, -4.94986], [39.80486, -4.94958]]], [[[39.80625, -4.94014], [39.80708, -4.94514], [39.80292, -4.94292], [39.80625, -4.93986], [39.80625, -4.94014]]], [[[39.80403, -4.92931], [39.80875, -4.93069], [39.80014, -4.93792], [39.79681, -4.93097], [39.80403, -4.92903], [39.80403, -4.92931]]], [[[39.63653, -5.1593], [39.63708, -5.16181], [39.63653, -5.15903], [39.63653, -5.1593]]], [[[39.6068, -5.15903], [39.6107, -5.15264], [39.6068, -5.15875], [39.6068, -5.15903]]], [[[39.62708, -5.14792], [39.61292, -5.1518], [39.61542, -5.14792], [39.62708, -5.14764], [39.62708, -5.14792]]], [[[39.64736, -5.13514], [39.63709, -5.15403], [39.63792, -5.13903], [39.64736, -5.13431], [39.64736, -5.13514]]], [[[39.66125, -5.13486], [39.66903, -5.14014], [39.66097, -5.14208], [39.65792, -5.1493], [39.65431, -5.14514], [39.66125, -5.13458], [39.66125, -5.13486]]], [[[39.67986, -5.13542], [39.67708, -5.14125], [39.67097, -5.13736], [39.67986, -5.13514], [39.67986, -5.13542]]], [[[39.66403, -5.11569], [39.66042, -5.11458], [39.66403, -5.11514], [39.66403, -5.11569]]], [[[39.63542, -5.09736], [39.63875, -5.09792], [39.63625, -5.11069], [39.64597, -5.11514], [39.63347, -5.12764], [39.63542, -5.11625], [39.62958, -5.10542], [39.63542, -5.09708], [39.63542, -5.09736]]], [[[39.70542, -5.15792], [39.70208, -5.16125], [39.70542, -5.15764], [39.70542, -5.15792]]], [[[39.64042, -5.09708], [39.63903, -5.0943], [39.64042, -5.09653], [39.64042, -5.09708]]], [[[39.66403, -5.00903], [39.64597, -5.06819], [39.64486, -5.08764], [39.63403, -5.09375], [39.63319, -5.08181], [39.64847, -5.02736], [39.65931, -5.00792], [39.66431, -5.00903], [39.66403, -5.00903]]], [[[39.67458, -4.96125], [39.67847, -4.97014], [39.67181, -4.97625], [39.6657, -4.99319], [39.66819, -5.00208], [39.66375, -5.00542], [39.65708, -4.98736], [39.66986, -4.96097], [39.67458, -4.96153], [39.67458, -4.96125]]], [[[39.67764, -4.88764], [39.67403, -4.88875], [39.67236, -4.88236], [39.67764, -4.88736], [39.67764, -4.88764]]]]}}, {"type": "Feature", "properties": {"name": "Kaskazini Unguja"}, "geometry": {"type": "MultiPolygon", "coordinates": [[[[39.23142, -6.04145], [39.20403, -6.03767], [39.19569, -6.02847], [39.18403, -5.99403], [39.18153, -5.94847], [39.18736, -5.93236], [39.18319, -5.91208], [39.19403, -5.89542], [39.20097, -5.89542], [39.19986, -5.91153], [39.2057, -5.93486], [39.21236, -5.93708], [39.20708, -5.93542], [39.20653, -5.92125], [39.22042, -5.90708], [39.22347, -5.88986], [39.23375, -5.87986], [39.25597, -5.87514], [39.27458, -5.86486], [39.28264, -5.83792], [39.28014, -5.83125], [39.28764, -5.82792], [39.29042, -5.82069], [39.28931, -5.79792], [39.29597, -5.79153], [39.28959, -5.77292], [39.28875, -5.7393], [39.2943, -5.72431], [39.30625, -5.72208], [39.35542, -5.79375], [39.36097, -5.82708], [39.3532, -5.87431], [39.35597, -5.91764], [39.38236, -6.00042], [39.40403, -6.02382], [39.33054, -6.03712], [39.29589, -6.02878], [39.27204, -6.02946], [39.23151, -6.0413], [39.23142, -6.04145]]], [[[39.20625, -5.91264], [39.20458, -5.91625], [39.20597, -5.91264], [39.20625, -5.91264]]], [[[39.20709, -5.87375], [39.20847, -5.86986], [39.20764, -5.87375], [39.20709, -5.87375]]], [[[39.23764, -5.84431], [39.23792, -5.85403], [39.22153, -5.86125], [39.21486, -5.85792], [39.21153, -5.84736], [39.22097, -5.75486], [39.22875, -5.80097], [39.23347, -5.80542], [39.23986, -5.80347], [39.2407, -5.79014], [39.24486, -5.79625], [39.23931, -5.81958], [39.23264, -5.82125], [39.2332, -5.81625], [39.23014, -5.81958], [39.23764, -5.84403], [39.23764, -5.84431]]], [[[39.23958, -5.85542], [39.24181, -5.85597], [39.23931, -5.85542], [39.23958, -5.85542]]], [[[39.25569, -5.82069], [39.24903, -5.83014], [39.24708, -5.82292], [39.25125, -5.81597], [39.25542, -5.81375], [39.25569, -5.8193], [39.25569, -5.82069]]], [[[39.38514, -5.82125], [39.3818, -5.8218], [39.38514, -5.82096], [39.38514, -5.82125]]], [[[39.28208, -5.77903], [39.28319, -5.78903], [39.27486, -5.78542], [39.28181, -5.77903], [39.28208, -5.77903]]], [[[39.28736, -5.77042], [39.28375, -5.77764], [39.2832, -5.76986], [39.28736, -5.77014], [39.28736, -5.77042]]], [[[39.28319, -5.76208], [39.28208, -5.76458], [39.28264, -5.76208], [39.28319, -5.76208]]]]}}, {"type": "Feature", "properties": {"name": "Katavi"}, "geometry": {"type": "MultiPolygon", "coordinates": [[[[31.78559, -7.60544], [31.69587, -7.59509], [31.59235, -7.59164], [31.54028, -7.56884], [31.52483, -7.53117], [31.51176, -7.53013], [31.49223, -7.5105], [31.48588, -7.48904], [31.48711, -7.46213], [31.49375, -7.45039], [31.48645, -7.4499], [31.48185, -7.41766], [31.47673, -7.41014], [31.43761, -7.41827], [31.43132, -7.42359], [31.43, -7.4685], [31.376, -7.4728], [31.35453, -7.42805], [31.33997, -7.35271], [31.3462, -7.25244], [31.33708, -7.24591], [31.32335, -7.24796], [31.3074, -7.23391], [31.28466, -7.23066], [31.27368, -7.21927], [31.26039, -7.21459], [31.24352, -7.21347], [31.2323, -7.21876], [31.18303, -7.21066], [31.16183, -7.21982], [31.1434, -7.19622], [31.14735, -7.1768], [31.0802, -7.12922], [31.04597, -7.11602], [31.00377, -7.11736], [30.98615, -7.11354], [30.95385, -7.07477], [30.97078, -6.98265], [30.9702, -6.96742], [30.94957, -6.94211], [30.85108, -6.92019], [30.78744, -6.9151], [30.75113, -6.90076], [30.6956, -6.88845], [30.62807, -6.89152], [30.55091, -6.91022], [30.50376, -6.91504], [30.23406, -7.01804], [30.18375, -6.94033], [30.14081, -6.88993], [30.08506, -6.83607], [29.98451, -6.7635], [30.24575, -6.57282], [30.25362, -6.57263], [30.25957, -6.56495], [30.25702, -6.55215], [30.27161, -6.54162], [30.26779, -6.53355], [30.27772, -6.5248], [30.27618, -6.51985], [30.28065, -6.51795], [30.27875, -6.51288], [30.28617, -6.4999], [30.28249, -6.48867], [30.27271, -6.48623], [30.25934, -6.41305], [30.26223, -6.35264], [30.25604, -6.3089], [30.25901, -6.23242], [30.254, -6.20732], [30.25684, -6.1294], [30.25216, -6.10454], [30.21493, -5.99651], [30.18707, -5.96144], [30.1848, -5.95107], [30.19132, -5.90996], [30.18117, -5.84429], [30.18696, -5.82729], [30.17858, -5.81735], [30.17676, -5.80197], [30.15979, -5.78299], [30.14619, -5.77744], [30.15307, -5.76362], [30.14673, -5.73458], [30.1315, -5.72104], [30.12741, -5.70547], [30.08892, -5.66559], [30.08601, -5.64446], [30.09216, -5.6185], [30.08635, -5.60454], [30.08886, -5.5979], [30.07625, -5.59235], [30.08307, -5.58195], [30.0742, -5.58516], [30.07672, -5.57682], [30.06695, -5.57573], [30.06273, -5.58511], [30.04503, -5.58097], [30.04181, -5.57521], [30.02617, -5.57566], [30.03323, -5.54449], [30.0148, -5.55602], [30.01354, -5.54883], [30.02059, -5.54495], [30.02324, -5.53609], [30.00241, -5.53272], [30.00468, -5.52347], [30.04049, -5.49897], [30.04458, -5.48894], [30.04109, -5.48318], [30.0442, -5.45905], [30.01367, -5.44323], [29.99415, -5.44027], [29.97066, -5.42331], [29.93448, -5.36557], [29.91555, -5.34916], [29.90367, -5.32874], [29.98497, -5.34728], [30.05883, -5.34294], [30.07983, -5.33678], [30.0981, -5.30214], [30.09308, -5.28789], [30.1057, -5.19209], [30.11814, -5.18567], [30.14836, -5.19355], [30.16929, -5.1899], [30.17143, -5.21387], [30.16701, -5.22696], [30.17916, -5.239], [30.22629, -5.22423], [30.24319, -5.17537], [30.25204, -5.18036], [30.30839, -5.16504], [30.35274, -5.16386], [30.44531, -5.14729], [30.46396, -5.14698], [30.47762, -5.153], [30.50001, -5.14702], [30.53516, -5.15059], [30.55453, -5.14331], [30.56221, -5.15402], [30.55452, -5.17064], [30.55692, -5.18319], [30.61049, -5.20014], [30.62044, -5.17716], [30.63357, -5.16722], [30.65682, -5.16721], [30.65892, -5.15311], [30.67863, -5.13565], [30.70323, -5.13946], [30.71432, -5.17917], [30.7231, -5.18312], [30.73008, -5.19941], [30.74335, -5.20396], [30.74262, -5.2164], [30.75512, -5.21997], [30.76764, -5.24313], [30.79278, -5.2563], [30.80377, -5.25706], [30.80733, -5.26306], [30.81356, -5.25973], [30.81498, -5.26357], [30.82477, -5.26408], [30.83383, -5.2725], [30.82682, -5.29523], [30.83199, -5.31968], [30.84415, -5.32739], [30.85923, -5.3205], [30.86424, -5.32315], [30.87527, -5.31217], [30.90966, -5.31491], [30.91323, -5.2986], [30.97547, -5.29078], [31.00111, -5.26196], [31.03695, -5.25793], [31.03696, -5.25422], [31.01865, -5.24966], [31.02587, -5.24597], [31.0446, -5.24446], [31.04574, -5.25483], [31.06758, -5.2547], [31.13636, -5.27524], [31.18256, -5.2812], [31.18762, -5.38024], [31.1831, -5.39788], [31.18483, -5.43478], [31.14794, -5.46022], [31.10375, -5.46799], [31.08241, -5.48162], [31.06684, -5.49896], [31.07124, -5.5211], [31.0521, -5.53657], [31.03872, -5.5554], [31.04656, -5.57665], [31.05616, -5.58784], [31.10669, -5.61844], [31.12097, -5.64171], [31.13947, -5.647], [31.14314, -5.65254], [31.13869, -5.67257], [31.15751, -5.68051], [31.15826, -5.68536], [31.14352, -5.6942], [31.14095, -5.70107], [31.15504, -5.71449], [31.15841, -5.72715], [31.15869, -5.7455], [31.14487, -5.76199], [31.14642, -5.76868], [31.16961, -5.76434], [31.1923, -5.7428], [31.20335, -5.74047], [31.216, -5.75607], [31.2299, -5.75687], [31.24253, -5.74718], [31.25372, -5.78594], [31.27026, -5.79574], [31.27787, -5.80619], [31.29328, -5.80595], [31.31002, -5.7848], [31.32002, -5.78614], [31.35997, -5.79917], [31.38077, -5.79502], [31.41856, -5.82859], [31.47935, -5.82665], [31.48958, -5.83537], [31.49433, -5.83327], [31.4875, -5.82851], [31.49357, -5.82036], [31.50225, -5.82091], [31.51223, -5.83016], [31.51277, -5.82542], [31.52013, -5.82649], [31.52411, -5.81596], [31.55281, -5.80734], [31.55805, -5.8142], [31.56517, -5.8108], [31.58458, -5.83614], [31.593, -5.83406], [31.59777, -5.82195], [31.6025, -5.82538], [31.61434, -5.82278], [31.61196, -5.82804], [31.6172, -5.83912], [31.62509, -5.83941], [31.63592, -5.82283], [31.66196, -5.82948], [31.67883, -5.81476], [31.68698, -5.82111], [31.70282, -5.79822], [31.69889, -5.7903], [31.70522, -5.78373], [31.71889, -5.79035], [31.72022, -5.78139], [31.73419, -5.7722], [31.73421, -5.76192], [31.73922, -5.75929], [31.74736, -5.76379], [31.76817, -5.75277], [31.7777, -5.72881], [31.78401, -5.72882], [31.79166, -5.72093], [31.79454, -5.72726], [31.80191, -5.72649], [31.80454, -5.72465], [31.79955, -5.72068], [31.80587, -5.71806], [31.82719, -5.71468], [31.82349, -5.72231], [31.83218, -5.72049], [31.83663, -5.73077], [31.8732, -5.73559], [31.87505, -5.73138], [31.88557, -5.73245], [31.89082, -5.73668], [31.88818, -5.74168], [31.89502, -5.74538], [31.91187, -5.73936], [31.92263, -5.75308], [31.9358, -5.74678], [31.96077, -5.75391], [31.96921, -5.74549], [31.97901, -5.75676], [32.0038, -5.75868], [32.00893, -5.7657], [32.02578, -5.7648], [32.03303, -5.78607], [32.02858, -5.79472], [32.04197, -5.81289], [32.04465, -5.82485], [32.05395, -5.83304], [32.06345, -5.83044], [32.07225, -5.83574], [32.08535, -5.85414], [32.08955, -5.87054], [32.08455, -5.90744], [32.09145, -5.91354], [32.08365, -5.91904], [32.09385, -5.93034], [32.09625, -5.94073], [32.09215, -5.95123], [32.11395, -5.95793], [32.11425, -5.97863], [32.12197, -5.98343], [32.11215, -5.99643], [32.13304, -6.00855], [32.13451, -6.02802], [32.14967, -6.0316], [32.13982, -6.04041], [32.14893, -6.04297], [32.15546, -6.06077], [32.15989, -6.05929], [32.16992, -6.06873], [32.16326, -6.08264], [32.17139, -6.08584], [32.167, -6.10574], [32.18024, -6.11032], [32.17611, -6.11386], [32.18842, -6.12962], [32.18024, -6.14631], [32.18397, -6.15162], [32.19027, -6.14867], [32.19086, -6.159], [32.20142, -6.16374], [32.19974, -6.17168], [32.20672, -6.17753], [32.20385, -6.182], [32.21016, -6.19031], [32.22243, -6.19793], [32.24076, -6.19887], [32.2478, -6.21534], [32.25885, -6.22279], [32.2695, -6.21922], [32.29219, -6.24199], [32.30246, -6.24001], [32.30404, -6.23112], [32.31637, -6.2309], [32.31586, -6.23691], [32.32866, -6.23461], [32.33547, -6.22802], [32.35726, -6.23561], [32.36353, -6.24785], [32.40383, -6.26366], [32.40865, -6.27721], [32.43224, -6.29442], [32.43546, -6.29151], [32.44255, -6.30439], [32.46422, -6.30557], [32.47747, -6.3113], [32.47919, -6.30463], [32.49416, -6.308], [32.50046, -6.3048], [32.51263, -6.31637], [32.54799, -6.31163], [32.5533, -6.31943], [32.56196, -6.3175], [32.56893, -6.32403], [32.57613, -6.32349], [32.58236, -6.3332], [32.59244, -6.33385], [32.59336, -6.33784], [32.61856, -6.3299], [32.64589, -6.33184], [32.64952, -6.34045], [32.65635, -6.34097], [32.66427, -6.36274], [32.68367, -6.37119], [32.6927, -6.3877], [32.70201, -6.39365], [32.72433, -6.39209], [32.75429, -6.40909], [32.75955, -6.61796], [32.7557, -6.7388], [32.75094, -6.73873], [32.74741, -6.76045], [32.74615, -6.99978], [32.58421, -7.00264], [32.57635, -7.03513], [32.59029, -7.0748], [32.58226, -7.09228], [32.55656, -7.10472], [32.54687, -7.1181], [32.53226, -7.11593], [32.52619, -7.12673], [32.48773, -7.13392], [32.49019, -7.15278], [32.47766, -7.15311], [32.46431, -7.14541], [32.45518, -7.15031], [32.40282, -7.19204], [32.37037, -7.20349], [32.32534, -7.23164], [32.31989, -7.2426], [32.27968, -7.27163], [32.26805, -7.36506], [32.21115, -7.46426], [32.21022, -7.47675], [32.20092, -7.48394], [32.1991, -7.49513], [32.19173, -7.50336], [32.19093, -7.51829], [32.17622, -7.52122], [32.14928, -7.51705], [32.1273, -7.54095], [32.10582, -7.51246], [32.09898, -7.51245], [32.0902, -7.52079], [32.0895, -7.54731], [32.08314, -7.56428], [32.04358, -7.60745], [31.98707, -7.77407], [31.91671, -7.70896], [31.78559, -7.60544]]]]}}, {"type": "Feature", "properties": {"name": "Kigoma"}, "geometry": {"type": "MultiPolygon", "coordinates": [[[[29.66248, -4.44682], [29.69097, -4.45051], [29.70708, -4.46245], [29.71768, -4.45532], [29.72601, -4.46219], [29.73568, -4.4557], [29.74288, -4.45802], [29.74414, -4.46641], [29.75773, -4.46869], [29.7693, -4.45595], [29.76383, -4.4495], [29.76526, -4.42757], [29.77522, -4.41274], [29.7832, -4.41442], [29.79586, -4.40225], [29.81423, -4.36476], [29.81832, -4.367], [29.8263, -4.36112], [29.83341, -4.36839], [29.8451, -4.36908], [29.85119, -4.38189], [29.87428, -4.3815], [29.87355, -4.36912], [29.88468, -4.36976], [29.88729, -4.35632], [29.89691, -4.3528], [29.90101, -4.35637], [29.9095, -4.34893], [29.91194, -4.35299], [29.94249, -4.34012], [29.96326, -4.32347], [29.96932, -4.30352], [29.98709, -4.29678], [29.99177, -4.3025], [29.99438, -4.29344], [29.9987, -4.2998], [30.00371, -4.28096], [30.01341, -4.28519], [30.02021, -4.27606], [30.02495, -4.28127], [30.03105, -4.27306], [30.03649, -4.27763], [30.04381, -4.27517], [30.04732, -4.25997], [30.04372, -4.25674], [30.05404, -4.25723], [30.05167, -4.24429], [30.04706, -4.24369], [30.05474, -4.2419], [30.05677, -4.23045], [30.05285, -4.22307], [30.05718, -4.22183], [30.06297, -4.20111], [30.07078, -4.19605], [30.07516, -4.17247], [30.08555, -4.16055], [30.10865, -4.15317], [30.11691, -4.13933], [30.12369, -4.14094], [30.12359, -4.13592], [30.13334, -4.13469], [30.1588, -4.11539], [30.16695, -4.10029], [30.1802, -4.08854], [30.17665, -4.08502], [30.18375, -4.07803], [30.19078, -4.05188], [30.19607, -4.04624], [30.20464, -4.04803], [30.22791, -4.01784], [30.23018, -4.01082], [30.21932, -4.00582], [30.21423, -3.99092], [30.2273, -3.9744], [30.2349, -3.94321], [30.23198, -3.94106], [30.24116, -3.92917], [30.24013, -3.92364], [30.25011, -3.91884], [30.25995, -3.89232], [30.25656, -3.88388], [30.27915, -3.87432], [30.30884, -3.84529], [30.31201, -3.83874], [30.30866, -3.83257], [30.32324, -3.81627], [30.32493, -3.81011], [30.32119, -3.80915], [30.33019, -3.78512], [30.34749, -3.77417], [30.35946, -3.78144], [30.36697, -3.77559], [30.3759, -3.77573], [30.38586, -3.78009], [30.38554, -3.78813], [30.39613, -3.79093], [30.3968, -3.79772], [30.41038, -3.78439], [30.41057, -3.76647], [30.40453, -3.76137], [30.39832, -3.73109], [30.39082, -3.72817], [30.39203, -3.71618], [30.38702, -3.71431], [30.39098, -3.70485], [30.39877, -3.70343], [30.40514, -3.68662], [30.40899, -3.68823], [30.40558, -3.67977], [30.41193, -3.67727], [30.40846, -3.67114], [30.41597, -3.66627], [30.42223, -3.64125], [30.4281, -3.64167], [30.43304, -3.63293], [30.4301, -3.62463], [30.44368, -3.61971], [30.45708, -3.60635], [30.45802, -3.59341], [30.45082, -3.59163], [30.4572, -3.58344], [30.45653, -3.57557], [30.44908, -3.57604], [30.44606, -3.56808], [30.46148, -3.55649], [30.47159, -3.53998], [30.4891, -3.52805], [30.49215, -3.52059], [30.50032, -3.51718], [30.51439, -3.52989], [30.5353, -3.50374], [30.56471, -3.49448], [30.6045, -3.46946], [30.61877, -3.46639], [30.66099, -3.43245], [30.6725, -3.41857], [30.67814, -3.39852], [30.66516, -3.38734], [30.64693, -3.38495], [30.64602, -3.3747], [30.63442, -3.36151], [30.66693, -3.31986], [30.68539, -3.31729], [30.72113, -3.30198], [30.73018, -3.28699], [30.73033, -3.27447], [30.73998, -3.26777], [30.74447, -3.26893], [30.74758, -3.28669], [30.75771, -3.29259], [30.79802, -3.27904], [30.84278, -3.25405], [30.82593, -3.24674], [30.81342, -3.22423], [30.82081, -3.21356], [30.84817, -3.20706], [30.83828, -3.1927], [30.84582, -3.16261], [30.83421, -3.14312], [30.82138, -3.15033], [30.81787, -3.14682], [30.83022, -3.12893], [30.83647, -3.09459], [30.82971, -3.08401], [30.81392, -3.08125], [30.79526, -3.05424], [30.81491, -3.0429], [30.81696, -3.02819], [30.82609, -3.01192], [30.85128, -2.97866], [30.85237, -2.96763], [30.87837, -2.93093], [30.89397, -2.92284], [30.91716, -2.89279], [30.94224, -2.8776], [30.96047, -2.85604], [30.97117, -2.85314], [30.99071, -2.83354], [31.00883, -2.83058], [31.02679, -2.85314], [31.02962, -2.87292], [31.04961, -2.89549], [31.04968, -2.92378], [31.05849, -2.92954], [31.06637, -2.92632], [31.06967, -2.94586], [31.08167, -2.9707], [31.0753, -3.00125], [31.06716, -3.00994], [31.07319, -3.03496], [31.06129, -3.04455], [31.06073, -3.05489], [31.05024, -3.06708], [31.05077, -3.07582], [31.04064, -3.08332], [31.03578, -3.10365], [31.03161, -3.10421], [31.02677, -3.11892], [31.01597, -3.13082], [31.00977, -3.15891], [30.98878, -3.18186], [30.98867, -3.18901], [30.99621, -3.19689], [31.00109, -3.19456], [31.00439, -3.19987], [31.01387, -3.20015], [31.00839, -3.21102], [31.01706, -3.21616], [31.02917, -3.21051], [31.03589, -3.1877], [31.08087, -3.18481], [31.10707, -3.21061], [31.12049, -3.2314], [31.11597, -3.25281], [31.11741, -3.27817], [31.13658, -3.3416], [31.15353, -3.36253], [31.15164, -3.38019], [31.17054, -3.40262], [31.16557, -3.40489], [31.16715, -3.41073], [31.17284, -3.41766], [31.19227, -3.42447], [31.19701, -3.44151], [31.19429, -3.45258], [31.20949, -3.46585], [31.21311, -3.47563], [31.21299, -3.49215], [31.19984, -3.49988], [31.1973, -3.50952], [31.20274, -3.52426], [31.21421, -3.53103], [31.21034, -3.56161], [31.2189, -3.58065], [31.21218, -3.58407], [31.21633, -3.60826], [31.21242, -3.62792], [31.22427, -3.64869], [31.22451, -3.67703], [31.24931, -3.71086], [31.29476, -3.73358], [31.30111, -3.75484], [31.31638, -3.77328], [31.31785, -3.80028], [31.34485, -3.83692], [31.34497, -3.85158], [31.35413, -3.86465], [31.35401, -3.89934], [31.36329, -3.91656], [31.36647, -3.94906], [31.37917, -3.96737], [31.37502, -4.01416], [31.38113, -4.02222], [31.36733, -4.04372], [31.35816, -4.04238], [31.36146, -4.06302], [31.35267, -4.06033], [31.34729, -4.06375], [31.34485, -4.10455], [31.33446, -4.12068], [31.33568, -4.12825], [31.32945, -4.13582], [31.33324, -4.13973], [31.32896, -4.14462], [31.33202, -4.15292], [31.3413, -4.15756], [31.33972, -4.17015], [31.34814, -4.1765], [31.34362, -4.19116], [31.35022, -4.20618], [31.3446, -4.21791], [31.34949, -4.21864], [31.34802, -4.22646], [31.35596, -4.23623], [31.36305, -4.23159], [31.36928, -4.23867], [31.36329, -4.24698], [31.3694, -4.24893], [31.36468, -4.29431], [31.36998, -4.30476], [31.39602, -4.31972], [31.39946, -4.34343], [31.41864, -4.36962], [31.41349, -4.38381], [31.42222, -4.39457], [31.41599, -4.40658], [31.42238, -4.42388], [31.4188, -4.43761], [31.42799, -4.45647], [31.42534, -4.46661], [31.43751, -4.47066], [31.4464, -4.45975], [31.45815, -4.45978], [31.45617, -4.46778], [31.46665, -4.47482], [31.46595, -4.50256], [31.45959, -4.50638], [31.4591, -4.51751], [31.47334, -4.53281], [31.47373, -4.54671], [31.48049, -4.54871], [31.4762, -4.56157], [31.48219, -4.5851], [31.49146, -4.58868], [31.48444, -4.6079], [31.49283, -4.62852], [31.48487, -4.6516], [31.46856, -4.67238], [31.46698, -4.68398], [31.43208, -4.70782], [31.42438, -4.7008], [31.40896, -4.70118], [31.40257, -4.71539], [31.3867, -4.72904], [31.39377, -4.73648], [31.39167, -4.74317], [31.39665, -4.7506], [31.3938, -4.76858], [31.40203, -4.7686], [31.39533, -4.78343], [31.39818, -4.80853], [31.38744, -4.81279], [31.37639, -4.81066], [31.37827, -4.81832], [31.36442, -4.82905], [31.35913, -4.84626], [31.34408, -4.85818], [31.33785, -4.87132], [31.31298, -4.89901], [31.30792, -4.92124], [31.25662, -4.93091], [31.24492, -4.93734], [31.23534, -4.95096], [31.23952, -4.99616], [31.24979, -4.99966], [31.26149, -5.01545], [31.24963, -5.03358], [31.24756, -5.05793], [31.21118, -5.11137], [31.20543, -5.15266], [31.21896, -5.16144], [31.22162, -5.17113], [31.22093, -5.17799], [31.20358, -5.19288], [31.20342, -5.19987], [31.20863, -5.21697], [31.23438, -5.22809], [31.247, -5.24324], [31.22613, -5.24282], [31.21005, -5.25885], [31.18747, -5.25325], [31.18089, -5.25665], [31.18256, -5.2812], [31.13636, -5.27524], [31.06758, -5.2547], [31.04574, -5.25483], [31.0446, -5.24446], [31.02587, -5.24597], [31.01865, -5.24966], [31.03696, -5.25422], [31.03695, -5.25793], [31.00111, -5.26196], [30.97547, -5.29078], [30.91323, -5.2986], [30.90966, -5.31491], [30.87527, -5.31217], [30.86424, -5.32315], [30.85923, -5.3205], [30.84415, -5.32739], [30.83199, -5.31968], [30.82682, -5.29523], [30.83383, -5.2725], [30.82477, -5.26408], [30.81498, -5.26357], [30.81356, -5.25973], [30.80733, -5.26306], [30.80377, -5.25706], [30.79278, -5.2563], [30.76764, -5.24313], [30.75512, -5.21997], [30.74262, -5.2164], [30.74335, -5.20396], [30.73008, -5.19941], [30.7231, -5.18312], [30.71432, -5.17917], [30.70323, -5.13946], [30.67863, -5.13565], [30.65892, -5.15311], [30.65682, -5.16721], [30.63357, -5.16722], [30.62044, -5.17716], [30.61049, -5.20014], [30.55692, -5.18319], [30.55452, -5.17064], [30.56221, -5.15402], [30.55453, -5.14331], [30.53516, -5.15059], [30.50001, -5.14702], [30.47762, -5.153], [30.46396, -5.14698], [30.44531, -5.14729], [30.35274, -5.16386], [30.30839, -5.16504], [30.25204, -5.18036], [30.24319, -5.17537], [30.22629, -5.22423], [30.17916, -5.239], [30.16701, -5.22696], [30.17143, -5.21387], [30.16929, -5.1899], [30.14836, -5.19355], [30.11814, -5.18567], [30.1057, -5.19209], [30.09308, -5.28789], [30.0981, -5.30214], [30.07983, -5.33678], [30.05883, -5.34294], [29.98497, -5.34728], [29.90367, -5.32874], [29.91555, -5.34916], [29.93448, -5.36557], [29.97066, -5.42331], [29.99415, -5.44027], [30.01367, -5.44323], [30.0442, -5.45905], [30.04109, -5.48318], [30.04458, -5.48894], [30.04049, -5.49897], [30.00468, -5.52347], [30.00241, -5.53272], [30.02324, -5.53609], [30.02059, -5.54495], [30.01354, -5.54883], [30.0148, -5.55602], [30.03323, -5.54449], [30.02617, -5.57566], [30.04181, -5.57521], [30.04503, -5.58097], [30.06273, -5.58511], [30.06695, -5.57573], [30.07672, -5.57682], [30.0742, -5.58516], [30.08307, -5.58195], [30.07625, -5.59235], [30.08886, -5.5979], [30.08635, -5.60454], [30.09216, -5.6185], [30.08601, -5.64446], [30.08892, -5.66559], [30.12741, -5.70547], [30.1315, -5.72104], [30.14673, -5.73458], [30.15307, -5.76362], [30.14619, -5.77744], [30.15979, -5.78299], [30.17676, -5.80197], [30.17858, -5.81735], [30.18696, -5.82729], [30.18117, -5.84429], [30.19132, -5.90996], [30.1848, -5.95107], [30.18707, -5.96144], [30.21493, -5.99651], [30.25216, -6.10454], [30.25684, -6.1294], [30.254, -6.20732], [30.25901, -6.23242], [30.25604, -6.3089], [30.26223, -6.35264], [30.25934, -6.41305], [30.27271, -6.48623], [30.28249, -6.48867], [30.28617, -6.4999], [30.27875, -6.51288], [30.28065, -6.51795], [30.27618, -6.51985], [30.27772, -6.5248], [30.26779, -6.53355], [30.27161, -6.54162], [30.25702, -6.55215], [30.25957, -6.56495], [30.25362, -6.57263], [30.24575, -6.57282], [29.98451, -6.7635], [29.90597, -6.708], [29.82697, -6.643], [29.79198, -6.609], [29.7466, -6.55352], [29.65488, -6.41303], [29.60701, -6.29019], [29.58898, -6.22], [29.57802, -6.10169], [29.57818, -5.96287], [29.59998, -5.856], [29.60698, -5.77484], [29.59898, -5.664], [29.57598, -5.556], [29.52975, -5.41508], [29.43898, -5.203], [29.37309, -5.01692], [29.33715, -4.8536], [29.32854, -4.77407], [29.32717, -4.69891], [29.33562, -4.65141], [29.38638, -4.54075], [29.39431, -4.5054], [29.39148, -4.44525], [29.66125, -4.44659], [29.66248, -4.44682]]], [[[31.45855, -4.45952], [31.46194, -4.46209], [31.4585, -4.45955], [31.45855, -4.45952]]]]}}, {"type": "Feature", "properties": {"name": "Kilimanjaro"}, "geometry": {"type": "MultiPolygon", "coordinates": [[[[38.12089, -4.53291], [38.11948, -4.5749], [38.11501, -4.5883], [38.10608, -4.60125], [38.07972, -4.61496], [38.05063, -4.61602], [38.03821, -4.59578], [38.02405, -4.60056], [38.00602, -4.59371], [37.99777, -4.61393], [37.98999, -4.60641], [37.96767, -4.59813], [37.95838, -4.60165], [37.9558, -4.59709], [37.93503, -4.59951], [37.93547, -4.58924], [37.94085, -4.58667], [37.93383, -4.57632], [37.9231, -4.5812], [37.91486, -4.57933], [37.91277, -4.5848], [37.89676, -4.5848], [37.88787, -4.57833], [37.87436, -4.58821], [37.86243, -4.57741], [37.85365, -4.58216], [37.84432, -4.5723], [37.83789, -4.57852], [37.82698, -4.57978], [37.81108, -4.5975], [37.79176, -4.60742], [37.77673, -4.60919], [37.76296, -4.59776], [37.75739, -4.60889], [37.74274, -4.58223], [37.73483, -4.58399], [37.73161, -4.57696], [37.72018, -4.57725], [37.71769, -4.5648], [37.68914, -4.55297], [37.68579, -4.53391], [37.67379, -4.52942], [37.67401, -4.5256], [37.66242, -4.52444], [37.65641, -4.51747], [37.6304, -4.52302], [37.61872, -4.51357], [37.61672, -4.50435], [37.60567, -4.50409], [37.60263, -4.49626], [37.5928, -4.49617], [37.58261, -4.48504], [37.58479, -4.48103], [37.57087, -4.47677], [37.57105, -4.4705], [37.55403, -4.46975], [37.54346, -4.45477], [37.52477, -4.44224], [37.52613, -4.43749], [37.50676, -4.41156], [37.50774, -4.40596], [37.49924, -4.40105], [37.49258, -4.38084], [37.49688, -4.37278], [37.49249, -4.35297], [37.50768, -4.33991], [37.4965, -4.3213], [37.4945, -4.30851], [37.50858, -4.29959], [37.50878, -4.28499], [37.51369, -4.28034], [37.50493, -4.26759], [37.50366, -4.24108], [37.49472, -4.22444], [37.49919, -4.21277], [37.49646, -4.19563], [37.50316, -4.18347], [37.49646, -4.17229], [37.50739, -4.15913], [37.50813, -4.14523], [37.51558, -4.13546], [37.5136, -4.10574], [37.50763, -4.09929], [37.50615, -4.08588], [37.51188, -4.08261], [37.50267, -4.07247], [37.50291, -4.06378], [37.49795, -4.06328], [37.49099, -4.05236], [37.49522, -4.04242], [37.48912, -4.02101], [37.48033, -4.0204], [37.4708, -4.01171], [37.47207, -3.99329], [37.46322, -3.9799], [37.46669, -3.97616], [37.46033, -3.95798], [37.467, -3.94586], [37.45872, -3.93159], [37.46555, -3.92691], [37.46828, -3.91568], [37.46011, -3.90061], [37.46431, -3.89104], [37.45016, -3.88549], [37.45547, -3.87606], [37.45254, -3.8702], [37.45718, -3.87098], [37.45076, -3.86337], [37.4574, -3.86335], [37.46013, -3.85852], [37.46009, -3.83561], [37.46672, -3.83141], [37.46864, -3.82252], [37.46308, -3.80351], [37.42824, -3.75031], [37.42941, -3.74348], [37.4119, -3.70277], [37.40879, -3.66897], [37.39649, -3.67211], [37.34221, -3.63076], [37.33101, -3.59366], [37.31474, -3.57851], [37.31197, -3.56614], [37.30641, -3.56256], [37.30972, -3.55297], [37.30514, -3.54658], [37.30259, -3.54866], [37.29797, -3.53451], [37.30701, -3.51526], [37.30053, -3.5018], [37.277, -3.49306], [37.26036, -3.49788], [37.22925, -3.48907], [37.22111, -3.46835], [37.21556, -3.46723], [37.21286, -3.45452], [37.19407, -3.45094], [37.18361, -3.46056], [37.1756, -3.45403], [37.16462, -3.45473], [37.13902, -3.48742], [37.12708, -3.48168], [37.11249, -3.48208], [37.11047, -3.47661], [37.08916, -3.49012], [37.07225, -3.4882], [37.06121, -3.49254], [37.05497, -3.37325], [37.06399, -3.3696], [37.0651, -3.35719], [37.04522, -3.29708], [37.04585, -3.27843], [37.03019, -3.2575], [36.99738, -3.25476], [36.99736, -3.23145], [36.98065, -3.23051], [36.98023, -3.20947], [36.94075, -3.20781], [36.93583, -3.1842], [36.92744, -3.18841], [36.90932, -3.18753], [36.90886, -3.16653], [36.89045, -3.13534], [36.9047, -3.11977], [36.916, -3.07984], [36.93527, -3.04237], [36.93244, -2.99691], [36.93569, -2.98404], [36.98014, -2.97488], [36.99304, -2.98022], [37.03551, -2.96339], [37.03736, -2.95035], [37.06371, -2.93811], [37.06946, -2.92224], [37.09712, -2.88554], [37.12653, -2.86009], [37.2515, -2.852], [37.36533, -2.88088], [37.40965, -2.90533], [37.43312, -2.91011], [37.54888, -2.97746], [37.6207, -3.0256], [37.61605, -3.02683], [37.67257, -3.0677], [37.71141, -3.30553], [37.68562, -3.32361], [37.68562, -3.35121], [37.68084, -3.3571], [37.66427, -3.35894], [37.64111, -3.37811], [37.58545, -3.44047], [37.58545, -3.46209], [37.62715, -3.46725], [37.60832, -3.49742], [37.60355, -3.5206], [37.62649, -3.53078], [37.6737, -3.509], [37.70205, -3.53038], [37.74409, -3.54413], [37.76801, -3.63327], [37.7858, -3.6771], [38.40446, -4.11112], [38.23956, -4.36696], [38.12106, -4.53294], [38.12089, -4.53291]]]]}}, {"type": "Feature", "properties": {"name": "Kusini Pemba"}, "geometry": {"type": "MultiPolygon", "coordinates": [[[[39.58569, -5.41097], [39.59097, -5.41764], [39.59069, -5.41153], [39.59903, -5.41681], [39.60014, -5.41181], [39.6082, -5.42792], [39.60514, -5.43431], [39.61764, -5.42764], [39.61986, -5.44069], [39.61375, -5.44514], [39.61903, -5.45069], [39.62375, -5.44319], [39.63208, -5.45236], [39.63486, -5.44625], [39.63681, -5.45097], [39.64514, -5.44653], [39.6507, -5.45153], [39.65958, -5.45014], [39.6693, -5.46986], [39.65875, -5.46153], [39.64986, -5.46819], [39.6507, -5.48681], [39.64125, -5.4793], [39.63375, -5.48236], [39.63208, -5.46653], [39.61958, -5.46375], [39.61597, -5.46847], [39.61431, -5.45792], [39.60959, -5.45542], [39.6032, -5.46069], [39.59819, -5.43903], [39.58958, -5.44014], [39.58681, -5.42931], [39.56986, -5.41431], [39.58542, -5.41097], [39.58569, -5.41097]]], [[[39.66542, -5.43347], [39.63764, -5.43458], [39.62986, -5.40819], [39.63208, -5.39403], [39.6418, -5.38819], [39.6432, -5.38153], [39.64292, -5.37319], [39.63708, -5.3707], [39.64431, -5.36236], [39.6418, -5.33986], [39.64986, -5.33486], [39.65486, -5.31847], [39.65458, -5.32597], [39.66347, -5.33736], [39.67153, -5.33403], [39.6743, -5.3393], [39.67736, -5.33514], [39.68514, -5.34097], [39.67847, -5.33292], [39.67736, -5.32236], [39.67014, -5.31986], [39.66819, -5.30375], [39.65403, -5.2882], [39.66681, -5.2832], [39.6818, -5.29097], [39.69014, -5.27708], [39.69403, -5.28236], [39.70625, -5.28403], [39.68847, -5.27264], [39.69125, -5.26625], [39.68625, -5.25875], [39.68764, -5.25125], [39.70736, -5.25569], [39.72736, -5.24208], [39.75597, -5.25542], [39.74903, -5.24931], [39.7518, -5.24208], [39.71819, -5.23375], [39.70153, -5.21736], [39.68597, -5.21597], [39.67875, -5.22264], [39.6707, -5.21958], [39.6693, -5.21431], [39.64736, -5.20264], [39.64736, -5.18764], [39.65653, -5.18708], [39.66514, -5.19736], [39.66431, -5.20736], [39.67431, -5.21403], [39.68653, -5.21097], [39.68903, -5.20347], [39.69431, -5.20819], [39.71625, -5.20597], [39.71958, -5.21125], [39.72347, -5.19819], [39.73208, -5.20681], [39.7407, -5.20486], [39.74181, -5.19542], [39.73514, -5.19764], [39.73847, -5.19236], [39.73431, -5.18764], [39.74486, -5.18431], [39.74658, -5.17374], [39.76617, -5.16079], [39.79001, -5.16525], [39.79297, -5.21086], [39.79886, -5.20522], [39.81645, -5.20308], [39.82032, -5.19555], [39.85458, -5.19411], [39.84153, -5.25264], [39.83569, -5.26292], [39.82764, -5.25736], [39.82958, -5.26375], [39.83736, -5.26542], [39.83931, -5.27347], [39.83125, -5.27042], [39.8257, -5.27792], [39.8307, -5.27347], [39.83625, -5.27708], [39.82264, -5.31403], [39.81903, -5.31375], [39.81958, -5.32125], [39.81125, -5.32514], [39.80931, -5.33514], [39.8032, -5.33097], [39.80069, -5.34153], [39.81125, -5.34958], [39.80653, -5.36125], [39.80958, -5.36347], [39.80542, -5.37181], [39.79458, -5.36986], [39.76042, -5.41153], [39.76403, -5.41292], [39.77625, -5.3932], [39.79375, -5.37819], [39.79347, -5.38819], [39.79764, -5.39125], [39.79097, -5.38958], [39.7943, -5.39597], [39.77986, -5.41597], [39.7593, -5.43931], [39.75042, -5.44347], [39.74292, -5.44042], [39.74347, -5.45208], [39.72764, -5.45931], [39.72958, -5.47181], [39.72569, -5.47403], [39.71847, -5.45625], [39.72097, -5.44958], [39.72764, -5.4507], [39.72458, -5.44764], [39.72764, -5.4443], [39.73292, -5.44542], [39.72903, -5.44069], [39.72486, -5.44347], [39.72764, -5.43903], [39.72042, -5.43264], [39.71708, -5.43236], [39.71625, -5.44069], [39.71153, -5.43319], [39.70292, -5.43542], [39.71569, -5.44792], [39.70597, -5.45625], [39.68208, -5.43347], [39.66542, -5.43319], [39.66542, -5.43347]]], [[[39.56764, -5.39847], [39.57319, -5.40903], [39.56236, -5.40319], [39.56375, -5.39764], [39.56736, -5.39847], [39.56764, -5.39847]]], [[[39.66986, -5.4718], [39.66625, -5.47208], [39.66986, -5.47153], [39.66986, -5.4718]]], [[[39.6157, -5.36764], [39.63292, -5.38264], [39.62875, -5.38958], [39.60403, -5.37708], [39.61597, -5.36764], [39.6157, -5.36764]]], [[[39.5832, -5.3668], [39.57986, -5.37125], [39.58292, -5.3668], [39.5832, -5.3668]]], [[[39.58625, -5.3618], [39.58153, -5.36319], [39.58597, -5.3618], [39.58625, -5.3618]]], [[[39.60847, -5.23569], [39.61264, -5.24153], [39.60181, -5.24319], [39.59542, -5.25236], [39.59847, -5.2393], [39.6082, -5.23569], [39.60847, -5.23569]]]]}}, {"type": "Feature", "properties": {"name": "Kusini Unguja"}, "geometry": {"type": "MultiPolygon", "coordinates": [[[[39.57153, -6.41708], [39.56375, -6.43847], [39.53597, -6.46597], [39.51514, -6.47736], [39.48986, -6.47569], [39.46458, -6.44875], [39.45181, -6.41292], [39.44403, -6.40931], [39.42736, -6.36375], [39.43236, -6.35181], [39.4243, -6.3343], [39.41292, -6.32403], [39.41208, -6.31264], [39.40875, -6.3118], [39.40375, -6.32264], [39.38708, -6.30903], [39.41625, -6.34514], [39.41264, -6.38375], [39.41958, -6.40903], [39.4157, -6.41236], [39.40958, -6.3932], [39.40153, -6.38708], [39.39961, -6.37012], [39.39542, -6.36625], [39.38681, -6.3682], [39.38458, -6.35208], [39.38846, -6.34736], [39.37903, -6.33097], [39.37514, -6.3332], [39.36847, -6.32736], [39.36347, -6.31014], [39.34958, -6.30764], [39.33292, -6.26153], [39.31403, -6.24625], [39.30773, -6.22512], [39.28865, -6.20928], [39.28592, -6.195], [39.27545, -6.18287], [39.27957, -6.17156], [39.27001, -6.14813], [39.27084, -6.13172], [39.27909, -6.10284], [39.27597, -6.07741], [39.28728, -6.05191], [39.27966, -6.03014], [39.29589, -6.02878], [39.33054, -6.03712], [39.40542, -6.02486], [39.41042, -6.05375], [39.4318, -6.06431], [39.42569, -6.08958], [39.42875, -6.11249], [39.42569, -6.13736], [39.43736, -6.15458], [39.43819, -6.1718], [39.41875, -6.18208], [39.41459, -6.19097], [39.41958, -6.18736], [39.42042, -6.19431], [39.43347, -6.1832], [39.43403, -6.19014], [39.4357, -6.18208], [39.44403, -6.17931], [39.45681, -6.20153], [39.4557, -6.19347], [39.46347, -6.19319], [39.46097, -6.18736], [39.46458, -6.18153], [39.4707, -6.18153], [39.47514, -6.17069], [39.48014, -6.18208], [39.47625, -6.18736], [39.48931, -6.19625], [39.49375, -6.1832], [39.50653, -6.19708], [39.50459, -6.18514], [39.51069, -6.18097], [39.50459, -6.17458], [39.49792, -6.14958], [39.49042, -6.14986], [39.48875, -6.14597], [39.49264, -6.1232], [39.51069, -6.12625], [39.53542, -6.18847], [39.5332, -6.2293], [39.53708, -6.28375], [39.54375, -6.30903], [39.56931, -6.36653], [39.58097, -6.38153], [39.57153, -6.4168], [39.57153, -6.41708]]]]}}, {"type": "Feature", "properties": {"name": "Lindi"}, "geometry": {"type": "MultiPolygon", "coordinates": [[[[38.27702, -10.66129], [38.26958, -10.68066], [38.24899, -10.69257], [38.2299, -10.68987], [38.19239, -10.69677], [38.1221, -10.68526], [37.96124, -10.7353], [37.88645, -10.73629], [37.88303, -10.68493], [37.88602, -10.66824], [37.87986, -10.64917], [37.88469, -10.62814], [37.87527, -10.62045], [37.87691, -10.60998], [37.86523, -10.58019], [37.85695, -10.57611], [37.86207, -10.5698], [37.86364, -10.55004], [37.82092, -10.54356], [37.78684, -10.54847], [37.76669, -10.54266], [37.75718, -10.54786], [37.68464, -10.53156], [37.64657, -10.5144], [37.61504, -10.50843], [37.58422, -10.47756], [37.55262, -10.46655], [37.54717, -10.45773], [37.52902, -10.4532], [37.50493, -10.43856], [37.42245, -10.40328], [37.36437, -10.38185], [37.23663, -10.34639], [37.14968, -10.30006], [37.08138, -10.29324], [37.02631, -10.27878], [37.00325, -10.26461], [36.98383, -10.24483], [36.94893, -10.17312], [36.90176, -10.11242], [36.87494, -10.09393], [36.87249, -10.08585], [36.86895, -10.05172], [36.87915, -10.02388], [36.88543, -10.0202], [36.88186, -9.99288], [36.89094, -9.94146], [36.97017, -9.88869], [36.98279, -9.8714], [37.01509, -9.80336], [37.03452, -9.79665], [37.04914, -9.75704], [37.0881, -9.72252], [37.12035, -9.65757], [37.12426, -9.62843], [37.13962, -9.58683], [37.25158, -9.52409], [37.26824, -9.49953], [37.28324, -9.49812], [37.28657, -9.49203], [37.2689, -9.48658], [37.27649, -9.4686], [37.28655, -9.46508], [37.27399, -9.45787], [37.28091, -9.45299], [37.28578, -9.43991], [37.28016, -9.425], [37.28802, -9.41178], [37.27829, -9.40786], [37.2863, -9.39525], [37.29351, -9.3929], [37.28544, -9.38691], [37.28003, -9.38881], [37.28307, -9.38198], [37.27514, -9.37777], [37.28252, -9.37051], [37.28881, -9.37099], [37.28949, -9.35551], [37.30048, -9.34693], [37.30384, -9.33126], [37.31768, -9.32061], [37.31374, -9.30927], [37.32096, -9.30454], [37.32662, -9.28948], [37.33283, -9.28693], [37.3211, -9.27397], [37.33429, -9.27344], [37.33812, -9.26809], [37.32837, -9.25792], [37.33506, -9.24311], [37.34015, -9.20881], [37.37377, -9.14032], [37.38134, -9.10357], [37.38173, -9.01532], [37.40437, -8.91244], [37.41338, -8.82299], [37.41349, -8.79848], [37.40263, -8.74572], [37.40162, -8.693], [37.40798, -8.644], [37.4342, -8.55829], [37.44176, -8.51664], [37.501, -8.4801], [37.55795, -8.39817], [37.56912, -8.37247], [37.58162, -8.31979], [37.63366, -8.21822], [37.65245, -8.1202], [37.66114, -8.09693], [37.67228, -8.07367], [37.68833, -8.05533], [37.72055, -7.98065], [37.74275, -7.95864], [37.76369, -7.94645], [37.8019, -7.93453], [37.80866, -7.94734], [37.82228, -7.95326], [37.82641, -7.95058], [37.82824, -7.95934], [37.84064, -7.96955], [37.83468, -7.98207], [37.84052, -7.989], [37.84295, -8.00614], [37.8652, -8.01441], [37.88866, -8.03289], [37.99978, -8.08614], [38.13023, -8.12723], [38.48337, -8.31641], [38.48875, -8.3297], [38.49826, -8.33761], [38.49941, -8.34712], [38.51178, -8.35289], [38.51305, -8.35871], [38.5093, -8.37082], [38.5163, -8.38272], [38.51084, -8.41381], [38.51711, -8.50306], [38.62642, -8.51324], [38.71863, -8.51447], [38.74267, -8.4966], [38.79765, -8.42696], [38.81588, -8.41131], [38.84379, -8.39816], [38.9509, -8.37017], [39.0183, -8.33297], [39.09372, -8.33211], [39.12417, -8.31496], [39.16769, -8.27431], [39.18593, -8.26578], [39.20947, -8.26457], [39.21706, -8.25921], [39.24197, -8.27348], [39.24639, -8.27218], [39.24643, -8.2656], [39.27736, -8.26788], [39.29453, -8.28027], [39.31097, -8.29986], [39.30431, -8.30319], [39.29375, -8.29958], [39.30181, -8.30792], [39.29236, -8.30514], [39.28486, -8.31153], [39.28014, -8.30819], [39.26569, -8.31792], [39.28931, -8.36458], [39.3032, -8.37431], [39.31208, -8.37458], [39.29736, -8.40125], [39.30653, -8.41264], [39.29792, -8.42042], [39.30153, -8.41708], [39.30931, -8.42569], [39.29542, -8.43764], [39.29153, -8.45319], [39.28847, -8.45208], [39.29986, -8.48847], [39.29375, -8.50986], [39.30764, -8.51764], [39.31264, -8.52875], [39.31875, -8.52931], [39.31847, -8.54653], [39.32292, -8.5407], [39.34292, -8.54681], [39.33764, -8.55625], [39.34403, -8.56597], [39.33736, -8.56875], [39.35097, -8.56875], [39.35069, -8.57653], [39.33931, -8.58069], [39.35125, -8.58653], [39.36431, -8.6207], [39.3568, -8.67736], [39.3618, -8.69542], [39.37292, -8.71125], [39.36125, -8.72208], [39.38847, -8.71792], [39.39625, -8.7318], [39.41347, -8.74486], [39.42597, -8.73792], [39.43597, -8.74181], [39.44903, -8.77542], [39.44903, -8.79069], [39.46347, -8.80764], [39.46514, -8.8168], [39.47709, -8.82153], [39.47764, -8.82653], [39.48625, -8.82569], [39.49264, -8.81486], [39.4907, -8.80958], [39.49792, -8.81264], [39.49486, -8.81764], [39.49931, -8.82236], [39.49514, -8.82847], [39.51264, -8.86958], [39.5182, -8.89819], [39.53569, -8.91042], [39.55264, -8.91292], [39.55459, -8.92903], [39.55931, -8.92875], [39.52875, -8.93542], [39.51875, -8.92819], [39.51347, -8.94792], [39.48792, -8.94903], [39.4818, -8.95653], [39.48653, -8.99736], [39.4982, -9.00403], [39.50153, -9.01458], [39.4982, -9.02653], [39.50486, -9.03458], [39.49847, -9.04625], [39.49986, -9.05292], [39.48986, -9.05569], [39.50486, -9.05847], [39.51236, -9.06875], [39.49958, -9.07208], [39.49597, -9.08069], [39.48653, -9.08236], [39.47958, -9.09319], [39.48486, -9.10042], [39.50292, -9.10208], [39.50125, -9.11097], [39.50514, -9.10486], [39.51875, -9.11653], [39.53181, -9.10014], [39.53292, -9.10514], [39.54403, -9.10736], [39.54709, -9.09153], [39.56542, -9.09708], [39.58292, -9.11347], [39.6032, -9.15069], [39.59264, -9.12708], [39.59986, -9.10486], [39.58597, -9.09653], [39.57903, -9.09736], [39.58264, -9.09347], [39.57208, -9.09042], [39.57292, -9.08458], [39.56875, -9.09208], [39.55653, -9.08736], [39.54931, -9.06375], [39.55875, -9.05708], [39.54847, -9.04125], [39.54709, -9.02986], [39.5532, -9.03569], [39.56958, -9.03903], [39.57653, -9.03541], [39.57875, -9.04097], [39.58986, -9.04403], [39.58847, -9.04847], [39.59958, -9.04903], [39.59819, -9.05292], [39.60597, -9.05847], [39.61681, -9.06125], [39.61681, -9.05764], [39.62931, -9.06514], [39.62931, -9.06958], [39.61625, -9.06514], [39.61986, -9.06708], [39.61958, -9.07986], [39.61236, -9.08653], [39.61292, -9.10014], [39.61709, -9.09958], [39.61514, -9.11292], [39.6107, -9.12292], [39.60458, -9.12375], [39.61958, -9.16264], [39.62958, -9.16653], [39.63736, -9.17681], [39.6432, -9.19736], [39.63903, -9.20403], [39.64292, -9.20597], [39.64264, -9.24292], [39.6382, -9.24875], [39.63764, -9.24347], [39.63153, -9.24542], [39.62792, -9.25708], [39.64819, -9.26958], [39.6468, -9.2993], [39.65292, -9.30097], [39.64875, -9.30236], [39.65153, -9.31986], [39.64792, -9.3268], [39.65014, -9.33542], [39.65458, -9.33431], [39.6507, -9.33903], [39.65458, -9.33931], [39.65847, -9.36097], [39.64431, -9.37875], [39.62486, -9.38375], [39.62708, -9.38708], [39.62292, -9.38653], [39.6182, -9.39986], [39.61375, -9.39903], [39.61458, -9.40403], [39.61097, -9.40236], [39.60431, -9.41236], [39.58153, -9.40319], [39.56347, -9.40597], [39.56181, -9.42792], [39.56875, -9.43208], [39.58403, -9.43069], [39.58597, -9.4368], [39.6032, -9.42208], [39.62931, -9.42181], [39.65653, -9.45792], [39.65236, -9.46153], [39.65542, -9.47847], [39.64208, -9.47847], [39.63903, -9.48569], [39.64875, -9.47931], [39.66903, -9.49597], [39.6782, -9.48986], [39.68208, -9.49181], [39.68764, -9.51569], [39.69875, -9.52014], [39.69625, -9.54347], [39.70819, -9.55236], [39.71708, -9.58292], [39.73153, -9.59875], [39.73069, -9.61486], [39.7282, -9.6193], [39.72597, -9.6143], [39.72236, -9.61653], [39.71736, -9.63653], [39.72847, -9.64625], [39.74125, -9.64486], [39.74986, -9.65986], [39.73903, -9.68681], [39.7357, -9.68375], [39.73069, -9.69153], [39.75042, -9.70569], [39.74403, -9.71375], [39.73625, -9.71486], [39.74125, -9.71875], [39.71708, -9.72597], [39.71597, -9.73681], [39.73097, -9.74875], [39.73625, -9.74264], [39.75375, -9.75042], [39.75458, -9.77569], [39.76069, -9.77653], [39.76181, -9.78681], [39.78014, -9.80458], [39.78458, -9.80014], [39.78264, -9.80514], [39.78931, -9.80375], [39.80181, -9.81542], [39.7993, -9.81875], [39.80625, -9.83097], [39.80847, -9.85792], [39.80347, -9.87375], [39.79764, -9.87764], [39.7993, -9.8818], [39.79292, -9.88375], [39.79653, -9.89014], [39.79097, -9.89069], [39.7898, -9.88175], [39.78208, -9.89208], [39.75681, -9.89069], [39.77208, -9.89486], [39.78236, -9.90625], [39.78736, -9.92542], [39.77097, -9.93708], [39.75014, -9.93264], [39.74541, -9.94292], [39.71236, -9.95542], [39.70625, -9.96931], [39.71069, -9.98812], [39.71903, -9.99597], [39.71514, -10.01514], [39.70097, -10.03458], [39.67681, -10.05347], [39.68264, -10.05653], [39.71875, -10.02931], [39.72709, -10.01681], [39.7262, -9.99925], [39.74153, -9.97986], [39.76569, -9.97403], [39.77542, -9.98097], [39.81458, -9.98125], [39.82153, -9.98597], [39.83042, -10.00681], [39.84431, -10.01292], [39.87041, -10.01347], [39.90403, -10.03319], [39.92681, -10.05597], [39.93347, -10.0793], [39.93736, -10.07181], [39.94542, -10.08125], [39.94264, -10.08875], [39.94819, -10.09486], [39.94153, -10.10069], [39.95347, -10.10236], [39.9593, -10.09264], [39.96153, -10.10208], [39.95708, -10.10986], [39.97569, -10.12819], [39.96153, -10.14819], [39.96486, -10.15792], [39.98069, -10.16569], [39.98236, -10.17764], [39.97375, -10.19403], [39.97569, -10.19792], [39.9549, -10.20267], [39.89669, -10.23042], [39.894, -10.26432], [39.86195, -10.26114], [39.7733, -10.26721], [39.75603, -10.2849], [39.69262, -10.32662], [39.68936, -10.33596], [39.69175, -10.37679], [39.71764, -10.4592], [39.70313, -10.48022], [39.70172, -10.49607], [39.72874, -10.52663], [39.73016, -10.53824], [39.70953, -10.54741], [39.68406, -10.5694], [39.66725, -10.57733], [39.6458, -10.61778], [39.62445, -10.61834], [39.62112, -10.59956], [39.5808, -10.59979], [39.57533, -10.56348], [39.56247, -10.52763], [39.50646, -10.47648], [39.4934, -10.45875], [39.48375, -10.3919], [39.47561, -10.37555], [39.43187, -10.34782], [39.39837, -10.3345], [39.35595, -10.35119], [39.33204, -10.3268], [39.30752, -10.33582], [39.30448, -10.34106], [39.28974, -10.33781], [39.27955, -10.34369], [39.27569, -10.35229], [39.26039, -10.35493], [39.24934, -10.34872], [39.23226, -10.35367], [39.17393, -10.39264], [39.15858, -10.38453], [39.14999, -10.38642], [39.15564, -10.40231], [39.14671, -10.39892], [39.12444, -10.40513], [39.11486, -10.41915], [39.10398, -10.42356], [39.09302, -10.4213], [39.09291, -10.42548], [39.04973, -10.45363], [39.03658, -10.45211], [39.02259, -10.46101], [39.01284, -10.45923], [39.00351, -10.46559], [38.98282, -10.46616], [38.97784, -10.46932], [38.97809, -10.47678], [38.9613, -10.47975], [38.94444, -10.49815], [38.90452, -10.5025], [38.88651, -10.51388], [38.88587, -10.52832], [38.87566, -10.5469], [38.84077, -10.54644], [38.82544, -10.55243], [38.76044, -10.54664], [38.73737, -10.51715], [38.72845, -10.51624], [38.7156, -10.48345], [38.70572, -10.47751], [38.68877, -10.50218], [38.66671, -10.50649], [38.62115, -10.50594], [38.55873, -10.55009], [38.42468, -10.60654], [38.28606, -10.60567], [38.2781, -10.61001], [38.27824, -10.64856], [38.27702, -10.66129]]], [[[39.68514, -10.05069], [39.68958, -10.04542], [39.68625, -10.05069], [39.68514, -10.05069]]], [[[39.69597, -10.04458], [39.68903, -10.04903], [39.69208, -10.04347], [39.69625, -10.04458], [39.69597, -10.04458]]], [[[39.70542, -10.02875], [39.71236, -10.02042], [39.70542, -10.02931], [39.70542, -10.02875]]], [[[39.76181, -9.75875], [39.76153, -9.75597], [39.76209, -9.75875], [39.76181, -9.75875]]], [[[39.74347, -9.71764], [39.74597, -9.71486], [39.74347, -9.71736], [39.74347, -9.71764]]], [[[39.75708, -9.71208], [39.75625, -9.70708], [39.75736, -9.71208], [39.75708, -9.71208]]], [[[39.73375, -9.64236], [39.7318, -9.64097], [39.73486, -9.64236], [39.73375, -9.64236]]], [[[39.57764, -9.40569], [39.57597, -9.40681], [39.57736, -9.40569], [39.57764, -9.40569]]], [[[39.57736, -9.09264], [39.57069, -9.09403], [39.57708, -9.09264], [39.57736, -9.09264]]], [[[39.51847, -9.08791], [39.51097, -9.10708], [39.50819, -9.09958], [39.51875, -9.08791], [39.51847, -9.08791]]], [[[39.54458, -9.08931], [39.54375, -9.08736], [39.54542, -9.08931], [39.54458, -9.08931]]], [[[39.54903, -9.07736], [39.54736, -9.07569], [39.54875, -9.07736], [39.54903, -9.07736]]], [[[39.53097, -9.04569], [39.5368, -9.05486], [39.53042, -9.06097], [39.52403, -9.05986], [39.5207, -9.0568], [39.52347, -9.04847], [39.53042, -9.04569], [39.53097, -9.04569]]], [[[39.50236, -9.05264], [39.50125, -9.05069], [39.50292, -9.05264], [39.50236, -9.05264]]], [[[39.52903, -8.9493], [39.53486, -8.95792], [39.52764, -8.98097], [39.54042, -8.98986], [39.54042, -8.99792], [39.54597, -9.00208], [39.54181, -9.00486], [39.53792, -8.99764], [39.53236, -9.00403], [39.53931, -9.00764], [39.53903, -9.01208], [39.51736, -9.01486], [39.51069, -8.98986], [39.49431, -8.97375], [39.48958, -8.96125], [39.49625, -8.95458], [39.51486, -8.95847], [39.52903, -8.94819], [39.52903, -8.9493]]], [[[39.57069, -8.56708], [39.56569, -8.57486], [39.57069, -8.56681], [39.57069, -8.56708]]], [[[39.53959, -8.54569], [39.53208, -8.55208], [39.53959, -8.54458], [39.53959, -8.54569]]], [[[39.62597, -9.07792], [39.62264, -9.08514], [39.62153, -9.07903], [39.62597, -9.07764], [39.62597, -9.07792]]], [[[39.62625, -9.07375], [39.62153, -9.07542], [39.62625, -9.07403], [39.62625, -9.07375]]], [[[39.62819, -9.07264], [39.62736, -9.07069], [39.62847, -9.07264], [39.62819, -9.07264]]], [[[39.58875, -8.27903], [39.59458, -8.27653], [39.58931, -8.27903], [39.58875, -8.27903]]], [[[39.52792, -8.54375], [39.52986, -8.54764], [39.52514, -8.54653], [39.52764, -8.54375], [39.52792, -8.54375]]], [[[39.49625, -8.50681], [39.51847, -8.53042], [39.52375, -8.55736], [39.50097, -8.53264], [39.49847, -8.53792], [39.49042, -8.51708], [39.48375, -8.51319], [39.49569, -8.50681], [39.49625, -8.50681]]], [[[39.57625, -8.38069], [39.57736, -8.3843], [39.57153, -8.38264], [39.57597, -8.38069], [39.57625, -8.38069]]], [[[39.43486, -8.30347], [39.43181, -8.30319], [39.43458, -8.30347], [39.43486, -8.30347]]]]}}, {"type": "Feature", "properties": {"name": "Manyara"}, "geometry": {"type": "MultiPolygon", "coordinates": [[[[36.93856, -5.92816], [36.92456, -5.92902], [36.87946, -5.94965], [36.85486, -5.9535], [36.82985, -5.94141], [36.79481, -5.93852], [36.74614, -5.93938], [36.71579, -5.94628], [36.70922, -5.92059], [36.67688, -5.86488], [36.6485, -5.83167], [36.60069, -5.79956], [36.57863, -5.74581], [36.53441, -5.72852], [36.52429, -5.70452], [36.51358, -5.69209], [36.49112, -5.68146], [36.47065, -5.68122], [36.46406, -5.67371], [36.43187, -5.6701], [36.44123, -5.66126], [36.4426, -5.64394], [36.43672, -5.63202], [36.42072, -5.62414], [36.41837, -5.60395], [36.30494, -5.51855], [36.27036, -5.48482], [36.25862, -5.4644], [36.24722, -5.41093], [36.29895, -5.41787], [36.29399, -5.30239], [36.27413, -5.23286], [36.27861, -5.22374], [36.30074, -5.20758], [36.27036, -5.19926], [36.27932, -5.18167], [36.29307, -5.17193], [36.32169, -5.08958], [36.32452, -5.09112], [36.3138, -5.01065], [36.32214, -4.99241], [36.32761, -4.92049], [36.33841, -4.88088], [36.33738, -4.8477], [36.31118, -4.82054], [36.30728, -4.80763], [36.3041, -4.74583], [36.29347, -4.69936], [36.29702, -4.67032], [36.28871, -4.62439], [36.28817, -4.58962], [36.29702, -4.57308], [36.30863, -4.52253], [36.32757, -4.50226], [36.32724, -4.48599], [36.32022, -4.4802], [36.34618, -4.43748], [36.25048, -4.41489], [36.15412, -4.40326], [36.00068, -4.39701], [35.96268, -4.37426], [35.90296, -4.35019], [35.86576, -4.34479], [35.84419, -4.33558], [35.83673, -4.32538], [35.81854, -4.31508], [35.81854, -4.3464], [35.81213, -4.36123], [35.81759, -4.39055], [35.76436, -4.40681], [35.74684, -4.4225], [35.74432, -4.43624], [35.7154, -4.45384], [35.69448, -4.4736], [35.6867, -4.47486], [35.68365, -4.48348], [35.66063, -4.49179], [35.65242, -4.51113], [35.65979, -4.53825], [35.65358, -4.55476], [35.66557, -4.58146], [35.65348, -4.59765], [35.6519, -4.61131], [35.64349, -4.62708], [35.61405, -4.65862], [35.60732, -4.67428], [35.60712, -4.69329], [35.53877, -4.74053], [35.51478, -4.7889], [35.50671, -4.8195], [35.48803, -4.8418], [35.41412, -4.86991], [35.40332, -4.86197], [35.37408, -4.86661], [35.35089, -4.85837], [35.34116, -4.87905], [35.32328, -4.87139], [35.28421, -4.8064], [35.20234, -4.76948], [35.1808, -4.76874], [35.15746, -4.75777], [35.14507, -4.73231], [35.14635, -4.67784], [35.12851, -4.63087], [35.09072, -4.62628], [35.07377, -4.61847], [35.03771, -4.53829], [34.99528, -4.50154], [34.97258, -4.46016], [34.87555, -4.41355], [34.86709, -4.39412], [34.86886, -4.37496], [34.86519, -4.36868], [34.87207, -4.3476], [34.89849, -4.30278], [34.90601, -4.27895], [34.91152, -4.27196], [34.92511, -4.26963], [34.93467, -4.2526], [34.95487, -4.24209], [34.97076, -4.20809], [34.97061, -4.17392], [34.96497, -4.15997], [34.97124, -4.13433], [34.96671, -4.0924], [34.99103, -3.99075], [34.93689, -3.99467], [34.91212, -3.97097], [34.89198, -3.90877], [34.98383, -3.86329], [35.00052, -3.86519], [35.00877, -3.87398], [35.01842, -3.87143], [35.04769, -3.85517], [35.07174, -3.83256], [35.10874, -3.82175], [35.14078, -3.80365], [35.19047, -3.76929], [35.20486, -3.75303], [35.2369, -3.73585], [35.24238, -3.72659], [35.29289, -3.68968], [35.32935, -3.69089], [35.38602, -3.6172], [35.41306, -3.6282], [35.46558, -3.66169], [35.52372, -3.6787], [35.5407, -3.692], [35.60702, -3.69269], [35.62486, -3.69785], [35.59203, -3.77533], [35.67971, -3.76646], [35.71342, -3.63153], [35.716, -3.55691], [35.72331, -3.55673], [35.72615, -3.56744], [35.73845, -3.56728], [35.74432, -3.57306], [35.76181, -3.56042], [35.77862, -3.56134], [35.87309, -3.62584], [35.88176, -3.64359], [35.94235, -3.63717], [35.96921, -3.65922], [35.9812, -3.65659], [36.00085, -3.68892], [36.1492, -3.87112], [36.28254, -4.15051], [36.2986, -4.14482], [36.29549, -4.08636], [36.29942, -3.97254], [36.29315, -3.94222], [36.29166, -3.85918], [36.29975, -3.80439], [36.39368, -3.7982], [36.48182, -3.78179], [36.49141, -3.77603], [36.4932, -3.76388], [36.51427, -3.745], [36.52928, -3.73886], [36.54918, -3.71202], [36.56328, -3.71646], [36.57767, -3.70861], [36.5895, -3.69471], [36.60315, -3.69215], [36.61095, -3.68508], [36.61997, -3.66314], [36.61863, -3.649], [36.63531, -3.63675], [36.64555, -3.63492], [36.64921, -3.6387], [36.66053, -3.63085], [36.66684, -3.61391], [36.6853, -3.61192], [36.6909, -3.61622], [36.70251, -3.61149], [36.6908, -3.59295], [36.7135, -3.56477], [36.71594, -3.55337], [36.73046, -3.56003], [36.76944, -3.6008], [36.80053, -3.64512], [36.8031, -3.65555], [36.83678, -3.6491], [36.86184, -3.58585], [36.88561, -3.58435], [36.89344, -3.59802], [36.9203, -3.5707], [36.96619, -3.57281], [36.98326, -3.54067], [37.00447, -3.52417], [37.02095, -3.5026], [37.04585, -3.49939], [37.07225, -3.4882], [37.08916, -3.49012], [37.11047, -3.47661], [37.11249, -3.48208], [37.12708, -3.48168], [37.13902, -3.48742], [37.15022, -3.46899], [37.16925, -3.45301], [37.18361, -3.46056], [37.19407, -3.45094], [37.21286, -3.45452], [37.21556, -3.46723], [37.22111, -3.46835], [37.22925, -3.48907], [37.26036, -3.49788], [37.277, -3.49306], [37.30053, -3.5018], [37.30701, -3.51526], [37.29797, -3.53451], [37.30259, -3.54866], [37.30514, -3.54658], [37.30972, -3.55297], [37.30641, -3.56256], [37.31197, -3.56614], [37.31276, -3.57591], [37.33101, -3.59366], [37.3368, -3.6173], [37.34794, -3.63726], [37.39649, -3.67211], [37.40879, -3.66897], [37.4119, -3.70277], [37.42941, -3.74348], [37.42824, -3.75031], [37.46308, -3.80351], [37.46746, -3.81706], [37.46882, -3.82715], [37.46177, -3.83192], [37.45873, -3.84151], [37.46013, -3.85852], [37.45039, -3.86678], [37.45718, -3.87098], [37.45254, -3.8702], [37.45547, -3.87606], [37.45016, -3.88549], [37.46383, -3.88972], [37.46011, -3.90061], [37.46828, -3.91568], [37.46555, -3.92691], [37.45872, -3.93159], [37.467, -3.94586], [37.46033, -3.95798], [37.46669, -3.97616], [37.46322, -3.9799], [37.47207, -3.99329], [37.4708, -4.01171], [37.48033, -4.0204], [37.48912, -4.02101], [37.49522, -4.04242], [37.49099, -4.05236], [37.49795, -4.06328], [37.50291, -4.06378], [37.50267, -4.07247], [37.51188, -4.08261], [37.50615, -4.08588], [37.50763, -4.09929], [37.5136, -4.10574], [37.51558, -4.1338], [37.50813, -4.14523], [37.50739, -4.15913], [37.49646, -4.17229], [37.50316, -4.18347], [37.49646, -4.19563], [37.49919, -4.21277], [37.49472, -4.22444], [37.50366, -4.24108], [37.50493, -4.26759], [37.51369, -4.28034], [37.50878, -4.28499], [37.50858, -4.29959], [37.4945, -4.30851], [37.4965, -4.3213], [37.50768, -4.33991], [37.49178, -4.35529], [37.49688, -4.37278], [37.49258, -4.38084], [37.49924, -4.40105], [37.50774, -4.40596], [37.50676, -4.41156], [37.52613, -4.43749], [37.52477, -4.44224], [37.54346, -4.45477], [37.55369, -4.4695], [37.57105, -4.4705], [37.57087, -4.47677], [37.58479, -4.48103], [37.58261, -4.48504], [37.5928, -4.49617], [37.60263, -4.49626], [37.60567, -4.50409], [37.61672, -4.50435], [37.61872, -4.51357], [37.6304, -4.52302], [37.65641, -4.51747], [37.66242, -4.52444], [37.67401, -4.5256], [37.67379, -4.52942], [37.68579, -4.53391], [37.68914, -4.55297], [37.71769, -4.5648], [37.72018, -4.57725], [37.73161, -4.57696], [37.73483, -4.58399], [37.74274, -4.58223], [37.75739, -4.60889], [37.76296, -4.59776], [37.77673, -4.60919], [37.79176, -4.60742], [37.81108, -4.5975], [37.82698, -4.57978], [37.83789, -4.57852], [37.84432, -4.5723], [37.85365, -4.58216], [37.86243, -4.57741], [37.87436, -4.58821], [37.88787, -4.57833], [37.89676, -4.5848], [37.91277, -4.5848], [37.91486, -4.57933], [37.9231, -4.5812], [37.93383, -4.57632], [37.94085, -4.58667], [37.93547, -4.58924], [37.93503, -4.59951], [37.9558, -4.59709], [37.95838, -4.60165], [37.96767, -4.59813], [37.9994, -4.61364], [37.99446, -4.71031], [37.98232, -4.75391], [37.99832, -4.77967], [37.99483, -4.83578], [38.00053, -4.86797], [37.99538, -4.91893], [38.00072, -4.99398], [37.99667, -4.99012], [37.981, -4.9912], [37.96765, -4.98478], [37.9571, -4.96833], [37.94468, -4.96316], [37.93443, -4.9675], [37.93298, -4.9615], [37.92501, -4.96968], [37.91735, -4.96678], [37.90628, -4.97268], [37.90154, -4.97037], [37.90069, -4.97764], [37.89221, -4.97982], [37.88806, -4.97557], [37.86328, -4.9832], [37.8478, -4.98095], [37.83207, -4.99986], [37.82545, -5.02255], [37.80445, -5.02328], [37.79793, -5.0328], [37.76613, -5.01153], [37.73619, -5.01854], [37.68641, -5.04147], [37.62997, -5.01559], [37.58513, -5.00721], [37.49072, -5.06133], [37.35981, -5.21867], [37.3875, -5.25517], [37.3875, -5.26398], [37.33085, -5.45152], [37.26874, -5.52771], [37.25061, -5.54003], [37.23829, -5.57288], [37.25634, -5.58684], [37.24988, -5.6003], [37.25739, -5.60516], [37.24488, -5.61602], [37.2475, -5.62093], [37.2424, -5.629], [37.23423, -5.62546], [37.22437, -5.62993], [37.21908, -5.65198], [37.18478, -5.68526], [37.16609, -5.71825], [37.20624, -5.7169], [37.20524, -5.75407], [37.14828, -5.74344], [37.11713, -5.77373], [37.10273, -5.77124], [37.06207, -5.82591], [37.0509, -5.83002], [37.04755, -5.84254], [37.03739, -5.84964], [37.02811, -5.87456], [37.01977, -5.87886], [37.02782, -5.8883], [37.02265, -5.90048], [36.99894, -5.92014], [36.99612, -5.91586], [36.96481, -5.92738], [36.94325, -5.92777], [36.93856, -5.92816]]]]}}, {"type": "Feature", "properties": {"name": "Mara"}, "geometry": {"type": "MultiPolygon", "coordinates": [[[[35.19062, -2.45396], [35.20715, -2.48758], [35.21893, -2.5008], [35.07839, -2.50003], [34.99047, -2.48814], [34.77587, -2.48935], [34.76715, -2.48263], [34.7436, -2.48064], [34.65645, -2.49355], [34.60878, -2.48642], [34.58926, -2.49127], [34.57731, -2.48803], [34.56627, -2.49298], [34.52586, -2.48775], [34.51314, -2.4926], [34.4889, -2.49193], [34.49001, -2.48783], [34.45409, -2.45654], [34.45215, -2.44739], [34.41925, -2.4331], [34.40004, -2.4005], [34.38601, -2.40004], [34.38422, -2.39383], [34.37415, -2.38948], [34.36108, -2.39076], [34.35641, -2.37665], [34.34856, -2.37862], [34.32602, -2.36784], [34.31595, -2.35816], [34.30157, -2.32763], [34.29527, -2.32418], [34.29764, -2.31352], [34.28698, -2.30781], [34.28245, -2.31029], [34.2776, -2.30479], [34.25488, -2.31255], [34.24335, -2.30598], [34.2287, -2.3091], [34.21017, -2.29535], [34.20037, -2.29405], [34.18858, -2.28016], [34.17848, -2.27936], [34.17618, -2.26627], [34.16439, -2.25707], [34.15129, -2.25727], [34.128, -2.27047], [34.11141, -2.26867], [34.10181, -2.26077], [34.09152, -2.26327], [34.06283, -2.23978], [34.04728, -2.21517], [34.03755, -2.21647], [33.9898, -2.18441], [33.94415, -2.19362], [33.90735, -2.18117], [33.85571, -2.19998], [33.8477, -2.20001], [33.84494, -2.19313], [33.83187, -2.19917], [33.8316, -2.19514], [33.81659, -2.1936], [33.69572, -2.20429], [33.42997, -2.31322], [33.28796, -2.31844], [33.20234, -2.18375], [33.20338, -2.11901], [33.18877, -2.0856], [33.18877, -2.0313], [33.21905, -1.99371], [33.2911, -1.84857], [33.35583, -1.77548], [33.42162, -1.75982], [33.45816, -1.76922], [33.4659, -1.47323], [32.70327, -1.48413], [32.72078, -1.0421], [32.71592, -0.99741], [33.9309, -0.99321], [33.9312, -1.00425], [34.01652, -1.004], [34.02654, -1.01533], [34.03325, -1.04506], [34.04827, -1.0486], [34.0627, -1.03794], [34.06308, -1.03152], [34.07753, -1.02625], [34.16838, -1.07602], [34.17194, -1.07338], [34.19203, -1.08474], [34.19095, -1.08941], [34.22347, -1.10746], [34.22437, -1.10303], [34.44568, -1.23214], [34.44667, -1.22831], [34.49801, -1.25729], [34.49682, -1.26126], [34.56523, -1.3002], [34.56461, -1.29488], [34.5807, -1.30396], [34.58053, -1.30877], [34.59227, -1.31555], [34.59636, -1.31281], [34.7853, -1.41964], [35.25669, -1.69365], [35.21128, -2.06904], [35.26662, -2.30253], [35.2667, -2.35786], [35.16098, -2.39397], [35.19062, -2.45396]]]]}}, {"type": "Feature", "properties": {"name": "Mbeya"}, "geometry": {"type": "MultiPolygon", "coordinates": [[[[33.67026, -9.4619], [33.66182, -9.45211], [33.6253, -9.45163], [33.61102, -9.40302], [33.58875, -9.38177], [33.58782, -9.37344], [33.56366, -9.36107], [33.56044, -9.35056], [33.52489, -9.32441], [33.51387, -9.33178], [33.51166, -9.31338], [33.48003, -9.30457], [33.45516, -9.24491], [33.46445, -9.23108], [33.46697, -9.21342], [33.4521, -9.19781], [33.44899, -9.16294], [33.4414, -9.15724], [33.43454, -9.17048], [33.42933, -9.21483], [33.43637, -9.26215], [33.43269, -9.27216], [33.43639, -9.2708], [33.43771, -9.27608], [33.43357, -9.30206], [33.41967, -9.33575], [33.40588, -9.32579], [33.38533, -9.32678], [33.38366, -9.31531], [33.37386, -9.30109], [33.37606, -9.29235], [33.37054, -9.28613], [33.35956, -9.2829], [33.34409, -9.28863], [33.33805, -9.26938], [33.33405, -9.27056], [33.3275, -9.26197], [33.32286, -9.24062], [33.28836, -9.23629], [33.26884, -9.24245], [33.26489, -9.24962], [33.25422, -9.25124], [33.2337, -9.26599], [33.23337, -9.2777], [33.21017, -9.29968], [33.14885, -9.29901], [33.12992, -9.28803], [33.11833, -9.27108], [33.13147, -9.24263], [33.148, -9.24659], [33.16381, -9.22274], [33.16683, -9.2072], [33.19819, -9.19331], [33.25425, -9.19083], [33.26088, -9.17378], [33.26637, -9.17401], [33.26703, -9.15658], [33.21165, -9.13309], [33.21391, -9.11663], [33.22945, -9.10257], [33.23545, -9.08991], [33.23224, -9.07998], [33.22795, -9.07905], [33.22141, -9.04855], [33.2141, -9.04187], [33.22392, -8.9973], [33.21695, -8.9817], [33.22678, -8.96951], [33.22748, -8.95522], [33.21701, -8.93846], [33.2102, -8.91145], [33.21542, -8.9033], [33.22534, -8.90391], [33.22908, -8.89871], [33.21909, -8.88761], [33.19512, -8.88289], [33.18528, -8.8728], [33.18214, -8.8544], [33.17685, -8.85314], [33.17591, -8.84469], [33.16736, -8.83828], [33.17311, -8.82953], [33.17094, -8.82223], [33.14181, -8.81691], [33.098, -8.78961], [33.05036, -8.75302], [33.0454, -8.74337], [33.03276, -8.74166], [33.02007, -8.7169], [33.01081, -8.71154], [33.03595, -8.66114], [33.0636, -8.61962], [33.0706, -8.61197], [33.08652, -8.61431], [33.08727, -8.61054], [33.10565, -8.62157], [33.12732, -8.64687], [33.14288, -8.69027], [33.15518, -8.69999], [33.22731, -8.72632], [33.22653, -8.71522], [33.23235, -8.70411], [33.20963, -8.69013], [33.20991, -8.66368], [33.19321, -8.64834], [33.17749, -8.6216], [33.15139, -8.60435], [33.13809, -8.59219], [33.13683, -8.58099], [33.1313, -8.57945], [33.12632, -8.49575], [33.09306, -8.49151], [33.08831, -8.4778], [33.07463, -8.46603], [33.04799, -8.45812], [33.04517, -8.45088], [33.05545, -8.43698], [33.06324, -8.38799], [33.1046, -8.37632], [33.11914, -8.3517], [33.13905, -8.34184], [33.14785, -8.32381], [33.16253, -8.31693], [33.1631, -8.29057], [33.1533, -8.27322], [33.12066, -8.25933], [33.09922, -8.26411], [33.08191, -8.25702], [33.05131, -8.25348], [33.03438, -8.25623], [33.02282, -8.2752], [32.99644, -8.29367], [32.97597, -8.29387], [32.97684, -8.28355], [32.97036, -8.2767], [32.97374, -8.26992], [32.97057, -8.2703], [32.97254, -8.26166], [32.96916, -8.25982], [32.98001, -8.25167], [32.97744, -8.24456], [32.98197, -8.24027], [32.97178, -8.21219], [32.97805, -8.20084], [32.9714, -8.17809], [32.99106, -8.15011], [32.99464, -8.09923], [33.00394, -8.07442], [33.01857, -8.06158], [33.0299, -8.02798], [33.03, -8.00973], [33.0205, -7.98628], [33.04713, -7.9466], [33.06495, -7.90469], [33.08731, -7.87106], [32.93288, -7.87387], [32.97229, -7.78698], [32.99269, -7.75633], [33.04044, -7.75734], [33.03231, -7.74566], [33.03081, -7.62797], [33.03989, -7.53757], [33.01511, -7.52974], [32.98522, -7.53028], [32.96239, -7.53571], [32.94227, -7.54764], [32.91944, -7.5498], [32.91402, -7.50424], [32.89582, -7.45129], [32.89608, -6.92696], [32.90261, -6.9074], [32.91618, -6.90517], [32.91859, -6.8971], [32.94315, -6.89916], [32.97441, -6.87926], [32.98248, -6.86879], [32.99605, -6.86724], [33.01099, -6.87548], [33.02689, -6.86722], [33.0475, -6.87225], [33.06673, -6.8679], [33.07658, -6.87088], [33.08244, -6.88148], [33.09687, -6.88766], [33.12023, -6.9134], [33.15424, -6.91905], [33.16678, -6.93106], [33.17812, -6.93483], [33.185, -6.95011], [33.20475, -6.95491], [33.2197, -6.95335], [33.23241, -6.95781], [33.28187, -6.94491], [33.28943, -6.94388], [33.30043, -6.95039], [33.31554, -6.9442], [33.32447, -6.95175], [33.36845, -6.96081], [33.37566, -6.95223], [33.38923, -6.94878], [33.41431, -6.94996], [33.42376, -6.95854], [33.44745, -6.94375], [33.46326, -6.94734], [33.47614, -6.9427], [33.51497, -6.9593], [33.54909, -6.95711], [33.57474, -6.99502], [33.62377, -7.0216], [33.64222, -7.02341], [33.67086, -7.04818], [33.67608, -7.04528], [33.69614, -7.08339], [33.7175, -7.08818], [33.73841, -7.10939], [33.79119, -7.11876], [33.80523, -7.13042], [33.80812, -7.14686], [33.78589, -7.29906], [33.78777, -7.32377], [33.79696, -7.33726], [33.80236, -7.38136], [33.81479, -7.40862], [33.81328, -7.43368], [33.81865, -7.45598], [33.79893, -7.50415], [33.79702, -7.51883], [33.80189, -7.52611], [33.88032, -7.53259], [33.91539, -7.52726], [33.93719, -7.53682], [33.97869, -7.53261], [33.98373, -7.53054], [34.01616, -7.47601], [34.00579, -7.45384], [34.00576, -7.43691], [34.01878, -7.41628], [34.06023, -7.40269], [34.10056, -7.39824], [34.19457, -7.37283], [34.2, -7.49652], [34.2684, -7.59203], [34.27057, -7.61951], [34.29206, -7.64197], [34.35123, -7.72956], [34.36547, -7.73567], [34.38699, -7.73544], [34.50987, -7.71346], [34.62989, -7.72535], [34.6818, -7.74168], [34.71899, -7.78167], [34.75229, -7.82741], [34.85139, -7.90264], [34.85779, -7.93078], [34.8974, -7.99987], [34.91994, -8.05195], [34.94381, -8.08886], [34.95581, -8.09851], [34.96885, -8.10172], [34.95406, -8.11729], [34.93992, -8.14682], [34.90974, -8.16587], [34.86462, -8.22486], [34.83744, -8.24831], [34.82745, -8.26994], [34.81663, -8.27541], [34.79796, -8.30428], [34.77685, -8.3231], [34.7574, -8.35346], [34.74771, -8.35917], [34.73537, -8.38544], [34.69945, -8.41059], [34.68399, -8.45188], [34.71468, -8.48092], [34.72505, -8.51162], [34.71338, -8.58078], [34.71871, -8.59902], [34.71856, -8.63739], [34.70871, -8.6445], [34.69995, -8.66621], [34.67493, -8.6669], [34.59065, -8.69271], [34.55749, -8.74638], [34.54645, -8.78931], [34.51212, -8.8121], [34.50526, -8.80718], [34.48617, -8.81254], [34.4586, -8.81256], [34.41958, -8.82722], [34.39234, -8.83073], [34.29375, -8.82651], [34.28621, -8.92148], [34.23729, -8.93801], [34.20075, -8.93974], [34.18451, -8.91642], [34.15896, -8.86054], [34.12426, -8.84101], [34.05713, -8.84389], [34.05613, -8.87934], [34.04306, -8.88685], [34.03933, -8.90067], [34.02407, -8.8998], [33.99381, -8.88821], [33.99278, -8.86876], [33.90175, -8.87663], [33.9007, -8.84155], [33.84614, -8.8459], [33.82903, -8.91195], [33.8189, -8.9105], [33.82898, -9.03158], [33.82399, -9.04982], [33.81174, -9.05992], [33.82817, -9.09039], [33.84845, -9.10394], [33.84752, -9.14402], [33.86009, -9.15955], [33.8475, -9.17253], [33.83752, -9.19419], [33.86713, -9.2327], [33.92214, -9.25227], [33.94898, -9.28923], [33.97057, -9.3065], [33.98272, -9.32996], [33.98476, -9.36133], [33.97981, -9.37031], [33.98483, -9.38809], [33.99545, -9.40197], [34.01059, -9.41012], [34.06816, -9.49849], [34.09052, -9.50944], [34.07775, -9.52866], [34.06232, -9.52102], [34.0363, -9.49193], [34.01508, -9.49454], [33.96476, -9.52838], [33.94535, -9.57219], [33.96712, -9.62705], [33.95737, -9.64336], [33.95434, -9.66932], [33.93895, -9.71168], [33.93132, -9.70659], [33.9184, -9.70845], [33.91476, -9.71377], [33.90377, -9.708], [33.90163, -9.7041], [33.90968, -9.70167], [33.91205, -9.69226], [33.90107, -9.68831], [33.89727, -9.69143], [33.88384, -9.67571], [33.87776, -9.68002], [33.8793, -9.6725], [33.87259, -9.67169], [33.8672, -9.66114], [33.84747, -9.6446], [33.81603, -9.62905], [33.80339, -9.60738], [33.79109, -9.60427], [33.77615, -9.5877], [33.76663, -9.58373], [33.71873, -9.58201], [33.70956, -9.59034], [33.71213, -9.59458], [33.70566, -9.60055], [33.70177, -9.61841], [33.68487, -9.60803], [33.67128, -9.6088], [33.66892, -9.54956], [33.69087, -9.53925], [33.67829, -9.52983], [33.68008, -9.50781], [33.69034, -9.50476], [33.6765, -9.49597], [33.67105, -9.46742], [33.67026, -9.4619]]]]}}, {"type": "Feature", "properties": {"name": "Mjini Magharibi"}, "geometry": {"type": "MultiPolygon", "coordinates": [[[[39.33681, -6.41819], [39.34125, -6.42236], [39.34208, -6.4382], [39.33209, -6.42375], [39.33125, -6.41764], [39.33681, -6.41792], [39.33681, -6.41819]]], [[[39.32708, -6.41264], [39.32486, -6.41069], [39.32708, -6.41125], [39.32708, -6.41264]]], [[[39.28875, -6.37375], [39.2957, -6.3868], [39.28181, -6.37597], [39.28875, -6.37319], [39.28875, -6.37375]]], [[[39.28903, -6.36597], [39.28597, -6.3668], [39.28819, -6.36264], [39.28903, -6.36486], [39.28903, -6.36597]]], [[[39.35153, -6.35347], [39.35653, -6.35625], [39.35625, -6.36264], [39.34819, -6.35486], [39.35153, -6.35292], [39.35153, -6.35347]]], [[[39.30931, -6.35319], [39.31014, -6.35597], [39.30931, -6.35292], [39.30931, -6.35319]]], [[[39.3057, -6.35208], [39.30431, -6.35014], [39.3057, -6.35181], [39.3057, -6.35208]]], [[[39.33347, -6.34014], [39.33875, -6.34764], [39.33264, -6.34541], [39.33347, -6.33986], [39.33347, -6.34014]]], [[[39.2982, -6.31097], [39.29708, -6.32236], [39.27097, -6.31569], [39.26069, -6.30375], [39.25071, -6.27957], [39.24236, -6.27708], [39.23903, -6.26792], [39.22403, -6.25486], [39.21597, -6.25458], [39.21236, -6.23736], [39.19819, -6.2232], [39.20681, -6.18958], [39.18597, -6.16264], [39.19209, -6.15375], [39.20319, -6.15653], [39.20014, -6.15069], [39.21458, -6.13181], [39.21014, -6.1182], [39.21431, -6.08847], [39.20236, -6.05542], [39.20403, -6.03767], [39.22233, -6.03829], [39.22315, -6.04219], [39.2417, -6.04054], [39.27966, -6.03014], [39.2868, -6.04928], [39.27587, -6.07795], [39.27909, -6.10284], [39.26994, -6.14779], [39.27957, -6.17156], [39.27545, -6.18287], [39.28592, -6.195], [39.28865, -6.20928], [39.31042, -6.23103], [39.31097, -6.24125], [39.30042, -6.24347], [39.29819, -6.24958], [39.30791, -6.27653], [39.30292, -6.27653], [39.29486, -6.25847], [39.28069, -6.25819], [39.28625, -6.28069], [39.29708, -6.29375], [39.2982, -6.30986], [39.2982, -6.31097]]], [[[39.3182, -6.31347], [39.31681, -6.31125], [39.3182, -6.3132], [39.3182, -6.31347]]], [[[39.22625, -6.29403], [39.22958, -6.30042], [39.22625, -6.29375], [39.22625, -6.29403]]], [[[39.2207, -6.28597], [39.21958, -6.28375], [39.2207, -6.28542], [39.2207, -6.28597]]], [[[39.17792, -6.27764], [39.17903, -6.28292], [39.17514, -6.27958], [39.17792, -6.27625], [39.17792, -6.27764]]], [[[39.12569, -6.18847], [39.12736, -6.18958], [39.12569, -6.18819], [39.12569, -6.18847]]], [[[39.13569, -6.14736], [39.13597, -6.15264], [39.12514, -6.15903], [39.12931, -6.14903], [39.13569, -6.1468], [39.13569, -6.14736]]], [[[39.19153, -6.12486], [39.19597, -6.12958], [39.18708, -6.12569], [39.19153, -6.1243], [39.19153, -6.12486]]], [[[39.16597, -6.11792], [39.16903, -6.12153], [39.16264, -6.11875], [39.16597, -6.11736], [39.16597, -6.11792]]]]}}, {"type": "Feature", "properties": {"name": "Morogoro"}, "geometry": {"type": "MultiPolygon", "coordinates": [[[[36.76697, -9.75587], [36.76759, -9.75268], [36.73623, -9.75978], [36.68283, -9.75333], [36.64287, -9.75976], [36.60541, -9.75949], [36.58681, -9.78434], [36.56148, -9.80426], [36.53868, -9.81445], [36.51121, -9.81862], [36.50481, -9.77226], [36.49331, -9.74687], [36.50155, -9.73358], [36.4949, -9.72298], [36.49921, -9.71458], [36.48061, -9.6916], [36.46468, -9.69008], [36.45242, -9.67171], [36.45819, -9.65805], [36.45398, -9.6538], [36.46353, -9.65492], [36.46501, -9.6465], [36.46855, -9.64653], [36.47157, -9.6216], [36.46413, -9.62119], [36.46883, -9.60928], [36.4646, -9.60679], [36.45214, -9.61548], [36.44673, -9.62809], [36.44733, -9.6418], [36.4349, -9.64663], [36.43591, -9.65402], [36.42738, -9.65747], [36.42575, -9.67061], [36.4133, -9.66919], [36.40985, -9.68791], [36.40277, -9.68832], [36.39843, -9.70001], [36.3818, -9.71253], [36.33427, -9.72459], [36.32993, -9.72771], [36.32502, -9.75748], [36.31819, -9.75607], [36.30536, -9.76809], [36.2986, -9.76292], [36.29293, -9.76544], [36.28938, -9.77551], [36.26954, -9.76718], [36.25013, -9.76883], [36.22451, -9.76268], [36.18628, -9.77032], [36.17456, -9.7645], [36.16998, -9.7679], [36.1677, -9.76334], [36.16014, -9.77464], [36.15526, -9.77072], [36.14577, -9.77684], [36.14208, -9.78664], [36.1279, -9.78102], [36.12404, -9.78448], [36.12127, -9.77958], [36.1152, -9.78557], [36.1075, -9.78166], [36.10789, -9.78522], [36.09872, -9.78609], [36.09277, -9.77532], [36.08544, -9.77481], [36.08879, -9.76405], [36.08238, -9.7648], [36.08141, -9.75875], [36.07783, -9.76307], [36.07132, -9.76097], [36.0772, -9.74383], [36.06358, -9.73668], [36.04807, -9.73999], [36.03603, -9.75382], [36.03649, -9.75959], [36.03212, -9.75596], [36.01894, -9.75989], [36.01839, -9.76532], [36.00593, -9.76617], [35.99591, -9.7752], [35.98922, -9.77397], [35.95515, -9.78914], [35.94188, -9.8021], [35.93583, -9.79942], [35.92428, -9.8052], [35.92231, -9.81406], [35.88652, -9.83819], [35.84496, -9.88767], [35.80744, -9.89948], [35.77163, -9.92346], [35.75635, -9.91845], [35.73214, -9.88598], [35.71745, -9.8828], [35.6998, -9.86925], [35.68737, -9.8703], [35.68615, -9.84631], [35.67413, -9.83508], [35.68411, -9.80419], [35.69656, -9.7951], [35.70245, -9.78005], [35.71178, -9.77455], [35.7137, -9.76464], [35.71988, -9.7656], [35.73039, -9.74984], [35.74367, -9.74459], [35.74615, -9.73746], [35.77643, -9.71507], [35.78864, -9.6961], [35.81168, -9.67603], [35.84586, -9.55701], [35.87572, -9.51194], [35.88688, -9.50282], [35.88772, -9.48496], [35.89256, -9.4777], [35.91679, -9.46695], [35.92959, -9.45285], [35.93433, -9.45614], [35.94335, -9.43835], [35.9467, -9.42904], [35.94094, -9.38743], [35.92094, -9.35139], [35.92041, -9.33501], [35.92606, -9.32734], [35.91965, -9.32796], [35.91357, -9.3098], [35.91902, -9.29589], [35.91388, -9.27443], [35.91805, -9.26773], [35.91162, -9.25406], [35.89964, -9.25038], [35.87198, -9.25372], [35.84057, -9.27432], [35.83022, -9.29034], [35.8073, -9.30028], [35.8024, -9.31038], [35.77462, -9.32213], [35.77037, -9.30883], [35.75622, -9.3037], [35.75637, -9.29587], [35.74718, -9.29923], [35.74494, -9.29475], [35.7321, -9.29373], [35.72954, -9.29811], [35.72897, -9.29237], [35.72411, -9.29519], [35.70134, -9.28652], [35.6897, -9.27285], [35.68278, -9.25407], [35.65643, -9.26874], [35.6322, -9.27452], [35.55695, -9.45731], [35.50111, -9.49126], [35.50543, -9.38362], [35.5007, -9.36866], [35.50078, -9.1786], [35.50857, -9.12042], [35.52397, -9.06871], [35.46519, -9.03902], [35.38463, -9.01261], [35.40765, -8.98007], [35.41555, -8.97832], [35.41529, -8.96565], [35.4115, -8.95928], [35.39374, -8.96005], [35.39374, -8.9522], [35.38261, -8.9422], [35.37388, -8.94651], [35.36413, -8.93994], [35.36121, -8.92901], [35.36803, -8.9266], [35.36737, -8.91741], [35.34745, -8.89489], [35.35521, -8.8895], [35.35536, -8.88345], [35.34581, -8.87359], [35.32405, -8.87103], [35.32838, -8.85862], [35.34253, -8.84923], [35.34718, -8.83518], [35.35803, -8.82442], [35.34982, -8.79787], [35.35593, -8.77908], [35.33678, -8.75582], [35.33641, -8.74633], [35.32793, -8.74186], [35.32756, -8.73411], [35.33185, -8.72261], [35.35046, -8.71641], [35.35539, -8.68923], [35.36287, -8.68293], [35.41651, -8.66451], [35.50013, -8.66062], [35.51401, -8.66425], [35.54339, -8.68406], [35.55654, -8.68152], [35.57732, -8.68986], [35.58492, -8.68558], [35.59405, -8.68945], [35.62959, -8.75428], [35.64597, -8.7708], [35.66519, -8.74244], [35.68482, -8.75947], [35.7001, -8.76368], [35.69292, -8.74437], [35.69664, -8.71644], [35.69349, -8.68814], [35.6981, -8.67966], [35.71112, -8.67972], [35.71294, -8.67512], [35.68996, -8.66553], [35.8502, -8.56762], [35.87259, -8.54096], [35.87404, -8.51763], [35.88658, -8.48913], [35.88929, -8.46082], [35.89913, -8.4488], [35.91648, -8.43767], [35.95691, -8.43075], [35.96326, -8.41903], [36.02292, -8.35765], [36.10724, -8.28969], [36.14108, -8.23184], [36.16785, -8.2021], [36.30225, -8.0856], [36.41519, -8.01815], [36.46421, -7.98172], [36.46479, -8.02864], [36.71227, -8.02582], [36.70243, -8.01179], [36.70234, -7.98105], [36.81308, -7.8198], [36.83488, -7.77815], [36.8313, -7.73822], [36.84564, -7.64899], [36.7892, -7.64847], [36.78184, -7.64405], [36.79131, -7.59643], [36.69344, -7.57926], [36.68276, -7.57263], [36.65411, -7.53402], [36.64417, -7.52986], [36.61695, -7.53609], [36.59816, -7.53236], [36.58244, -7.51518], [36.52869, -7.52374], [36.5237, -7.51989], [36.51878, -7.48001], [36.50876, -7.46531], [36.50591, -7.44026], [36.48976, -7.41413], [36.47956, -7.41209], [36.47852, -7.40259], [36.48224, -7.37936], [36.51285, -7.3571], [36.53403, -7.33369], [36.53019, -7.28558], [36.51844, -7.2693], [36.51981, -7.2548], [36.5079, -7.23009], [36.50989, -7.21734], [36.50434, -7.19195], [36.50869, -7.17906], [36.51264, -7.17861], [36.51059, -7.17102], [36.51529, -7.15853], [36.53568, -7.13055], [36.53475, -7.12079], [36.54705, -7.08755], [36.56852, -7.0532], [36.59598, -7.04087], [36.64872, -7.0268], [36.64457, -7.01402], [36.65161, -6.99318], [36.64407, -6.96977], [36.64828, -6.95124], [36.63737, -6.92438], [36.64568, -6.88774], [36.64174, -6.87826], [36.6438, -6.86632], [36.6368, -6.8514], [36.6436, -6.83317], [36.63696, -6.80375], [36.64526, -6.78818], [36.64556, -6.76911], [36.63807, -6.76216], [36.63166, -6.73989], [36.6411, -6.73704], [36.6436, -6.72742], [36.66409, -6.70728], [36.67157, -6.69321], [36.67193, -6.67022], [36.71042, -6.62674], [36.7204, -6.60679], [36.71933, -6.59645], [36.7286, -6.57275], [36.74945, -6.55921], [36.74553, -6.50041], [36.72717, -6.49899], [36.72254, -6.494], [36.7261, -6.46068], [36.76459, -6.41849], [36.80019, -6.40561], [36.8502, -6.35878], [36.84973, -6.26514], [36.81705, -6.05664], [36.86885, -6.00987], [36.89831, -6.00071], [36.94158, -5.97565], [36.96481, -5.92738], [36.99612, -5.91586], [36.99968, -5.91985], [37.07475, -5.86049], [37.12334, -5.9617], [37.14701, -5.99188], [37.1762, -6.0027], [37.23372, -6.00226], [37.24743, -5.99558], [37.26963, -5.99697], [37.27678, -5.99191], [37.29053, -5.99212], [37.30327, -5.98133], [37.3236, -5.98403], [37.34624, -5.97674], [37.36182, -5.97752], [37.37686, -5.96734], [37.39408, -5.93725], [37.39019, -5.905], [37.39456, -5.89663], [37.39677, -5.86188], [37.41773, -5.83033], [37.44275, -5.80459], [37.4609, -5.80227], [37.46682, -5.81027], [37.47712, -5.80827], [37.48056, -5.82251], [37.48867, -5.82689], [37.49374, -5.8169], [37.50336, -5.81766], [37.5071, -5.82339], [37.50898, -5.81972], [37.52285, -5.82057], [37.52569, -5.8249], [37.52717, -5.81862], [37.53524, -5.82101], [37.54138, -5.81367], [37.5542, -5.82349], [37.56501, -5.84391], [37.57728, -5.83885], [37.59819, -5.85774], [37.6091, -5.85836], [37.61197, -5.89978], [37.63316, -5.91543], [37.63133, -5.93742], [37.63589, -5.95241], [37.66606, -5.93688], [37.68964, -5.91546], [37.72035, -5.86578], [37.72968, -5.8778], [37.74391, -5.86807], [37.74564, -5.87485], [37.75665, -5.87604], [37.75277, -5.883], [37.75527, -5.89075], [37.77113, -5.88885], [37.77597, -5.90074], [37.77753, -5.89567], [37.78878, -5.89815], [37.79548, -5.89285], [37.81792, -5.90329], [37.82134, -5.9132], [37.84218, -5.92311], [37.84491, -5.92721], [37.84081, -5.93267], [37.85209, -5.93575], [37.84867, -5.94019], [37.85448, -5.93848], [37.85686, -5.9477], [37.86541, -5.9518], [37.86472, -5.96957], [37.84628, -5.97571], [37.84389, -5.99382], [37.85242, -5.99997], [37.85755, -5.99826], [37.86745, -6.01911], [37.86382, -6.02493], [37.87, -6.03803], [37.86745, -6.04567], [37.8751, -6.04785], [37.86891, -6.05112], [37.87546, -6.06822], [37.88346, -6.07477], [37.88856, -6.09078], [37.88565, -6.09697], [37.90493, -6.09733], [37.9093, -6.09369], [37.91512, -6.10097], [37.90893, -6.10788], [37.91075, -6.11443], [37.92094, -6.11152], [37.9264, -6.10424], [37.93076, -6.11261], [37.9555, -6.11698], [37.95223, -6.12426], [37.96387, -6.12462], [37.95696, -6.13226], [37.96533, -6.13844], [37.96023, -6.14972], [37.97333, -6.14827], [37.97551, -6.15918], [37.96132, -6.16573], [37.97478, -6.16573], [37.9726, -6.17301], [38.01467, -6.17443], [38.03024, -6.18453], [38.04883, -6.18774], [38.05827, -6.18461], [38.06495, -6.18954], [38.06206, -6.19566], [38.06891, -6.19641], [38.07602, -6.20485], [38.08024, -6.21731], [38.05029, -6.21617], [38.03862, -6.20752], [38.03137, -6.2206], [38.0119, -6.22224], [38.00441, -6.23168], [38.00176, -6.60221], [38.00943, -6.60322], [38.00835, -6.60858], [38.01549, -6.61173], [38.01304, -6.62085], [38.02007, -6.62751], [38.01671, -6.63059], [38.03531, -6.63934], [38.029, -6.6429], [38.0429, -6.65782], [38.09052, -6.65788], [38.12027, -6.6687], [38.12085, -6.6721], [38.11349, -6.67372], [38.11624, -6.6764], [38.13317, -6.6694], [38.15192, -6.67799], [38.17292, -6.69896], [38.18211, -6.69579], [38.19777, -6.70366], [38.2048, -6.70143], [38.21119, -6.70804], [38.23151, -6.70136], [38.24701, -6.70375], [38.26441, -6.78656], [38.26376, -6.92133], [38.26709, -6.95695], [38.27416, -6.96757], [38.27628, -6.98313], [38.2836, -6.98596], [38.29916, -6.97275], [38.30175, -6.97889], [38.306, -6.97606], [38.32015, -6.9895], [38.31755, -7.00908], [38.32557, -7.01427], [38.33736, -7.01285], [38.34538, -7.01946], [38.3876, -7.01144], [38.38925, -7.01592], [38.39798, -7.01592], [38.40316, -7.02181], [38.40175, -7.02724], [38.41425, -7.03101], [38.41896, -7.02347], [38.45646, -7.02535], [38.46307, -7.0296], [38.50669, -7.02606], [38.5166, -7.03809], [38.51165, -7.04163], [38.51561, -7.04879], [38.50565, -7.04892], [38.50601, -7.05325], [38.49808, -7.05505], [38.49958, -7.06448], [38.49118, -7.0672], [38.49681, -7.07208], [38.49072, -7.07786], [38.49194, -7.08868], [38.48084, -7.08774], [38.47777, -7.10016], [38.48084, -7.10738], [38.47433, -7.11743], [38.46854, -7.12264], [38.46819, -7.11956], [38.45612, -7.12145], [38.45403, -7.13795], [38.4507, -7.13562], [38.45203, -7.14172], [38.44671, -7.14249], [38.44826, -7.15026], [38.43744, -7.15725], [38.44267, -7.16974], [38.43423, -7.17188], [38.43673, -7.17557], [38.43161, -7.18365], [38.42662, -7.1827], [38.42436, -7.18996], [38.41437, -7.18544], [38.41413, -7.19127], [38.40236, -7.18651], [38.40021, -7.19353], [38.39423, -7.19028], [38.39719, -7.18453], [38.39144, -7.18486], [38.39407, -7.17911], [38.38684, -7.18256], [38.38028, -7.17976], [38.3834, -7.18256], [38.37321, -7.18601], [38.37535, -7.18978], [38.36976, -7.18995], [38.36927, -7.19767], [38.36188, -7.20276], [38.35744, -7.198], [38.35564, -7.20555], [38.35088, -7.20374], [38.34924, -7.21442], [38.34086, -7.21212], [38.34578, -7.21656], [38.34004, -7.21968], [38.33987, -7.22543], [38.33544, -7.22493], [38.33642, -7.23216], [38.32788, -7.23512], [38.32985, -7.23922], [38.32115, -7.24464], [38.32296, -7.24924], [38.31557, -7.25056], [38.31655, -7.25483], [38.31146, -7.25483], [38.31146, -7.26452], [38.30588, -7.26862], [38.30502, -7.58092], [38.25055, -7.59523], [38.24624, -7.60101], [38.24186, -7.59708], [38.20911, -7.60501], [38.111, -7.63458], [38.0973, -7.63052], [38.09795, -7.62171], [38.08918, -7.62032], [38.08706, -7.61068], [38.0753, -7.6039], [38.07433, -7.59685], [38.05939, -7.5849], [38.05528, -7.57374], [38.04892, -7.57272], [38.04417, -7.56054], [38.01506, -7.55081], [37.99472, -7.5313], [37.98632, -7.52867], [37.91282, -7.58561], [37.85857, -7.66123], [37.8236, -7.69807], [37.81874, -7.78467], [37.82928, -7.80036], [37.82869, -7.82943], [37.84281, -7.85416], [37.83989, -7.87187], [37.83107, -7.88166], [37.8186, -7.88472], [37.80268, -7.89728], [37.79498, -7.92859], [37.8019, -7.93453], [37.76369, -7.94645], [37.74275, -7.95864], [37.72055, -7.98065], [37.68833, -8.05533], [37.67228, -8.07367], [37.66114, -8.09693], [37.65245, -8.1202], [37.63366, -8.21822], [37.58162, -8.31979], [37.56912, -8.37247], [37.55795, -8.39817], [37.501, -8.4801], [37.44176, -8.51664], [37.4342, -8.55829], [37.40798, -8.644], [37.40162, -8.693], [37.40263, -8.74572], [37.41349, -8.79848], [37.41338, -8.82299], [37.40437, -8.91244], [37.38173, -9.01532], [37.38134, -9.10357], [37.37377, -9.14032], [37.34015, -9.20881], [37.33506, -9.24311], [37.32837, -9.25792], [37.33812, -9.26809], [37.33429, -9.27344], [37.3211, -9.27397], [37.33283, -9.28693], [37.32662, -9.28948], [37.32096, -9.30454], [37.31374, -9.30927], [37.31768, -9.32061], [37.30384, -9.33126], [37.30048, -9.34693], [37.28949, -9.35551], [37.28881, -9.37099], [37.28252, -9.37051], [37.27514, -9.37777], [37.28307, -9.38198], [37.28003, -9.38881], [37.28544, -9.38691], [37.29351, -9.3929], [37.2863, -9.39525], [37.27829, -9.40786], [37.28802, -9.41178], [37.28016, -9.425], [37.28578, -9.43991], [37.28091, -9.45299], [37.27399, -9.45787], [37.28655, -9.46508], [37.27649, -9.4686], [37.2689, -9.48658], [37.28553, -9.49009], [37.28324, -9.49812], [37.27215, -9.49642], [37.25158, -9.52409], [37.13962, -9.58683], [36.99421, -9.63577], [36.78097, -9.74734], [36.76697, -9.75587]]]]}}, {"type": "Feature", "properties": {"name": "Mtwara"}, "geometry": {"type": "MultiPolygon", "coordinates": [[[[38.5257, -11.37429], [38.51092, -11.39475], [38.48615, -11.41489], [38.45394, -11.41344], [38.44056, -11.40693], [38.42728, -11.39101], [38.37823, -11.38303], [38.32909, -11.32931], [38.32135, -11.32548], [38.28851, -11.32884], [38.28263, -11.32431], [38.27414, -11.2968], [38.26192, -11.28843], [38.22433, -11.28332], [38.21025, -11.27519], [38.1823, -11.27779], [38.13982, -11.27319], [38.1152, -11.26073], [38.10428, -11.24048], [38.09118, -11.23678], [38.08661, -11.22392], [38.09174, -11.21722], [38.07857, -11.20502], [38.07791, -11.19128], [38.07023, -11.18404], [38.07584, -11.1799], [38.07089, -11.16486], [38.07633, -11.15391], [38.04987, -11.13603], [38.05184, -11.08316], [38.04166, -11.07522], [38.04004, -11.05278], [38.01725, -11.01762], [38.02179, -11.00498], [38.01405, -10.98795], [38.02149, -10.97424], [38.02186, -10.95457], [38.0094, -10.94168], [38.00796, -10.92448], [38.01914, -10.8997], [38.01167, -10.89138], [38.01103, -10.87299], [38.00118, -10.85823], [38.02635, -10.82403], [38.03432, -10.78312], [38.04875, -10.77061], [38.04935, -10.73958], [38.041, -10.72072], [37.9999, -10.72619], [38.00371, -10.72288], [38.1221, -10.68526], [38.19239, -10.69677], [38.2299, -10.68987], [38.24899, -10.69257], [38.26484, -10.68594], [38.27608, -10.6705], [38.2781, -10.61001], [38.28208, -10.60743], [38.29274, -10.60415], [38.42468, -10.60654], [38.55873, -10.55009], [38.62115, -10.50594], [38.66671, -10.50649], [38.68877, -10.50218], [38.70572, -10.47751], [38.7156, -10.48345], [38.72845, -10.51624], [38.73737, -10.51715], [38.76044, -10.54664], [38.82544, -10.55243], [38.84077, -10.54644], [38.87566, -10.5469], [38.88587, -10.52832], [38.88651, -10.51388], [38.90452, -10.5025], [38.94444, -10.49815], [38.9613, -10.47975], [38.97809, -10.47678], [38.97784, -10.46932], [38.98282, -10.46616], [39.00351, -10.46559], [39.01284, -10.45923], [39.02259, -10.46101], [39.03658, -10.45211], [39.04973, -10.45363], [39.09291, -10.42548], [39.09302, -10.4213], [39.10398, -10.42356], [39.11486, -10.41915], [39.12444, -10.40513], [39.14671, -10.39892], [39.15564, -10.40231], [39.14999, -10.38642], [39.15858, -10.38453], [39.17393, -10.39264], [39.23226, -10.35367], [39.24934, -10.34872], [39.26039, -10.35493], [39.27569, -10.35229], [39.27955, -10.34369], [39.28974, -10.33781], [39.30448, -10.34106], [39.30752, -10.33582], [39.33131, -10.32683], [39.35863, -10.35164], [39.37989, -10.34462], [39.38491, -10.3374], [39.39837, -10.3345], [39.4116, -10.33789], [39.47561, -10.37555], [39.48375, -10.3919], [39.4934, -10.45875], [39.50646, -10.47648], [39.56247, -10.52763], [39.57533, -10.56348], [39.5808, -10.59979], [39.62112, -10.59956], [39.62445, -10.61834], [39.6458, -10.61778], [39.66725, -10.57733], [39.68406, -10.5694], [39.70953, -10.54741], [39.73016, -10.53824], [39.72874, -10.52663], [39.70172, -10.49607], [39.70313, -10.48022], [39.71764, -10.4592], [39.69175, -10.37679], [39.68936, -10.33596], [39.69262, -10.32662], [39.75603, -10.2849], [39.7733, -10.26721], [39.86195, -10.26114], [39.894, -10.26432], [39.89414, -10.23509], [39.90178, -10.22702], [39.9549, -10.20267], [39.98154, -10.20232], [39.98792, -10.21153], [39.98208, -10.19569], [39.98431, -10.19347], [39.98708, -10.20014], [39.98792, -10.18069], [39.99375, -10.17069], [39.97153, -10.14625], [39.9868, -10.12097], [40.00042, -10.12514], [40.00292, -10.13236], [40.04847, -10.14625], [40.0793, -10.16181], [40.11958, -10.17153], [40.13625, -10.18625], [40.1343, -10.20153], [40.12292, -10.21097], [40.13097, -10.25486], [40.12708, -10.25931], [40.11819, -10.25597], [40.11014, -10.26625], [40.11375, -10.27958], [40.13569, -10.27736], [40.12819, -10.26431], [40.13208, -10.26042], [40.13653, -10.26653], [40.14625, -10.26764], [40.14847, -10.27931], [40.15875, -10.28708], [40.15847, -10.27736], [40.15236, -10.27847], [40.1507, -10.26542], [40.18819, -10.25153], [40.19097, -10.25403], [40.18653, -10.2618], [40.21542, -10.27625], [40.21542, -10.2907], [40.22958, -10.30403], [40.22792, -10.2943], [40.21736, -10.28875], [40.21875, -10.28125], [40.22375, -10.28375], [40.21903, -10.27347], [40.23625, -10.27458], [40.24986, -10.28125], [40.2518, -10.27625], [40.24764, -10.27153], [40.25681, -10.27236], [40.25708, -10.26847], [40.23542, -10.26097], [40.23042, -10.25069], [40.22403, -10.24875], [40.20625, -10.25181], [40.19097, -10.26069], [40.20208, -10.23819], [40.22042, -10.22486], [40.22542, -10.21208], [40.23875, -10.20375], [40.23681, -10.22681], [40.24431, -10.24486], [40.26431, -10.26153], [40.29181, -10.26847], [40.29347, -10.28153], [40.30069, -10.28264], [40.32792, -10.35458], [40.33264, -10.35319], [40.33625, -10.35875], [40.3693, -10.35486], [40.38736, -10.36264], [40.38597, -10.36847], [40.40486, -10.35819], [40.41347, -10.34819], [40.40931, -10.33292], [40.41319, -10.32792], [40.39653, -10.32931], [40.39625, -10.32097], [40.38153, -10.32681], [40.40153, -10.29625], [40.42264, -10.31597], [40.43208, -10.3368], [40.44375, -10.34653], [40.4443, -10.35847], [40.43792, -10.36792], [40.4193, -10.3743], [40.39819, -10.39236], [40.37708, -10.4018], [40.36903, -10.3993], [40.35431, -10.41097], [40.35569, -10.41597], [40.36181, -10.40514], [40.38486, -10.39958], [40.36875, -10.42625], [40.38319, -10.42958], [40.37542, -10.43292], [40.38153, -10.44375], [40.3657, -10.4493], [40.3768, -10.44458], [40.39069, -10.45069], [40.38403, -10.44653], [40.38597, -10.43625], [40.40847, -10.43236], [40.41625, -10.42625], [40.42236, -10.43264], [40.41986, -10.44653], [40.40986, -10.44097], [40.40625, -10.45347], [40.39986, -10.45208], [40.39431, -10.46125], [40.38847, -10.45597], [40.38125, -10.46097], [40.38764, -10.45708], [40.39514, -10.46292], [40.40042, -10.45347], [40.40903, -10.45514], [40.40847, -10.44625], [40.41236, -10.44569], [40.42569, -10.45014], [40.43014, -10.46597], [40.42653, -10.46125], [40.42708, -10.46681], [40.43621, -10.47125], [40.41164, -10.50307], [40.37967, -10.52777], [40.36583, -10.55891], [40.33927, -10.57655], [40.32487, -10.57422], [40.28429, -10.57976], [40.23354, -10.60737], [40.18674, -10.65558], [40.17544, -10.65994], [40.09945, -10.72848], [40.06295, -10.75531], [40.02988, -10.78917], [39.99143, -10.81613], [39.96622, -10.8253], [39.93255, -10.82979], [39.88791, -10.84596], [39.8431, -10.87983], [39.79943, -10.90463], [39.77565, -10.91085], [39.72483, -10.93582], [39.6945, -10.94598], [39.62913, -10.94957], [39.55838, -10.97866], [39.52958, -10.98541], [39.50058, -11.011], [39.4329, -11.05775], [39.40387, -11.06325], [39.36552, -11.0843], [39.29166, -11.15083], [39.25366, -11.17584], [39.21344, -11.18013], [39.18566, -11.16215], [39.15601, -11.15913], [39.13585, -11.15113], [39.04507, -11.17449], [39.02731, -11.17082], [38.97049, -11.17436], [38.9266, -11.16874], [38.88474, -11.17551], [38.85563, -11.1943], [38.82942, -11.2204], [38.78266, -11.2447], [38.74418, -11.27832], [38.71334, -11.27319], [38.65209, -11.27879], [38.62641, -11.29405], [38.57438, -11.34713], [38.52581, -11.37412], [38.5257, -11.37429]]], [[[40.40403, -10.42486], [40.38569, -10.43431], [40.38319, -10.44319], [40.37708, -10.43653], [40.37875, -10.43097], [40.38736, -10.4318], [40.39153, -10.42375], [40.40431, -10.42486], [40.40403, -10.42486]]], [[[40.42264, -10.38847], [40.42181, -10.41986], [40.41347, -10.42153], [40.40847, -10.43014], [40.40319, -10.4218], [40.37042, -10.42708], [40.39208, -10.39958], [40.42236, -10.38847], [40.42264, -10.38847]]], [[[40.37514, -10.27486], [40.38181, -10.28208], [40.38042, -10.28903], [40.37653, -10.28903], [40.3768, -10.29569], [40.36931, -10.29514], [40.36708, -10.29097], [40.37403, -10.27486], [40.37514, -10.27486]]], [[[40.33042, -10.23847], [40.34431, -10.24736], [40.35181, -10.27041], [40.33875, -10.26847], [40.31569, -10.24903], [40.30847, -10.25403], [40.31292, -10.23875], [40.32903, -10.23847], [40.33042, -10.23847]]]]}}, {"type": "Feature", "properties": {"name": "Mwanza"}, "geometry": {"type": "MultiPolygon", "coordinates": [[[[33.32055, -3.34174], [33.30021, -3.38663], [33.28838, -3.39967], [33.25209, -3.39299], [33.21745, -3.39269], [33.1963, -3.40348], [33.15696, -3.4061], [33.15363, -3.42333], [33.13665, -3.43634], [33.10483, -3.43698], [33.09782, -3.4276], [33.08276, -3.41993], [33.06217, -3.39463], [33.02906, -3.38884], [33.01669, -3.39179], [32.99322, -3.36673], [32.98198, -3.36673], [32.97561, -3.35159], [32.96033, -3.34114], [32.91812, -3.33474], [32.9164, -3.3035], [32.90542, -3.30206], [32.88522, -3.27087], [32.8561, -3.26495], [32.84999, -3.2549], [32.84903, -3.23648], [32.84275, -3.23228], [32.83905, -3.24023], [32.82403, -3.24119], [32.8048, -3.25097], [32.77568, -3.25211], [32.78649, -3.22402], [32.78176, -3.19806], [32.79366, -3.17461], [32.77032, -3.12457], [32.77118, -3.09965], [32.78462, -3.06418], [32.78226, -3.04924], [32.76579, -3.03348], [32.76696, -3.00949], [32.77696, -2.99543], [32.76329, -2.99871], [32.76165, -2.99098], [32.75157, -3.00348], [32.74852, -3.00074], [32.73487, -3.00987], [32.72277, -3.01135], [32.70475, -3.0037], [32.6911, -2.99054], [32.68476, -2.99184], [32.65983, -2.9736], [32.65363, -2.9632], [32.62729, -2.95271], [32.61668, -2.93926], [32.58009, -2.93242], [32.58403, -2.9051], [32.57802, -2.86805], [32.55981, -2.85087], [32.54242, -2.82231], [32.54408, -2.81217], [32.55587, -2.80161], [32.55401, -2.79892], [32.50992, -2.7836], [32.45134, -2.77926], [32.42919, -2.77036], [32.41673, -2.74546], [32.40519, -2.73689], [32.40792, -2.71696], [32.41905, -2.70166], [32.42257, -2.68197], [32.4471, -2.67536], [32.45617, -2.66467], [32.51861, -2.65859], [32.5211, -2.64472], [32.51558, -2.63048], [32.49108, -2.63044], [32.4474, -2.61864], [32.35322, -2.60498], [32.26938, -2.60767], [32.26474, -2.5764], [32.24361, -2.55937], [32.23999, -2.54889], [32.2257, -2.54454], [32.21142, -2.50211], [32.18989, -2.50728], [32.18989, -2.52239], [32.15919, -2.52245], [32.09302, -2.4911], [32.0549, -2.45655], [32.01916, -2.41168], [31.99216, -2.38627], [31.97548, -2.37674], [31.95187, -2.37842], [31.93107, -2.37352], [31.93841, -2.31722], [31.84174, -2.17187], [32.70872, -1.48406], [33.4659, -1.47323], [33.45816, -1.76922], [33.42162, -1.75982], [33.35583, -1.77548], [33.2911, -1.84857], [33.21905, -1.99371], [33.18877, -2.0313], [33.18877, -2.0856], [33.20338, -2.11901], [33.20234, -2.18375], [33.28796, -2.31844], [33.32835, -2.31696], [33.33475, -2.3673], [33.41803, -2.43036], [33.50369, -2.48627], [33.54533, -2.49341], [33.56538, -2.50744], [33.57735, -2.52739], [33.58612, -2.56925], [33.60509, -2.56667], [33.6078, -2.56127], [33.61406, -2.56575], [33.61534, -2.56078], [33.63203, -2.55707], [33.62365, -2.61369], [33.63077, -2.64256], [33.64743, -2.64494], [33.6688, -2.66636], [33.6954, -2.67648], [33.70465, -2.68649], [33.73652, -2.68953], [33.73811, -2.69695], [33.74999, -2.7069], [33.77333, -2.71536], [33.78725, -2.75337], [33.78231, -2.76086], [33.78183, -2.78859], [33.79012, -2.79998], [33.78973, -2.81338], [33.76195, -2.83288], [33.74596, -2.83392], [33.72739, -2.81485], [33.68381, -2.83604], [33.66082, -2.83888], [33.65723, -2.8255], [33.64382, -2.82503], [33.63773, -2.81324], [33.6245, -2.81027], [33.61618, -2.80213], [33.61491, -2.81687], [33.57687, -2.82656], [33.57651, -2.84313], [33.55011, -2.83648], [33.54678, -2.8599], [33.53881, -2.86168], [33.50178, -2.89232], [33.50116, -2.92282], [33.51477, -2.92642], [33.52433, -2.99392], [33.5216, -3.00348], [33.50891, -3.00929], [33.49531, -3.0243], [33.49546, -3.04835], [33.48529, -3.04595], [33.48201, -3.07646], [33.49087, -3.09549], [33.48288, -3.12862], [33.48529, -3.14361], [33.4781, -3.18148], [33.46396, -3.19446], [33.44799, -3.19747], [33.43627, -3.21683], [33.44384, -3.27692], [33.41533, -3.31336], [33.37061, -3.30879], [33.35138, -3.31124], [33.33094, -3.3238], [33.32146, -3.33977], [33.32055, -3.34174]]]]}}, {"type": "Feature", "properties": {"name": "Njombe"}, "geometry": {"type": "MultiPolygon", "coordinates": [[[[34.57269, -10.46067], [34.56844, -10.45662], [34.56941, -10.44397], [34.56315, -10.43912], [34.55267, -10.44484], [34.54161, -10.4156], [34.54193, -10.38755], [34.54753, -10.38228], [34.5591, -10.32507], [34.56984, -10.30763], [34.57082, -10.29315], [34.56488, -10.26187], [34.55775, -10.25519], [34.55258, -10.23146], [34.55476, -10.18847], [34.53421, -10.13302], [34.52248, -10.11532], [34.5327, -10.10441], [34.52959, -10.08041], [34.53898, -10.0642], [34.53512, -10.06084], [34.53863, -10.05235], [34.52413, -10.01644], [34.50153, -9.97636], [34.45803, -9.94127], [34.42873, -9.9007], [34.39384, -9.8654], [34.36225, -9.81908], [34.33554, -9.79546], [34.32749, -9.77085], [34.30602, -9.74021], [34.27018, -9.71044], [34.1747, -9.61211], [34.13822, -9.58551], [34.07775, -9.52866], [34.09052, -9.50944], [34.06816, -9.49849], [34.01059, -9.41012], [33.99545, -9.40197], [33.98483, -9.38809], [33.97981, -9.37031], [33.98476, -9.36133], [33.98272, -9.32996], [33.96626, -9.30122], [33.94898, -9.28923], [33.92214, -9.25227], [33.87162, -9.23635], [33.83852, -9.19673], [33.84007, -9.18512], [33.86009, -9.15955], [33.84752, -9.14402], [33.84845, -9.10394], [33.82817, -9.09039], [33.82239, -9.0752], [33.81175, -9.06602], [33.81174, -9.05992], [33.82613, -9.04575], [33.82898, -9.03158], [33.8189, -8.9105], [33.82903, -8.91195], [33.83808, -8.86642], [33.84854, -8.8446], [33.9007, -8.84155], [33.90175, -8.87663], [33.99278, -8.86876], [33.99381, -8.88821], [34.02407, -8.8998], [34.03933, -8.90067], [34.04306, -8.88685], [34.05613, -8.87934], [34.05713, -8.84389], [34.12426, -8.84101], [34.15896, -8.86054], [34.18451, -8.91642], [34.20075, -8.93974], [34.23729, -8.93801], [34.28621, -8.92148], [34.29375, -8.82651], [34.39234, -8.83073], [34.41958, -8.82722], [34.4586, -8.81256], [34.48617, -8.81254], [34.50526, -8.80718], [34.51212, -8.8121], [34.54645, -8.78931], [34.55749, -8.74638], [34.5928, -8.69123], [34.67714, -8.66662], [34.7061, -8.66511], [34.71273, -8.67141], [34.73074, -8.67561], [34.75053, -8.67101], [34.7763, -8.67963], [34.79556, -8.67816], [34.80537, -8.67266], [34.82564, -8.68382], [34.86044, -8.68808], [34.87605, -8.699], [34.8959, -8.72906], [34.8854, -8.72785], [34.87665, -8.73323], [34.87004, -8.75329], [34.8548, -8.77101], [34.87318, -8.78826], [34.89535, -8.79816], [34.90619, -8.81167], [34.92582, -8.80966], [34.93087, -8.81895], [34.94899, -8.82795], [34.9642, -8.82557], [34.9795, -8.82999], [35.00254, -8.81547], [35.02726, -8.80746], [35.04529, -8.77738], [35.0704, -8.77601], [35.09649, -8.78406], [35.13118, -8.77694], [35.12822, -8.79617], [35.14143, -8.8159], [35.14571, -8.83152], [35.14396, -8.84923], [35.12947, -8.87976], [35.14092, -8.90333], [35.11538, -8.92958], [35.11073, -8.94191], [35.13006, -8.97704], [35.12937, -8.99488], [35.12, -9.01974], [35.14, -9.03189], [35.18285, -9.0348], [35.20501, -9.04239], [35.26883, -9.03481], [35.27855, -9.03907], [35.30718, -9.03952], [35.31789, -9.03022], [35.35611, -9.03051], [35.36169, -9.01843], [35.36938, -9.02146], [35.3848, -9.01253], [35.46519, -9.03902], [35.52397, -9.06871], [35.50857, -9.12042], [35.50078, -9.1786], [35.5007, -9.36866], [35.50543, -9.38362], [35.50111, -9.49126], [35.45189, -9.52535], [35.4413, -9.5452], [35.38466, -9.59628], [35.36272, -9.6249], [35.34995, -9.63265], [35.33335, -9.63459], [35.24339, -9.68268], [35.21823, -9.71082], [35.1825, -9.7308], [35.1566, -9.75592], [35.14088, -9.75624], [35.13646, -9.76575], [35.10642, -9.77622], [35.12608, -9.79727], [35.13409, -9.79863], [35.14856, -9.81224], [35.14804, -9.82487], [35.17699, -9.83886], [35.17939, -9.85963], [35.16852, -9.88643], [35.17221, -9.89666], [35.16799, -9.91566], [35.18264, -9.93224], [35.18947, -9.93383], [35.18769, -9.94004], [35.19717, -9.94297], [35.19964, -9.95979], [35.21842, -9.98114], [35.21692, -10.01342], [35.19328, -10.07993], [35.18107, -10.09469], [35.17353, -10.12203], [35.15703, -10.1433], [35.14587, -10.16749], [35.14004, -10.16996], [35.13194, -10.16358], [35.13745, -10.14478], [35.13, -10.13784], [35.11221, -10.14796], [35.12693, -10.16084], [35.10945, -10.17617], [35.10056, -10.17188], [35.08798, -10.17372], [35.08154, -10.16697], [35.06866, -10.17249], [35.06161, -10.15256], [35.05425, -10.17065], [35.03891, -10.16391], [35.02941, -10.1774], [35.03983, -10.18261], [35.03632, -10.18679], [35.02206, -10.17989], [35.01009, -10.18495], [35.00595, -10.19277], [34.991, -10.19162], [34.99261, -10.20289], [34.98617, -10.20151], [34.9818, -10.20795], [34.98318, -10.21669], [34.9894, -10.22083], [34.98065, -10.22911], [35.01199, -10.2666], [35.002, -10.27009], [34.99666, -10.2633], [34.99722, -10.27966], [34.99221, -10.28553], [34.99429, -10.29933], [34.99791, -10.30054], [34.99998, -10.28777], [35.01257, -10.30399], [35.01395, -10.31278], [34.9986, -10.30968], [34.98457, -10.3192], [34.97108, -10.31705], [34.96709, -10.33699], [34.95605, -10.34036], [34.93121, -10.38421], [34.91526, -10.39126], [34.89993, -10.41273], [34.87999, -10.42775], [34.87018, -10.44584], [34.87018, -10.45688], [34.86343, -10.45872], [34.85608, -10.47007], [34.8179, -10.49193], [34.81564, -10.45694], [34.80616, -10.45169], [34.80635, -10.44719], [34.78317, -10.44158], [34.76013, -10.48746], [34.76597, -10.49308], [34.72111, -10.5124], [34.70416, -10.5106], [34.6986, -10.52674], [34.68343, -10.5357], [34.63694, -10.5343], [34.63146, -10.54018], [34.62381, -10.53011], [34.61293, -10.5305], [34.61008, -10.52605], [34.60469, -10.53712], [34.59625, -10.52852], [34.58022, -10.53512], [34.54855, -10.52219], [34.5608, -10.51982], [34.54688, -10.50966], [34.57115, -10.47985], [34.574, -10.46192], [34.57269, -10.46067]]]]}}, {"type": "Feature", "properties": {"name": "Pwani"}, "geometry": {"type": "MultiPolygon", "coordinates": [[[[39.34653, -8.29042], [39.34514, -8.29708], [39.34653, -8.28986], [39.34653, -8.29042]]], [[[39.34819, -8.28292], [39.34292, -8.28431], [39.34819, -8.28264], [39.34819, -8.28292]]], [[[39.27736, -8.26788], [39.24643, -8.2656], [39.24639, -8.27218], [39.24197, -8.27348], [39.21555, -8.25916], [39.20947, -8.26457], [39.18593, -8.26578], [39.16769, -8.27431], [39.12417, -8.31496], [39.09372, -8.33211], [39.0183, -8.33297], [38.9509, -8.37017], [38.8364, -8.40133], [38.79765, -8.42696], [38.74267, -8.4966], [38.71863, -8.51447], [38.62642, -8.51324], [38.51711, -8.50306], [38.51084, -8.41381], [38.5163, -8.38272], [38.5093, -8.37082], [38.51305, -8.35871], [38.51178, -8.35289], [38.49941, -8.34712], [38.49826, -8.33761], [38.48875, -8.3297], [38.48337, -8.31641], [38.13023, -8.12723], [37.99978, -8.08614], [37.88866, -8.03289], [37.8652, -8.01441], [37.84295, -8.00614], [37.84052, -7.989], [37.83468, -7.98207], [37.84064, -7.96955], [37.82824, -7.95934], [37.82641, -7.95058], [37.82228, -7.95326], [37.80866, -7.94734], [37.79984, -7.93105], [37.79536, -7.93023], [37.8047, -7.89421], [37.83429, -7.87934], [37.8437, -7.86216], [37.84191, -7.85088], [37.82869, -7.82943], [37.82928, -7.80036], [37.81874, -7.78467], [37.8236, -7.69807], [37.85857, -7.66123], [37.91282, -7.58561], [37.98632, -7.52867], [37.99472, -7.5313], [38.01506, -7.55081], [38.04417, -7.56054], [38.04892, -7.57272], [38.05528, -7.57374], [38.05939, -7.5849], [38.07433, -7.59685], [38.0753, -7.6039], [38.08706, -7.61068], [38.08918, -7.62032], [38.09795, -7.62171], [38.0973, -7.63052], [38.111, -7.63458], [38.20911, -7.60501], [38.24186, -7.59708], [38.24624, -7.60101], [38.25055, -7.59523], [38.30502, -7.58092], [38.30588, -7.26862], [38.31146, -7.26452], [38.31146, -7.25483], [38.31655, -7.25483], [38.31557, -7.25056], [38.32296, -7.24924], [38.32115, -7.24464], [38.32985, -7.23922], [38.32788, -7.23512], [38.33642, -7.23216], [38.33544, -7.22493], [38.33987, -7.22543], [38.34004, -7.21968], [38.34578, -7.21656], [38.34086, -7.21212], [38.34924, -7.21442], [38.35088, -7.20374], [38.35564, -7.20555], [38.35744, -7.198], [38.36188, -7.20276], [38.36927, -7.19767], [38.36976, -7.18995], [38.37535, -7.18978], [38.37321, -7.18601], [38.3834, -7.18256], [38.38028, -7.17976], [38.38684, -7.18256], [38.39407, -7.17911], [38.39144, -7.18486], [38.39719, -7.18453], [38.39423, -7.19028], [38.40021, -7.19353], [38.40236, -7.18651], [38.41413, -7.19127], [38.41437, -7.18544], [38.42436, -7.18996], [38.42662, -7.1827], [38.43161, -7.18365], [38.43673, -7.17557], [38.43423, -7.17188], [38.44267, -7.16974], [38.43744, -7.15725], [38.44826, -7.15026], [38.44671, -7.14249], [38.45203, -7.14172], [38.4507, -7.13562], [38.45403, -7.13795], [38.45612, -7.12145], [38.46819, -7.11956], [38.46854, -7.12264], [38.48001, -7.10998], [38.48084, -7.08774], [38.49194, -7.08868], [38.49072, -7.07786], [38.49681, -7.07208], [38.49164, -7.06583], [38.49879, -7.06553], [38.49808, -7.05505], [38.50601, -7.05325], [38.50565, -7.04892], [38.51561, -7.04879], [38.51165, -7.04163], [38.5166, -7.03809], [38.5041, -7.02583], [38.46307, -7.0296], [38.45646, -7.02535], [38.41896, -7.02347], [38.41425, -7.03101], [38.40175, -7.02724], [38.40316, -7.02181], [38.39798, -7.01592], [38.38925, -7.01592], [38.3876, -7.01144], [38.37227, -7.0171], [38.36567, -7.01262], [38.35411, -7.01898], [38.34043, -7.01851], [38.33736, -7.01285], [38.32557, -7.01427], [38.31755, -7.00908], [38.32015, -6.9895], [38.306, -6.97606], [38.30175, -6.97889], [38.29916, -6.97275], [38.2836, -6.98596], [38.27628, -6.98313], [38.27416, -6.96757], [38.26709, -6.95695], [38.26376, -6.92133], [38.26441, -6.78656], [38.24701, -6.70375], [38.23151, -6.70136], [38.21119, -6.70804], [38.2048, -6.70143], [38.19777, -6.70366], [38.18211, -6.69579], [38.17292, -6.69896], [38.15192, -6.67799], [38.13317, -6.6694], [38.11624, -6.6764], [38.11349, -6.67372], [38.12085, -6.6721], [38.12027, -6.6687], [38.09052, -6.65788], [38.0429, -6.65782], [38.029, -6.6429], [38.03531, -6.63934], [38.01671, -6.63059], [38.01968, -6.62609], [38.01235, -6.61855], [38.01549, -6.61173], [38.00835, -6.60858], [38.00943, -6.60322], [38.00176, -6.60221], [38.00441, -6.23168], [38.0119, -6.22224], [38.03137, -6.2206], [38.03862, -6.20752], [38.05029, -6.21617], [38.08024, -6.21731], [38.0787, -6.20821], [38.06891, -6.19641], [38.06206, -6.19566], [38.06495, -6.18954], [38.05827, -6.18461], [38.03748, -6.18656], [38.01467, -6.17443], [37.9726, -6.17301], [37.97478, -6.16573], [37.96132, -6.16573], [37.97551, -6.15918], [37.97333, -6.14827], [37.96023, -6.14972], [37.96533, -6.13844], [37.95696, -6.13226], [37.96387, -6.12462], [37.95223, -6.12426], [37.9555, -6.11698], [37.93076, -6.11261], [37.9264, -6.10424], [37.92094, -6.11152], [37.91075, -6.11443], [37.90893, -6.10788], [37.91512, -6.10097], [37.9093, -6.09369], [37.90493, -6.09733], [37.88565, -6.09697], [37.88856, -6.09078], [37.88346, -6.07477], [37.87546, -6.06822], [37.86891, -6.05112], [37.8751, -6.04785], [37.86745, -6.04567], [37.87, -6.03803], [37.86382, -6.02493], [37.86745, -6.01911], [37.85755, -5.99826], [37.85242, -5.99997], [37.84389, -5.99382], [37.84628, -5.97571], [37.86472, -5.96957], [37.86541, -5.9518], [37.85686, -5.9477], [37.85448, -5.93848], [37.84867, -5.94019], [37.85209, -5.93575], [37.84081, -5.93267], [37.84491, -5.92721], [37.84218, -5.92311], [37.82954, -5.91935], [37.83056, -5.91559], [37.81758, -5.90842], [37.81792, -5.90329], [37.80358, -5.89954], [37.79914, -5.89236], [37.81997, -5.88621], [37.86609, -5.89407], [37.87873, -5.88382], [37.88146, -5.87597], [37.89991, -5.87426], [37.91797, -5.8509], [37.93642, -5.84347], [37.95179, -5.85218], [37.97357, -5.85141], [37.99047, -5.86089], [38.00252, -5.87575], [38.00995, -5.86115], [38.02378, -5.8655], [38.02865, -5.86141], [38.05529, -5.86192], [38.05837, -5.8655], [38.074, -5.84988], [38.08194, -5.85654], [38.08783, -5.85218], [38.09167, -5.85987], [38.1009, -5.8632], [38.10781, -5.85705], [38.13574, -5.86781], [38.13574, -5.86012], [38.14189, -5.85603], [38.15803, -5.86064], [38.16469, -5.85731], [38.1665, -5.86271], [38.17408, -5.86426], [38.16885, -5.87133], [38.17439, -5.86887], [38.18023, -5.87502], [38.18761, -5.87103], [38.20052, -5.87656], [38.20575, -5.88179], [38.20391, -5.8864], [38.20944, -5.88763], [38.19899, -5.89624], [38.20391, -5.89839], [38.20729, -5.89193], [38.21559, -5.89839], [38.21989, -5.89624], [38.21866, -5.9027], [38.22512, -5.90577], [38.23267, -5.92433], [38.23963, -5.92042], [38.2459, -5.93057], [38.25896, -5.92866], [38.26611, -5.93275], [38.27627, -5.92987], [38.27494, -5.92563], [38.27943, -5.92343], [38.28651, -5.92762], [38.28934, -5.93837], [38.29539, -5.92593], [38.30379, -5.93022], [38.30008, -5.93335], [38.30912, -5.94262], [38.31144, -5.93601], [38.31946, -5.93672], [38.32454, -5.94702], [38.33741, -5.95537], [38.33184, -5.9665], [38.3439, -5.97484], [38.34251, -5.98933], [38.36627, -5.98528], [38.37647, -5.99107], [38.37983, -5.98365], [38.39189, -5.9898], [38.39212, -5.99571], [38.39756, -5.99049], [38.39374, -5.98481], [38.39687, -5.9811], [38.40324, -5.98435], [38.40406, -5.98041], [38.40904, -5.9847], [38.40696, -5.98887], [38.41333, -5.98829], [38.41555, -6.00824], [38.42479, -6.0078], [38.42392, -6.01326], [38.43127, -6.01669], [38.44892, -6.01032], [38.46515, -6.02192], [38.47092, -6.02001], [38.47121, -6.01399], [38.47879, -6.01074], [38.48345, -6.00167], [38.51759, -6.01002], [38.53053, -6.00823], [38.54472, -5.99895], [38.55031, -6.00399], [38.55859, -6.00325], [38.56161, -6.00857], [38.55253, -6.01267], [38.56259, -6.0179], [38.57387, -6.01247], [38.57993, -6.00124], [38.59289, -5.99661], [38.59713, -5.98348], [38.60504, -5.98278], [38.60496, -5.97933], [38.60881, -5.98757], [38.63239, -5.98693], [38.64297, -5.97743], [38.64571, -5.96566], [38.66123, -5.95495], [38.67079, -5.95382], [38.69579, -5.96371], [38.70474, -5.94766], [38.73123, -5.95541], [38.76012, -5.95541], [38.79171, -5.96895], [38.80097, -5.9622], [38.77764, -6.02431], [38.78097, -6.05375], [38.7993, -6.09431], [38.81653, -6.11236], [38.81486, -6.12403], [38.81792, -6.1182], [38.82458, -6.11986], [38.83097, -6.13958], [38.84292, -6.15486], [38.8568, -6.16347], [38.85097, -6.16958], [38.85986, -6.16514], [38.85708, -6.15625], [38.86458, -6.17625], [38.86597, -6.22236], [38.85736, -6.24208], [38.84986, -6.24792], [38.85403, -6.25653], [38.84097, -6.31514], [38.84764, -6.34931], [38.8657, -6.37292], [38.85375, -6.38181], [38.85209, -6.3893], [38.86792, -6.39931], [38.85458, -6.40736], [38.85375, -6.39875], [38.8532, -6.40736], [38.86931, -6.39931], [38.85708, -6.38597], [38.87097, -6.38208], [38.87931, -6.39764], [38.90097, -6.40542], [38.90208, -6.42708], [38.92125, -6.45097], [38.9432, -6.45903], [38.96042, -6.45458], [38.96958, -6.47236], [38.98042, -6.47764], [39.00625, -6.47958], [39.02042, -6.49375], [39.03458, -6.48931], [39.03764, -6.47344], [38.97764, -6.45458], [39.03236, -6.46708], [39.06736, -6.49847], [39.06542, -6.5043], [39.06986, -6.49903], [39.07736, -6.5043], [39.09514, -6.53931], [39.10708, -6.54625], [39.11153, -6.55958], [39.12147, -6.56625], [39.11804, -6.57792], [39.10886, -6.57983], [39.10538, -6.59077], [39.09679, -6.59276], [39.09348, -6.59956], [39.09091, -6.59452], [39.08597, -6.59561], [39.08892, -6.60259], [39.08066, -6.60292], [39.07513, -6.61821], [39.07775, -6.62535], [39.06962, -6.63505], [39.07326, -6.63689], [39.06881, -6.65712], [39.06007, -6.66587], [39.06142, -6.69132], [39.05679, -6.70156], [39.06128, -6.71021], [39.05675, -6.71442], [39.06039, -6.72107], [39.05194, -6.7242], [39.04367, -6.74307], [39.03013, -6.75384], [39.02735, -6.77147], [39.00788, -6.77908], [39.01242, -6.78316], [39.00871, -6.79116], [39.05413, -6.79007], [39.05143, -6.80938], [39.0576, -6.81537], [39.05995, -6.82738], [39.05887, -6.83924], [39.05434, -6.84287], [39.0663, -6.85428], [39.07125, -6.86768], [39.09087, -6.8757], [39.11554, -6.87558], [39.11882, -6.88004], [39.10645, -6.89748], [39.10885, -6.91507], [39.08808, -6.92315], [39.09415, -6.93337], [39.08768, -6.93002], [39.0868, -6.94172], [39.07903, -6.94852], [39.07618, -6.95977], [39.0667, -6.96267], [39.0596, -6.97311], [39.07448, -6.97962], [39.05919, -6.9998], [39.06521, -7.01396], [39.0509, -7.02833], [39.03615, -7.02208], [39.02308, -7.02326], [39.02637, -7.04068], [39.03909, -7.04992], [39.06042, -7.03255], [39.0686, -7.0313], [39.06553, -7.04813], [39.06969, -7.05736], [39.08219, -7.06777], [39.08763, -7.06353], [39.11305, -7.07311], [39.10827, -7.08666], [39.11512, -7.09387], [39.13435, -7.07323], [39.14004, -7.0432], [39.14993, -7.0354], [39.15162, -7.01966], [39.17441, -7.01103], [39.17017, -6.99514], [39.18279, -6.99481], [39.18305, -6.98732], [39.19239, -6.98233], [39.22055, -6.99427], [39.22566, -6.97724], [39.23174, -6.97429], [39.2448, -6.95088], [39.26974, -6.94381], [39.27742, -6.94913], [39.27778, -6.95768], [39.29857, -6.94815], [39.31421, -6.96004], [39.31826, -6.95767], [39.31375, -6.95291], [39.32756, -6.94798], [39.34468, -6.95541], [39.34386, -6.95977], [39.35433, -6.96121], [39.35988, -6.96998], [39.3713, -6.97308], [39.38487, -6.96797], [39.38489, -6.99672], [39.38765, -7.00022], [39.40124, -6.99855], [39.40561, -7.00964], [39.40498, -7.03553], [39.40003, -7.04376], [39.40845, -7.05271], [39.40998, -7.06528], [39.39304, -7.08573], [39.40619, -7.09403], [39.4097, -7.11263], [39.41769, -7.12558], [39.40655, -7.13457], [39.40324, -7.14421], [39.40757, -7.15068], [39.40708, -7.16896], [39.41723, -7.16446], [39.42203, -7.15183], [39.43335, -7.15564], [39.43519, -7.1681], [39.45148, -7.15646], [39.4465, -7.16078], [39.45016, -7.16991], [39.44252, -7.1764], [39.45125, -7.18208], [39.43403, -7.18069], [39.44431, -7.18764], [39.43153, -7.21014], [39.42542, -7.24708], [39.41292, -7.25347], [39.4193, -7.23181], [39.41403, -7.24847], [39.40458, -7.24292], [39.39792, -7.24569], [39.40792, -7.24569], [39.41069, -7.25264], [39.39153, -7.27653], [39.37764, -7.27986], [39.37597, -7.29153], [39.37042, -7.29431], [39.37986, -7.28986], [39.36764, -7.31764], [39.3582, -7.31681], [39.35069, -7.32264], [39.34903, -7.34236], [39.35514, -7.32764], [39.35959, -7.32875], [39.36042, -7.33569], [39.35097, -7.36264], [39.35292, -7.39736], [39.34486, -7.41208], [39.34153, -7.40764], [39.33375, -7.41153], [39.3332, -7.41458], [39.33931, -7.4118], [39.32042, -7.43431], [39.30931, -7.45736], [39.29514, -7.53125], [39.28097, -7.56486], [39.27542, -7.59625], [39.28014, -7.63625], [39.30375, -7.67347], [39.2907, -7.70542], [39.2907, -7.71931], [39.30903, -7.74569], [39.30931, -7.75319], [39.3182, -7.75653], [39.32097, -7.73153], [39.32792, -7.72847], [39.35514, -7.7568], [39.35375, -7.76792], [39.38653, -7.77486], [39.40625, -7.78986], [39.40458, -7.79681], [39.40903, -7.80069], [39.43375, -7.81014], [39.43875, -7.81708], [39.44708, -7.81347], [39.44514, -7.85125], [39.43736, -7.85847], [39.42514, -7.89514], [39.41375, -7.90375], [39.41958, -7.92986], [39.43042, -7.94903], [39.4282, -7.96792], [39.43514, -7.97458], [39.43458, -7.98292], [39.4468, -7.98653], [39.44931, -8.00458], [39.42764, -8.05264], [39.42014, -8.0843], [39.41125, -8.0907], [39.40986, -8.10264], [39.39931, -8.11014], [39.38597, -8.14069], [39.37569, -8.15042], [39.36403, -8.20319], [39.3532, -8.21764], [39.35625, -8.22375], [39.35014, -8.22125], [39.34486, -8.22681], [39.34319, -8.24736], [39.33486, -8.2518], [39.34403, -8.26986], [39.35042, -8.27264], [39.34958, -8.27958], [39.34236, -8.28097], [39.34292, -8.29708], [39.32042, -8.28847], [39.32681, -8.29847], [39.31102, -8.29958], [39.28308, -8.27296], [39.27736, -8.26788]]], [[[39.71653, -8.04764], [39.74514, -8.05208], [39.72208, -8.07347], [39.71514, -8.06319], [39.71764, -8.05431], [39.7132, -8.04736], [39.71653, -8.04736], [39.71653, -8.04764]]], [[[39.76569, -8.03458], [39.76181, -8.03653], [39.76569, -8.0343], [39.76569, -8.03458]]], [[[39.80208, -7.96403], [39.80014, -7.97069], [39.80347, -7.97069], [39.80403, -7.96125], [39.81403, -7.97292], [39.80042, -7.99792], [39.78097, -8.02597], [39.76625, -8.03236], [39.75903, -8.03069], [39.7557, -8.02015], [39.74875, -8.01708], [39.75236, -8.01291], [39.75764, -8.01875], [39.76125, -8.0068], [39.75792, -7.99403], [39.7668, -7.97986], [39.77625, -7.97958], [39.77736, -7.98736], [39.79291, -7.98569], [39.80208, -7.96375], [39.80208, -7.96403]]], [[[39.74736, -7.9793], [39.74931, -7.97764], [39.74708, -7.9793], [39.74736, -7.9793]]], [[[39.76375, -7.97097], [39.76403, -7.9843], [39.75847, -7.98819], [39.75458, -7.98542], [39.75708, -7.97097], [39.76375, -7.97069], [39.76375, -7.97097]]], [[[39.70042, -7.99292], [39.68986, -7.99736], [39.66097, -7.99319], [39.64764, -7.99569], [39.62764, -7.98681], [39.61709, -7.98069], [39.60959, -7.96403], [39.59014, -7.94958], [39.58903, -7.94236], [39.61292, -7.9468], [39.61347, -7.93653], [39.62125, -7.92847], [39.63542, -7.92903], [39.63542, -7.92375], [39.64736, -7.92069], [39.66986, -7.90236], [39.69764, -7.86125], [39.71681, -7.85014], [39.71347, -7.83208], [39.71181, -7.84042], [39.70319, -7.83542], [39.70764, -7.81875], [39.71542, -7.81458], [39.75597, -7.81403], [39.76986, -7.80597], [39.78931, -7.80264], [39.79736, -7.79375], [39.81792, -7.78903], [39.81875, -7.78569], [39.81042, -7.78847], [39.81597, -7.77403], [39.80875, -7.78486], [39.78542, -7.7868], [39.78764, -7.77958], [39.77097, -7.78403], [39.79792, -7.76986], [39.80236, -7.76458], [39.79986, -7.75819], [39.80901, -7.75341], [39.83042, -7.74569], [39.83653, -7.75097], [39.84181, -7.74847], [39.83764, -7.74653], [39.84792, -7.71681], [39.86792, -7.70014], [39.86625, -7.68403], [39.88875, -7.66764], [39.89653, -7.63819], [39.90625, -7.63903], [39.91014, -7.6543], [39.90653, -7.71236], [39.89653, -7.76153], [39.87347, -7.82708], [39.85181, -7.84792], [39.84958, -7.85736], [39.85736, -7.86875], [39.84708, -7.89569], [39.83431, -7.91403], [39.81681, -7.92125], [39.80681, -7.91819], [39.79625, -7.90292], [39.77125, -7.90681], [39.7518, -7.92125], [39.74958, -7.93014], [39.73792, -7.93486], [39.73208, -7.94764], [39.73347, -7.95486], [39.74736, -7.96292], [39.74931, -7.97597], [39.7007, -7.99292], [39.70042, -7.99292]]], [[[39.51653, -7.94236], [39.53264, -7.94736], [39.5068, -7.94458], [39.51653, -7.94208], [39.51653, -7.94236]]], [[[39.6032, -7.94347], [39.59625, -7.94236], [39.6032, -7.94319], [39.6032, -7.94347]]], [[[39.81708, -7.92736], [39.81847, -7.93931], [39.80375, -7.94347], [39.80347, -7.93486], [39.80708, -7.93264], [39.80819, -7.93958], [39.81181, -7.92764], [39.81708, -7.92708], [39.81708, -7.92736]]], [[[39.83792, -7.7407], [39.83403, -7.74431], [39.83847, -7.7407], [39.83792, -7.7407]]], [[[39.68236, -7.70236], [39.67986, -7.7043], [39.68236, -7.70208], [39.68236, -7.70236]]], [[[39.88625, -7.66208], [39.88264, -7.66903], [39.87931, -7.66736], [39.88625, -7.66181], [39.88625, -7.66208]]], [[[39.68292, -7.61542], [39.68486, -7.62208], [39.68014, -7.61903], [39.68292, -7.61486], [39.68292, -7.61542]]], [[[39.39986, -7.53514], [39.40319, -7.54764], [39.3932, -7.55292], [39.38681, -7.54264], [39.39431, -7.53403], [39.39986, -7.53486], [39.39986, -7.53514]]], [[[39.40958, -7.51569], [39.40569, -7.5168], [39.40958, -7.51542], [39.40958, -7.51569]]], [[[39.34292, -7.41236], [39.34097, -7.40903], [39.34292, -7.40986], [39.34292, -7.41236]]], [[[39.43347, -7.40875], [39.42986, -7.4093], [39.43319, -7.40875], [39.43347, -7.40875]]], [[[39.47847, -7.33514], [39.47736, -7.33903], [39.47486, -7.33514], [39.47847, -7.33458], [39.47847, -7.33514]]], [[[39.48486, -7.26181], [39.48208, -7.26042], [39.48486, -7.26125], [39.48486, -7.26181]]], [[[39.40903, -7.39958], [39.41319, -7.40403], [39.41069, -7.4093], [39.41653, -7.41292], [39.41569, -7.42347], [39.41014, -7.41903], [39.40319, -7.42403], [39.39625, -7.41514], [39.38792, -7.41903], [39.37431, -7.41292], [39.40042, -7.39819], [39.40934, -7.39958], [39.40903, -7.39958]]], [[[39.35597, -7.32125], [39.35153, -7.32903], [39.35597, -7.32097], [39.35597, -7.32125]]], [[[39.3607, -7.31986], [39.36375, -7.32736], [39.35653, -7.32597], [39.35708, -7.31958], [39.3607, -7.31958], [39.3607, -7.31986]]], [[[39.38847, -7.27986], [39.38792, -7.2843], [39.38347, -7.2793], [39.38829, -7.27986], [39.38847, -7.27986]]], [[[39.00264, -6.47653], [38.99931, -6.47736], [39.00208, -6.47653], [39.00264, -6.47653]]], [[[39.0057, -6.46736], [39.00792, -6.47903], [38.99875, -6.47347], [39.00514, -6.46736], [39.0057, -6.46736]]], [[[38.98653, -6.47236], [38.98847, -6.47347], [38.98653, -6.47264], [38.98653, -6.47236]]], [[[38.98097, -6.46458], [38.98069, -6.4693], [38.97375, -6.46708], [38.97486, -6.46347], [38.98069, -6.46458], [38.98097, -6.46458]]], [[[38.85514, -6.3907], [38.85319, -6.38736], [38.85486, -6.3907], [38.85514, -6.3907]]]]}}, {"type": "Feature", "properties": {"name": "Rukwa"}, "geometry": {"type": "MultiPolygon", "coordinates": [[[[32.11711, -8.97288], [32.1108, -8.99138], [32.10688, -8.99225], [32.11395, -9.05745], [32.12036, -9.06007], [32.06944, -9.04813], [32.01528, -9.06212], [32.01368, -9.07141], [31.98807, -9.07526], [31.96471, -9.05796], [31.95344, -9.03524], [31.93687, -9.01914], [31.93725, -9.00045], [31.92951, -8.98223], [31.94961, -8.94051], [31.94951, -8.92441], [31.94504, -8.9191], [31.93829, -8.9172], [31.92519, -8.92445], [31.80146, -8.88512], [31.76509, -8.89482], [31.73581, -8.92326], [31.71717, -8.91929], [31.7003, -8.92405], [31.6931, -8.9168], [31.67888, -8.91652], [31.67415, -8.90433], [31.66826, -8.90262], [31.65367, -8.88167], [31.61811, -8.86772], [31.60204, -8.85614], [31.59567, -8.8452], [31.58472, -8.84323], [31.57927, -8.83686], [31.56763, -8.81302], [31.5734, -8.80212], [31.5682, -8.76492], [31.58146, -8.73732], [31.56984, -8.70391], [31.56271, -8.7024], [31.55215, -8.68772], [31.54162, -8.68671], [31.53749, -8.67886], [31.50827, -8.67945], [31.49788, -8.68587], [31.48602, -8.6818], [31.47623, -8.6585], [31.45895, -8.63909], [31.40728, -8.63756], [31.39117, -8.62391], [31.38812, -8.60769], [31.37674, -8.60144], [31.37455, -8.58748], [31.36364, -8.58901], [31.35917, -8.59444], [31.36295, -8.60762], [31.35663, -8.60675], [31.34798, -8.6169], [31.34009, -8.61124], [31.33457, -8.61448], [31.33101, -8.61136], [31.32569, -8.61681], [31.32533, -8.60837], [31.31235, -8.60673], [31.29493, -8.62405], [31.29481, -8.62931], [31.27418, -8.63215], [31.26814, -8.6265], [31.27064, -8.61268], [31.25924, -8.59038], [31.24484, -8.57998], [31.20854, -8.57608], [31.18764, -8.58688], [31.18114, -8.60258], [31.16494, -8.61488], [31.13654, -8.62198], [31.10364, -8.62268], [31.05054, -8.60288], [31.01694, -8.57668], [30.84214, -8.35718], [30.79508, -8.27676], [30.75637, -8.18471], [30.73866, -8.10982], [30.68521, -8.01799], [30.65162, -7.98068], [30.62714, -7.89699], [30.54018, -7.66136], [30.42297, -7.418], [30.35889, -7.24783], [30.27067, -7.07521], [30.23406, -7.01804], [30.50376, -6.91504], [30.55091, -6.91022], [30.62807, -6.89152], [30.6956, -6.88845], [30.75113, -6.90076], [30.78744, -6.9151], [30.85108, -6.92019], [30.94957, -6.94211], [30.9702, -6.96742], [30.97078, -6.98265], [30.95385, -7.07477], [30.98615, -7.11354], [31.00377, -7.11736], [31.04597, -7.11602], [31.0802, -7.12922], [31.14735, -7.1768], [31.1434, -7.19622], [31.16183, -7.21982], [31.18303, -7.21066], [31.2323, -7.21876], [31.24352, -7.21347], [31.26039, -7.21459], [31.27368, -7.21927], [31.28466, -7.23066], [31.3074, -7.23391], [31.32335, -7.24796], [31.33708, -7.24591], [31.3462, -7.25244], [31.33997, -7.35271], [31.35453, -7.42805], [31.376, -7.4728], [31.43, -7.4685], [31.43132, -7.42359], [31.43761, -7.41827], [31.47673, -7.41014], [31.48185, -7.41766], [31.48645, -7.4499], [31.49375, -7.45039], [31.48711, -7.46213], [31.48588, -7.48904], [31.49223, -7.5105], [31.51176, -7.53013], [31.52483, -7.53117], [31.54028, -7.56884], [31.59235, -7.59164], [31.69587, -7.59509], [31.78559, -7.60544], [31.91671, -7.70896], [31.98707, -7.77407], [32.13066, -7.8677], [32.32734, -7.98157], [32.48608, -8.11269], [32.50333, -8.17481], [32.48608, -8.23347], [32.44274, -8.24872], [32.4334, -8.24228], [32.41983, -8.25959], [32.41657, -8.27851], [32.40271, -8.2851], [32.39575, -8.30026], [32.3857, -8.30465], [32.38329, -8.31893], [32.36295, -8.31692], [32.36364, -8.30883], [32.35571, -8.30413], [32.33644, -8.31351], [32.33061, -8.30373], [32.32376, -8.31375], [32.30976, -8.31323], [32.30615, -8.33878], [32.30253, -8.34108], [32.3017, -8.33584], [32.29609, -8.33619], [32.29207, -8.34696], [32.29539, -8.35217], [32.28542, -8.34918], [32.29043, -8.36306], [32.27769, -8.3635], [32.27877, -8.37285], [32.2707, -8.37825], [32.26646, -8.3916], [32.27507, -8.39269], [32.27075, -8.39959], [32.27723, -8.40531], [32.27974, -8.42328], [32.27754, -8.43412], [32.26538, -8.44275], [32.26998, -8.44553], [32.27677, -8.44207], [32.27109, -8.44791], [32.27648, -8.45543], [32.27294, -8.46049], [32.27657, -8.46511], [32.27925, -8.4611], [32.28461, -8.46414], [32.2818, -8.47511], [32.28661, -8.47546], [32.29034, -8.46868], [32.29692, -8.47022], [32.29801, -8.48599], [32.28997, -8.48543], [32.30259, -8.49594], [32.29921, -8.49945], [32.30477, -8.5038], [32.30142, -8.51193], [32.31497, -8.51164], [32.29545, -8.53185], [32.30177, -8.53676], [32.29169, -8.5437], [32.29961, -8.54923], [32.29313, -8.55077], [32.28869, -8.55988], [32.29158, -8.57259], [32.2551, -8.61135], [32.25539, -8.65774], [32.24478, -8.65974], [32.24308, -8.67615], [32.23114, -8.69543], [32.21395, -8.71042], [32.18571, -8.71549], [32.16631, -8.69698], [32.13585, -8.69886], [32.11655, -8.70707], [32.08277, -8.73748], [32.0714, -8.76422], [32.0583, -8.78006], [32.02092, -8.80623], [32.02843, -8.82101], [32.05196, -8.83211], [32.08168, -8.85764], [32.06672, -8.86842], [32.06564, -8.8745], [32.13447, -8.93187], [32.14293, -8.94353], [32.12271, -8.95633], [32.11782, -8.97198], [32.11711, -8.97288]]]]}}, {"type": "Feature", "properties": {"name": "Ruvuma"}, "geometry": {"type": "MultiPolygon", "coordinates": [[[[34.93631, -11.4831], [34.92571, -11.41508], [34.91015, -11.37779], [34.88268, -11.3552], [34.83353, -11.33164], [34.80488, -11.32122], [34.78342, -11.32646], [34.77603, -11.2977], [34.78817, -11.29036], [34.78936, -11.27979], [34.77728, -11.26458], [34.76307, -11.25972], [34.76031, -11.24338], [34.73753, -11.21255], [34.72444, -11.182], [34.7107, -11.17415], [34.69792, -11.15068], [34.68605, -11.14122], [34.63319, -11.1177], [34.62834, -11.10204], [34.63726, -11.08045], [34.62891, -11.06755], [34.63008, -11.06433], [34.63823, -11.06827], [34.63454, -11.05262], [34.62012, -11.04752], [34.6108, -11.04933], [34.6027, -11.03068], [34.60114, -11.00768], [34.60868, -10.98056], [34.63649, -10.94684], [34.64963, -10.91192], [34.64083, -10.89626], [34.64553, -10.87857], [34.64188, -10.85602], [34.65037, -10.81534], [34.6451, -10.78612], [34.65194, -10.75763], [34.63759, -10.72908], [34.62231, -10.71684], [34.61649, -10.70551], [34.62538, -10.68116], [34.6203, -10.66091], [34.60733, -10.63076], [34.59757, -10.62476], [34.58691, -10.60473], [34.59203, -10.5898], [34.59771, -10.58865], [34.59431, -10.58155], [34.55882, -10.55638], [34.54855, -10.52219], [34.58022, -10.53512], [34.59625, -10.52852], [34.60295, -10.5374], [34.60921, -10.52606], [34.61293, -10.5305], [34.62381, -10.53011], [34.63146, -10.54018], [34.63694, -10.5343], [34.68343, -10.5357], [34.6986, -10.52674], [34.70416, -10.5106], [34.72111, -10.5124], [34.76597, -10.49308], [34.76013, -10.48746], [34.78317, -10.44158], [34.80635, -10.44719], [34.80616, -10.45169], [34.81564, -10.45694], [34.8179, -10.49193], [34.85608, -10.47007], [34.86343, -10.45872], [34.8711, -10.45566], [34.87018, -10.44584], [34.87999, -10.42775], [34.89993, -10.41273], [34.91526, -10.39126], [34.93121, -10.38421], [34.95605, -10.34036], [34.96709, -10.33699], [34.97108, -10.31705], [34.98457, -10.3192], [34.9986, -10.30968], [35.01395, -10.31278], [35.01257, -10.30399], [34.99998, -10.28777], [34.99791, -10.30054], [34.99429, -10.29933], [34.99221, -10.28553], [34.99722, -10.27966], [34.99666, -10.2633], [35.002, -10.27009], [35.01199, -10.2666], [34.98065, -10.22911], [34.9894, -10.22083], [34.98318, -10.21669], [34.9818, -10.20795], [34.98617, -10.20151], [34.99261, -10.20289], [34.991, -10.19162], [35.00595, -10.19277], [35.01009, -10.18495], [35.02206, -10.17989], [35.03632, -10.18679], [35.03983, -10.18261], [35.02941, -10.1774], [35.03891, -10.16391], [35.05425, -10.17065], [35.06161, -10.15256], [35.06866, -10.17249], [35.08154, -10.16697], [35.08798, -10.17372], [35.10056, -10.17188], [35.10945, -10.17617], [35.12693, -10.16084], [35.11221, -10.14796], [35.13, -10.13784], [35.13745, -10.14478], [35.13194, -10.16358], [35.14004, -10.16996], [35.14587, -10.16749], [35.15703, -10.1433], [35.17353, -10.12203], [35.18107, -10.09469], [35.19328, -10.07993], [35.21692, -10.01342], [35.21917, -9.98266], [35.19964, -9.95979], [35.19717, -9.94297], [35.18769, -9.94004], [35.18947, -9.93383], [35.18264, -9.93224], [35.16799, -9.91566], [35.17221, -9.89666], [35.16852, -9.88643], [35.17939, -9.85963], [35.17699, -9.83886], [35.14804, -9.82487], [35.14856, -9.81224], [35.13409, -9.79863], [35.12608, -9.79727], [35.10642, -9.77622], [35.13646, -9.76575], [35.14088, -9.75624], [35.1566, -9.75592], [35.1825, -9.7308], [35.21823, -9.71082], [35.24339, -9.68268], [35.33335, -9.63459], [35.34995, -9.63265], [35.36272, -9.6249], [35.38466, -9.59628], [35.4413, -9.5452], [35.45856, -9.51946], [35.5239, -9.47419], [35.5559, -9.4584], [35.6322, -9.27452], [35.67273, -9.26197], [35.68126, -9.25372], [35.70134, -9.28652], [35.72411, -9.29519], [35.72897, -9.29237], [35.72954, -9.29811], [35.7321, -9.29373], [35.74494, -9.29475], [35.74718, -9.29923], [35.75637, -9.29587], [35.75622, -9.3037], [35.77037, -9.30883], [35.77462, -9.32213], [35.8024, -9.31038], [35.8073, -9.30028], [35.83022, -9.29034], [35.84057, -9.27432], [35.87198, -9.25372], [35.89964, -9.25038], [35.91162, -9.25406], [35.91805, -9.26773], [35.91388, -9.27443], [35.91904, -9.29324], [35.91357, -9.3098], [35.91965, -9.32796], [35.92606, -9.32734], [35.92041, -9.33501], [35.92094, -9.35139], [35.94027, -9.38594], [35.94461, -9.40398], [35.9467, -9.42904], [35.93433, -9.45614], [35.92959, -9.45285], [35.91679, -9.46695], [35.89256, -9.4777], [35.88772, -9.48496], [35.88688, -9.50282], [35.87572, -9.51194], [35.84586, -9.55701], [35.81168, -9.67603], [35.78864, -9.6961], [35.77643, -9.71507], [35.74615, -9.73746], [35.74367, -9.74459], [35.73039, -9.74984], [35.71988, -9.7656], [35.7137, -9.76464], [35.71178, -9.77455], [35.70245, -9.78005], [35.69516, -9.79692], [35.68536, -9.80215], [35.67611, -9.82132], [35.67435, -9.83645], [35.68223, -9.83911], [35.68615, -9.84631], [35.68737, -9.8703], [35.6998, -9.86925], [35.71745, -9.8828], [35.73214, -9.88598], [35.75635, -9.91845], [35.77163, -9.92346], [35.80744, -9.89948], [35.84496, -9.88767], [35.88652, -9.83819], [35.92231, -9.81406], [35.92428, -9.8052], [35.93583, -9.79942], [35.94188, -9.8021], [35.95515, -9.78914], [35.98922, -9.77397], [35.99591, -9.7752], [36.00593, -9.76617], [36.01839, -9.76532], [36.01894, -9.75989], [36.03212, -9.75596], [36.03649, -9.75959], [36.03603, -9.75382], [36.04933, -9.73936], [36.06398, -9.73668], [36.07648, -9.74256], [36.07102, -9.7605], [36.07783, -9.76307], [36.08141, -9.75875], [36.08238, -9.7648], [36.08879, -9.76405], [36.08544, -9.77481], [36.09277, -9.77532], [36.09872, -9.78609], [36.10789, -9.78522], [36.1075, -9.78166], [36.1152, -9.78557], [36.12127, -9.77958], [36.12404, -9.78448], [36.1279, -9.78102], [36.14208, -9.78664], [36.14577, -9.77684], [36.15526, -9.77072], [36.16014, -9.77464], [36.1677, -9.76334], [36.16998, -9.7679], [36.17456, -9.7645], [36.18628, -9.77032], [36.22451, -9.76268], [36.25013, -9.76883], [36.26954, -9.76718], [36.28938, -9.77551], [36.29293, -9.76544], [36.2986, -9.76292], [36.30536, -9.76809], [36.31819, -9.75607], [36.32502, -9.75748], [36.32993, -9.72771], [36.33427, -9.72459], [36.3818, -9.71253], [36.39843, -9.70001], [36.40277, -9.68832], [36.40985, -9.68791], [36.4133, -9.66919], [36.42575, -9.67061], [36.42738, -9.65747], [36.43591, -9.65402], [36.4349, -9.64663], [36.44733, -9.6418], [36.44673, -9.62809], [36.45214, -9.61548], [36.4646, -9.60679], [36.46883, -9.60928], [36.46413, -9.62119], [36.47157, -9.6216], [36.46855, -9.64653], [36.46501, -9.6465], [36.46353, -9.65492], [36.45398, -9.6538], [36.45819, -9.65805], [36.45242, -9.67171], [36.46468, -9.69008], [36.48061, -9.6916], [36.49921, -9.71458], [36.4949, -9.72298], [36.50155, -9.73358], [36.49331, -9.74687], [36.50481, -9.77226], [36.51121, -9.81862], [36.53868, -9.81445], [36.56148, -9.80426], [36.58681, -9.78434], [36.60541, -9.75949], [36.64287, -9.75976], [36.68283, -9.75333], [36.73623, -9.75978], [36.76759, -9.75268], [36.76697, -9.75587], [36.90142, -9.68111], [36.99421, -9.63577], [37.14199, -9.58635], [37.12809, -9.61543], [37.12035, -9.65757], [37.0881, -9.72252], [37.04914, -9.75704], [37.03452, -9.79665], [37.01509, -9.80336], [36.98279, -9.8714], [36.97017, -9.88869], [36.89544, -9.93599], [36.88709, -9.95632], [36.88186, -9.99288], [36.88543, -10.0202], [36.87915, -10.02388], [36.86895, -10.05172], [36.87494, -10.09393], [36.90176, -10.11242], [36.94893, -10.17312], [36.98383, -10.24483], [37.00325, -10.26461], [37.03526, -10.28289], [37.08138, -10.29324], [37.14968, -10.30006], [37.23663, -10.34639], [37.36437, -10.38185], [37.42245, -10.40328], [37.50493, -10.43856], [37.52902, -10.4532], [37.54717, -10.45773], [37.55262, -10.46655], [37.58422, -10.47756], [37.61504, -10.50843], [37.64657, -10.5144], [37.6987, -10.53567], [37.75718, -10.54786], [37.76669, -10.54266], [37.78684, -10.54847], [37.82092, -10.54356], [37.86095, -10.54865], [37.86603, -10.55291], [37.85695, -10.57611], [37.86523, -10.58019], [37.87691, -10.60998], [37.87527, -10.62045], [37.88469, -10.62814], [37.87986, -10.64917], [37.88602, -10.66824], [37.88303, -10.68493], [37.88645, -10.73629], [37.951, -10.73644], [37.98021, -10.72705], [38.0373, -10.72031], [38.04722, -10.72971], [38.04875, -10.77061], [38.03201, -10.78845], [38.02635, -10.82403], [38.01204, -10.83949], [38.01141, -10.84897], [38.001, -10.85378], [38.00229, -10.86319], [38.01103, -10.87299], [38.01167, -10.89138], [38.01914, -10.8997], [38.00796, -10.92448], [38.0094, -10.94168], [38.02186, -10.95457], [38.02149, -10.97424], [38.01405, -10.98795], [38.02179, -11.00498], [38.01725, -11.01762], [38.04004, -11.05278], [38.04166, -11.07522], [38.05184, -11.08316], [38.04987, -11.13603], [38.07633, -11.15391], [38.07089, -11.16486], [38.07584, -11.1799], [38.07023, -11.18404], [38.07791, -11.19128], [38.07857, -11.20502], [38.09174, -11.21722], [38.08661, -11.22392], [38.09118, -11.23678], [38.10428, -11.24048], [38.1152, -11.26073], [38.05753, -11.27405], [38.02995, -11.26766], [38.01749, -11.27104], [37.999, -11.26159], [37.96865, -11.26574], [37.92903, -11.2571], [37.87457, -11.28259], [37.85186, -11.30366], [37.83362, -11.30665], [37.82937, -11.3173], [37.82708, -11.36552], [37.81571, -11.37783], [37.80788, -11.40626], [37.78557, -11.42257], [37.77389, -11.46008], [37.77545, -11.46977], [37.78793, -11.48039], [37.78556, -11.4956], [37.77849, -11.5138], [37.75652, -11.54151], [37.74063, -11.55175], [37.65881, -11.57418], [37.62256, -11.6043], [37.5835, -11.62254], [37.53162, -11.61041], [37.49644, -11.61335], [37.48529, -11.6236], [37.43895, -11.64115], [37.43067, -11.64892], [37.41945, -11.68], [37.41436, -11.68248], [37.38423, -11.68824], [37.35863, -11.67685], [37.33805, -11.67517], [37.31816, -11.66319], [37.2993, -11.63966], [37.28159, -11.63362], [37.26227, -11.63413], [37.2213, -11.65168], [37.1568, -11.63223], [37.13684, -11.63304], [37.11314, -11.6257], [37.07895, -11.62329], [37.05357, -11.59951], [37.04115, -11.5803], [37.02505, -11.56917], [37.01682, -11.57194], [37.01151, -11.58049], [37.00699, -11.6026], [36.88868, -11.60611], [36.86571, -11.59245], [36.84143, -11.59029], [36.82665, -11.57819], [36.82129, -11.5796], [36.7195, -11.69288], [36.6899, -11.70248], [36.6634, -11.72286], [36.63608, -11.72599], [36.60362, -11.72271], [36.56031, -11.7457], [36.54956, -11.74552], [36.53593, -11.72902], [36.51654, -11.72636], [36.50927, -11.72041], [36.49954, -11.69033], [36.47524, -11.6863], [36.41993, -11.69161], [36.383, -11.68142], [36.36465, -11.70358], [36.31691, -11.70197], [36.27595, -11.71015], [36.26711, -11.71801], [36.25076, -11.71485], [36.23941, -11.70662], [36.18958, -11.71623], [36.18231, -11.70843], [36.18761, -11.68886], [36.17309, -11.67604], [36.17001, -11.66547], [36.18111, -11.63898], [36.17475, -11.62405], [36.17798, -11.61415], [36.17228, -11.58956], [36.15191, -11.57284], [36.13252, -11.56646], [36.12391, -11.55197], [36.09861, -11.54749], [36.08906, -11.537], [36.05066, -11.51498], [36.02542, -11.50264], [35.99484, -11.49789], [35.95701, -11.48306], [35.95395, -11.47731], [35.96205, -11.45751], [35.9613, -11.44256], [35.94189, -11.42491], [35.85769, -11.42397], [35.8446, -11.40974], [35.83432, -11.40724], [35.82033, -11.40957], [35.81175, -11.42914], [35.77637, -11.47129], [35.71203, -11.48133], [35.70272, -11.491], [35.70386, -11.51856], [35.68824, -11.52503], [35.67474, -11.55646], [35.66072, -11.5634], [35.64957, -11.57862], [35.64745, -11.59284], [35.63927, -11.58572], [35.59657, -11.59651], [35.58256, -11.58529], [35.57557, -11.60346], [35.56763, -11.59909], [35.5639, -11.60416], [35.54849, -11.59473], [35.54638, -11.59932], [35.53869, -11.59243], [35.53286, -11.59934], [35.53917, -11.61152], [35.51862, -11.60417], [35.51068, -11.58347], [35.49364, -11.57543], [35.48851, -11.57589], [35.49482, -11.5867], [35.49271, -11.5913], [35.47475, -11.59498], [35.45701, -11.58417], [35.45467, -11.59107], [35.43577, -11.58716], [35.42434, -11.56669], [35.39633, -11.58186], [35.3807, -11.56967], [35.35889, -11.56803], [35.34069, -11.55654], [34.95793, -11.57134], [34.94701, -11.52957], [34.94888, -11.516], [34.94028, -11.49349], [34.93631, -11.4831]]]]}}, {"type": "Feature", "properties": {"name": "Shinyanga"}, "geometry": {"type": "MultiPolygon", "coordinates": [[[[33.33814, -3.90137], [33.31766, -3.91078], [33.30637, -3.90824], [33.29398, -3.91612], [33.27721, -3.91418], [33.24528, -3.93645], [33.22497, -3.93595], [33.21752, -3.95915], [33.20424, -3.95853], [33.19578, -3.95106], [33.18581, -3.96029], [33.17081, -3.9651], [33.13238, -3.95984], [33.10227, -3.96769], [33.07103, -3.96586], [33.0286, -3.93963], [33.02324, -3.91862], [33.01344, -3.9086], [32.93406, -3.91659], [32.92231, -3.92811], [32.84978, -3.91832], [32.83565, -3.93787], [32.81318, -3.95258], [32.80274, -3.95392], [32.75848, -3.95414], [32.74297, -3.94836], [32.70417, -3.94739], [32.7016, -4.00279], [32.68858, -4.04399], [32.69195, -4.08889], [32.67848, -4.09955], [32.67062, -4.1248], [32.63919, -4.1321], [32.66164, -4.16914], [32.67599, -4.17116], [32.69796, -4.19247], [32.73081, -4.18882], [32.74763, -4.23831], [32.67189, -4.26228], [32.66479, -4.26847], [32.59081, -4.28827], [32.59292, -4.25378], [32.58084, -4.2037], [32.56451, -4.20282], [32.54852, -4.19536], [32.53734, -4.176], [32.50786, -4.1879], [32.50297, -4.19437], [32.50289, -4.2172], [32.48761, -4.22963], [32.44659, -4.21382], [32.40772, -4.21346], [32.42043, -4.25346], [32.42008, -4.27599], [32.41628, -4.29822], [32.40068, -4.32664], [32.3843, -4.31151], [32.36651, -4.3075], [32.34901, -4.28218], [32.32616, -4.27143], [32.30881, -4.27021], [32.28652, -4.27737], [32.24301, -4.26778], [32.22852, -4.26869], [32.22346, -4.26265], [32.18586, -4.26207], [32.1788, -4.25516], [32.16936, -4.25594], [32.14652, -4.2465], [32.10273, -4.24737], [32.08183, -4.23828], [32.05658, -4.21566], [32.04103, -4.21355], [32.01094, -4.18867], [32.00078, -4.18868], [31.93991, -4.12672], [31.88312, -4.1021], [31.82847, -4.09139], [31.78519, -4.09028], [31.68297, -4.05441], [31.69477, -4.03289], [31.69231, -4.02198], [31.69899, -4.00783], [31.6975, -4.00091], [31.71242, -3.97943], [31.74598, -3.97311], [31.74606, -3.96858], [31.7552, -3.96893], [31.77134, -3.95671], [31.79696, -3.96004], [31.83275, -3.9492], [31.83659, -3.92358], [31.86725, -3.87986], [31.86341, -3.86586], [31.87186, -3.85715], [31.88185, -3.83179], [31.87698, -3.7867], [31.9395, -3.76834], [31.96961, -3.75014], [32.00207, -3.74657], [32.06408, -3.78233], [32.08814, -3.78672], [32.11688, -3.77355], [32.12456, -3.77406], [32.14726, -3.7501], [32.1585, -3.7452], [32.17495, -3.76936], [32.19101, -3.77483], [32.19963, -3.76971], [32.20324, -3.75328], [32.21976, -3.73278], [32.24257, -3.74409], [32.25857, -3.76157], [32.27627, -3.76723], [32.28356, -3.77735], [32.292, -3.77723], [32.30912, -3.79142], [32.3671, -3.816], [32.37128, -3.78812], [32.37, -3.72157], [32.39893, -3.71834], [32.4119, -3.68202], [32.41623, -3.6541], [32.39521, -3.59711], [32.36417, -3.61659], [32.31697, -3.62883], [32.31415, -3.59349], [32.30386, -3.58079], [32.30273, -3.57239], [32.33093, -3.52], [32.33059, -3.47181], [32.32222, -3.45957], [32.3249, -3.44026], [32.30798, -3.41156], [32.30934, -3.3846], [32.31505, -3.37122], [32.30482, -3.33782], [32.30729, -3.31328], [32.34819, -3.32937], [32.36097, -3.28272], [32.37791, -3.25978], [32.39998, -3.26285], [32.42939, -3.22695], [32.43913, -3.22116], [32.45911, -3.22289], [32.4831, -3.20246], [32.50123, -3.19824], [32.52142, -3.20053], [32.52998, -3.20742], [32.52903, -3.22773], [32.54435, -3.28137], [32.54174, -3.29537], [32.5452, -3.30174], [32.53406, -3.32497], [32.52691, -3.35548], [32.50263, -3.39377], [32.56601, -3.4055], [32.58171, -3.41175], [32.59716, -3.42612], [32.67492, -3.45557], [32.69727, -3.45959], [32.69441, -3.4517], [32.69915, -3.39349], [32.69058, -3.36914], [32.68339, -3.36369], [32.68538, -3.32576], [32.73938, -3.31195], [32.75571, -3.27362], [32.77568, -3.25211], [32.8048, -3.25097], [32.82403, -3.24119], [32.83905, -3.24023], [32.84275, -3.23228], [32.84903, -3.23648], [32.84999, -3.2549], [32.8561, -3.26495], [32.88522, -3.27087], [32.90542, -3.30206], [32.9164, -3.3035], [32.91812, -3.33474], [32.96033, -3.34114], [32.97561, -3.35159], [32.98198, -3.36673], [32.99322, -3.36673], [33.01669, -3.39179], [33.02906, -3.38884], [33.06217, -3.39463], [33.08276, -3.41993], [33.09782, -3.4276], [33.10483, -3.43698], [33.13665, -3.43634], [33.15363, -3.42333], [33.15696, -3.4061], [33.1963, -3.40348], [33.21745, -3.39269], [33.25209, -3.39299], [33.28838, -3.39967], [33.30021, -3.38663], [33.32645, -3.32975], [33.35138, -3.31124], [33.37061, -3.30879], [33.41377, -3.31407], [33.42382, -3.30399], [33.44841, -3.3106], [33.49524, -3.29124], [33.52281, -3.28548], [33.55703, -3.28791], [33.57323, -3.31715], [33.60693, -3.35264], [33.6102, -3.37042], [33.64142, -3.39125], [33.66768, -3.4196], [33.66983, -3.44853], [33.67466, -3.45695], [33.67984, -3.45592], [33.68548, -3.46248], [33.71591, -3.47498], [33.7235, -3.50003], [33.72184, -3.52462], [33.72551, -3.53502], [33.75903, -3.56], [33.76392, -3.55781], [33.76662, -3.56672], [33.77407, -3.56896], [33.77324, -3.56056], [33.78426, -3.55697], [33.79276, -3.53842], [33.81179, -3.52432], [33.82726, -3.49449], [33.83335, -3.50662], [33.84118, -3.50501], [33.84364, -3.51059], [33.85553, -3.5118], [33.8846, -3.50729], [33.90368, -3.49409], [33.90673, -3.50437], [33.92571, -3.52573], [33.95553, -3.54126], [33.96463, -3.54141], [33.97127, -3.5543], [33.97964, -3.5587], [33.9828, -3.57326], [34.00102, -3.58172], [34.00882, -3.59136], [34.00742, -3.60218], [34.0609, -3.60203], [34.06968, -3.60651], [34.0591, -3.62179], [34.0593, -3.64291], [34.07209, -3.64865], [34.082, -3.66475], [34.07766, -3.66586], [34.08037, -3.68261], [34.0752, -3.68872], [34.09354, -3.71869], [34.08904, -3.73264], [34.08149, -3.73546], [34.08119, -3.74394], [34.09089, -3.75391], [34.1049, -3.78871], [34.12517, -3.803], [34.14377, -3.82713], [34.15648, -3.83541], [34.15959, -3.8334], [34.1703, -3.84639], [34.16832, -3.85338], [34.17313, -3.86328], [34.19962, -3.89393], [34.21762, -3.9484], [34.23434, -3.97184], [34.22455, -3.98763], [34.21023, -3.99494], [34.2021, -4.07559], [34.17626, -4.08002], [34.16683, -4.07708], [34.13323, -4.05465], [34.121, -4.05363], [34.09196, -4.02675], [34.04367, -4.04116], [34.01567, -4.02784], [33.98708, -4.02311], [33.95116, -3.99898], [33.94747, -3.97908], [33.93899, -3.97871], [33.9367, -3.96846], [33.92722, -3.9607], [33.92423, -3.96509], [33.92013, -3.96121], [33.91002, -3.96445], [33.90559, -3.9594], [33.90387, -3.96422], [33.89772, -3.96413], [33.8842, -3.95418], [33.87796, -3.95943], [33.86118, -3.95116], [33.84506, -3.95417], [33.84169, -3.96139], [33.83017, -3.95633], [33.82959, -3.95092], [33.82272, -3.95542], [33.81816, -3.94985], [33.81038, -3.95377], [33.81153, -3.95044], [33.80259, -3.95028], [33.79953, -3.95577], [33.78494, -3.94506], [33.78294, -3.93832], [33.77914, -3.94248], [33.75577, -3.92986], [33.7249, -3.94579], [33.67978, -3.93991], [33.64791, -3.92192], [33.66191, -3.89948], [33.62221, -3.88236], [33.61856, -3.88202], [33.61857, -3.88724], [33.60711, -3.87993], [33.58534, -3.88093], [33.57841, -3.88773], [33.56097, -3.88529], [33.54926, -3.89497], [33.55109, -3.89823], [33.53225, -3.89663], [33.51888, -3.90808], [33.49554, -3.91052], [33.46217, -3.9032], [33.45206, -3.9135], [33.44346, -3.91425], [33.43721, -3.9067], [33.41904, -3.8989], [33.41483, -3.89007], [33.40631, -3.89213], [33.40292, -3.8873], [33.3941, -3.89469], [33.37141, -3.89295], [33.36042, -3.89962], [33.35477, -3.89551], [33.34402, -3.90331], [33.33846, -3.90129], [33.33814, -3.90137]]]]}}, {"type": "Feature", "properties": {"name": "Simiyu"}, "geometry": {"type": "MultiPolygon", "coordinates": [[[[34.44506, -3.94754], [34.43444, -3.95297], [34.42477, -3.96793], [34.40603, -3.97639], [34.38653, -3.99805], [34.39048, -4.04199], [34.35239, -4.05614], [34.32026, -4.08327], [34.28836, -4.087], [34.20216, -4.07953], [34.2009, -4.05943], [34.20678, -4.04996], [34.21023, -3.99494], [34.22455, -3.98763], [34.23434, -3.97184], [34.21762, -3.9484], [34.19962, -3.89393], [34.17313, -3.86328], [34.16832, -3.85338], [34.1703, -3.84639], [34.15959, -3.8334], [34.15648, -3.83541], [34.14377, -3.82713], [34.12517, -3.803], [34.1049, -3.78871], [34.09089, -3.75391], [34.08119, -3.74394], [34.08149, -3.73546], [34.08904, -3.73264], [34.09354, -3.71869], [34.0752, -3.68872], [34.08037, -3.68261], [34.07766, -3.66586], [34.082, -3.66475], [34.07209, -3.64865], [34.0593, -3.64291], [34.0591, -3.62179], [34.06968, -3.60651], [34.0609, -3.60203], [34.00742, -3.60218], [34.00882, -3.59136], [34.00102, -3.58172], [33.9828, -3.57326], [33.97964, -3.5587], [33.97127, -3.5543], [33.96463, -3.54141], [33.95553, -3.54126], [33.92571, -3.52573], [33.90673, -3.50437], [33.90368, -3.49409], [33.8846, -3.50729], [33.85553, -3.5118], [33.84364, -3.51059], [33.84118, -3.50501], [33.83335, -3.50662], [33.82726, -3.49449], [33.81179, -3.52432], [33.79276, -3.53842], [33.78426, -3.55697], [33.77324, -3.56056], [33.77407, -3.56896], [33.76662, -3.56672], [33.76392, -3.55781], [33.75903, -3.56], [33.72551, -3.53502], [33.72184, -3.52462], [33.7235, -3.50003], [33.71591, -3.47498], [33.68548, -3.46248], [33.67984, -3.45592], [33.67466, -3.45695], [33.66983, -3.44853], [33.66768, -3.4196], [33.64142, -3.39125], [33.6102, -3.37042], [33.60693, -3.35264], [33.57323, -3.31715], [33.55825, -3.2887], [33.52281, -3.28548], [33.48088, -3.29473], [33.44841, -3.3106], [33.42382, -3.30399], [33.44405, -3.2756], [33.4365, -3.22811], [33.43946, -3.20862], [33.44799, -3.19747], [33.47009, -3.19063], [33.4781, -3.18148], [33.48321, -3.16373], [33.48256, -3.13158], [33.49097, -3.09308], [33.48201, -3.07646], [33.48529, -3.04595], [33.49546, -3.04835], [33.49531, -3.0243], [33.50891, -3.00929], [33.5216, -3.00348], [33.52433, -2.99392], [33.51477, -2.92642], [33.50116, -2.92282], [33.50178, -2.89232], [33.53881, -2.86168], [33.54678, -2.8599], [33.55011, -2.83648], [33.57651, -2.84313], [33.57687, -2.82656], [33.61491, -2.81687], [33.61618, -2.80213], [33.6245, -2.81027], [33.63773, -2.81324], [33.64382, -2.82503], [33.65723, -2.8255], [33.66055, -2.83882], [33.68381, -2.83604], [33.72739, -2.81485], [33.74596, -2.83392], [33.76476, -2.83166], [33.78936, -2.81474], [33.79012, -2.79998], [33.78183, -2.78859], [33.78231, -2.76086], [33.78725, -2.75337], [33.78366, -2.73555], [33.77226, -2.71429], [33.74999, -2.7069], [33.73811, -2.69695], [33.73652, -2.68953], [33.70465, -2.68649], [33.6954, -2.67648], [33.6688, -2.66636], [33.64743, -2.64494], [33.63077, -2.64256], [33.62365, -2.61369], [33.63203, -2.55707], [33.61534, -2.56078], [33.61406, -2.56575], [33.6078, -2.56127], [33.60509, -2.56667], [33.58612, -2.56925], [33.57735, -2.52739], [33.56538, -2.50744], [33.54533, -2.49341], [33.50369, -2.48627], [33.41803, -2.43036], [33.33475, -2.3673], [33.32835, -2.31696], [33.42997, -2.31322], [33.69572, -2.20429], [33.81659, -2.1936], [33.8316, -2.19514], [33.83187, -2.19917], [33.84494, -2.19313], [33.8477, -2.20001], [33.85571, -2.19998], [33.90735, -2.18117], [33.94415, -2.19362], [33.9898, -2.18441], [34.03755, -2.21647], [34.04728, -2.21517], [34.06283, -2.23978], [34.09152, -2.26327], [34.10181, -2.26077], [34.11141, -2.26867], [34.128, -2.27047], [34.15129, -2.25727], [34.16439, -2.25707], [34.17618, -2.26627], [34.17848, -2.27936], [34.18858, -2.28016], [34.20037, -2.29405], [34.21017, -2.29535], [34.2287, -2.3091], [34.24335, -2.30598], [34.25488, -2.31255], [34.2776, -2.30479], [34.28245, -2.31029], [34.28698, -2.30781], [34.29764, -2.31352], [34.29527, -2.32418], [34.30157, -2.32763], [34.31595, -2.35816], [34.32602, -2.36784], [34.34856, -2.37862], [34.35641, -2.37665], [34.36108, -2.39076], [34.37415, -2.38948], [34.38422, -2.39383], [34.38601, -2.40004], [34.40004, -2.4005], [34.41925, -2.4331], [34.45215, -2.44739], [34.45409, -2.45654], [34.49001, -2.48783], [34.4889, -2.49193], [34.51314, -2.4926], [34.52586, -2.48775], [34.56627, -2.49298], [34.57731, -2.48803], [34.58926, -2.49127], [34.60878, -2.48642], [34.65645, -2.49355], [34.7436, -2.48064], [34.76715, -2.48263], [34.77587, -2.48935], [34.99047, -2.48814], [35.07839, -2.50003], [35.22422, -2.49937], [35.18399, -2.72966], [35.13666, -2.91062], [35.06519, -2.94789], [35.05043, -2.96297], [35.00541, -2.97826], [35.01229, -3.00176], [34.98771, -3.00252], [34.98792, -2.99083], [34.88246, -2.90669], [34.88879, -3.22575], [34.89031, -3.73731], [34.78834, -3.79661], [34.75997, -3.80933], [34.74469, -3.80317], [34.71207, -3.82036], [34.70986, -3.83887], [34.71736, -3.84108], [34.71383, -3.84769], [34.70898, -3.84549], [34.70325, -3.8521], [34.69664, -3.85078], [34.69752, -3.85651], [34.67944, -3.87105], [34.6643, -3.86981], [34.64774, -3.86003], [34.63932, -3.88737], [34.63269, -3.8942], [34.63359, -3.90191], [34.62301, -3.91337], [34.61643, -3.91162], [34.60531, -3.91892], [34.60249, -3.92538], [34.58634, -3.92619], [34.57221, -3.91287], [34.55365, -3.91327], [34.54553, -3.91896], [34.52095, -3.92215], [34.52037, -3.93155], [34.51326, -3.93621], [34.50788, -3.93205], [34.48275, -3.93298], [34.45524, -3.94882], [34.44611, -3.94804], [34.44506, -3.94754]]]]}}, {"type": "Feature", "properties": {"name": "Singida"}, "geometry": {"type": "MultiPolygon", "coordinates": [[[[34.67078, -7.07088], [34.65933, -7.08131], [34.66128, -7.08779], [34.64882, -7.11276], [34.63671, -7.13078], [34.62705, -7.13228], [34.62015, -7.14845], [34.61474, -7.14636], [34.61137, -7.16485], [34.59352, -7.17909], [34.59468, -7.18498], [34.56762, -7.19999], [34.56226, -7.21084], [34.54382, -7.21566], [34.53767, -7.21184], [34.5345, -7.22182], [34.50665, -7.23568], [34.50827, -7.24117], [34.50126, -7.2539], [34.49026, -7.25344], [34.48311, -7.26339], [34.48201, -7.27734], [34.47202, -7.27669], [34.45047, -7.28508], [34.43637, -7.30228], [34.43317, -7.31834], [34.42583, -7.31333], [34.41053, -7.31521], [34.37873, -7.32583], [34.36419, -7.32052], [34.34361, -7.33225], [34.33357, -7.33077], [34.31398, -7.33746], [34.30814, -7.32956], [34.30229, -7.33411], [34.29824, -7.32803], [34.27472, -7.33647], [34.24709, -7.32849], [34.21365, -7.35128], [34.19457, -7.37283], [34.10056, -7.39824], [34.07856, -7.39898], [34.02358, -7.4133], [34.01031, -7.425], [34.00576, -7.43691], [34.00579, -7.45384], [34.01616, -7.47601], [33.98373, -7.53054], [33.97869, -7.53261], [33.93719, -7.53682], [33.91539, -7.52726], [33.88858, -7.53258], [33.85394, -7.52761], [33.81199, -7.52861], [33.80189, -7.52611], [33.79663, -7.51406], [33.80573, -7.48238], [33.81763, -7.46336], [33.81328, -7.43368], [33.81565, -7.41446], [33.80236, -7.38136], [33.79696, -7.33726], [33.78777, -7.32377], [33.78589, -7.29906], [33.80812, -7.14686], [33.80523, -7.13042], [33.79119, -7.11876], [33.73841, -7.10939], [33.7175, -7.08818], [33.69614, -7.08339], [33.67608, -7.04528], [33.67086, -7.04818], [33.64222, -7.02341], [33.62377, -7.0216], [33.57474, -6.99502], [33.54909, -6.95711], [33.51497, -6.9593], [33.4873, -6.94527], [33.51698, -6.90615], [33.52819, -6.87585], [33.52198, -6.69096], [33.54898, -6.60807], [33.59349, -6.55678], [33.62619, -6.54308], [33.64169, -6.54188], [33.66079, -6.52208], [33.67729, -6.51308], [33.69989, -6.46778], [33.71632, -6.45406], [33.74393, -6.44135], [33.75719, -6.42429], [33.78219, -6.41749], [33.78927, -6.38981], [33.79962, -6.38198], [33.83454, -6.3765], [33.87516, -6.3507], [33.88509, -6.3271], [33.90289, -6.3057], [33.90882, -6.26287], [33.9255, -6.21423], [33.92889, -6.17883], [33.9577, -6.12852], [33.97675, -6.08183], [33.95112, -6.08097], [33.97878, -6.05521], [33.99504, -6.02756], [34.01285, -5.97754], [34.01661, -5.93304], [34.03157, -5.91024], [34.09692, -5.88332], [34.10918, -5.85732], [34.11053, -5.81937], [34.0639, -5.76516], [34.05333, -5.73181], [34.03977, -5.71934], [34.00659, -5.7086], [34.01864, -5.68245], [34.0715, -5.65054], [34.12202, -5.57964], [34.17231, -5.45185], [34.19335, -5.43016], [34.20529, -5.42817], [34.21848, -5.41631], [34.23793, -5.41147], [34.24281, -5.40569], [34.23915, -5.39169], [34.21099, -5.36198], [34.20928, -5.34436], [34.18684, -5.33012], [34.18316, -5.30906], [34.17216, -5.30042], [34.18277, -5.27946], [34.18037, -5.26731], [34.18625, -5.23588], [34.18218, -5.22448], [34.16855, -5.2098], [34.11409, -5.19368], [34.06302, -5.19611], [34.02908, -5.20877], [34.00237, -5.20569], [33.95407, -5.17366], [33.93683, -5.17372], [33.92586, -5.14861], [33.92763, -4.98262], [33.91648, -4.94223], [33.91427, -4.9155], [33.92036, -4.8803], [33.91672, -4.84786], [33.92916, -4.81688], [33.93085, -4.76449], [33.93855, -4.7512], [33.93088, -4.71993], [33.92345, -4.7125], [33.92148, -4.63858], [33.9143, -4.61147], [33.9185, -4.59523], [33.93264, -4.57838], [33.94146, -4.51317], [33.97695, -4.45291], [34.00163, -4.43431], [34.02619, -4.42447], [34.05563, -4.39408], [34.07896, -4.3364], [34.08242, -4.29669], [34.09629, -4.24501], [34.10332, -4.15531], [34.11953, -4.12129], [34.1432, -4.09284], [34.19326, -4.07502], [34.2021, -4.07559], [34.20541, -4.08062], [34.22561, -4.07902], [34.27719, -4.08646], [34.32026, -4.08327], [34.35239, -4.05614], [34.39048, -4.04199], [34.38653, -3.99805], [34.40603, -3.97639], [34.42477, -3.96793], [34.43444, -3.95297], [34.45028, -3.94566], [34.45524, -3.94882], [34.48275, -3.93298], [34.50788, -3.93205], [34.51326, -3.93621], [34.52037, -3.93155], [34.52095, -3.92215], [34.54553, -3.91896], [34.55365, -3.91327], [34.57221, -3.91287], [34.58634, -3.92619], [34.60249, -3.92538], [34.60531, -3.91892], [34.61643, -3.91162], [34.62301, -3.91337], [34.63359, -3.90191], [34.63269, -3.8942], [34.63932, -3.88737], [34.64774, -3.86003], [34.6643, -3.86981], [34.67944, -3.87105], [34.69752, -3.85651], [34.69664, -3.85078], [34.70325, -3.8521], [34.70898, -3.84549], [34.71383, -3.84769], [34.71736, -3.84108], [34.70986, -3.83887], [34.71207, -3.82036], [34.74469, -3.80317], [34.7513, -3.81507], [34.75219, -3.90544], [34.75527, -3.91734], [34.76806, -3.92969], [34.76934, -3.94208], [34.81147, -3.94637], [34.84043, -3.93452], [34.86785, -3.90522], [34.89198, -3.90877], [34.91212, -3.97097], [34.93689, -3.99467], [34.99103, -3.99075], [34.96671, -4.0924], [34.97124, -4.13433], [34.96497, -4.15997], [34.97061, -4.17392], [34.97076, -4.20809], [34.95487, -4.24209], [34.93467, -4.2526], [34.92511, -4.26963], [34.91152, -4.27196], [34.90601, -4.27895], [34.89849, -4.30278], [34.87207, -4.3476], [34.86519, -4.36868], [34.86886, -4.37496], [34.86709, -4.39412], [34.87555, -4.41355], [34.97258, -4.46016], [34.99528, -4.50154], [35.03771, -4.53829], [35.07377, -4.61847], [35.09072, -4.62628], [35.12851, -4.63087], [35.14635, -4.67784], [35.14507, -4.73231], [35.15746, -4.75777], [35.1808, -4.76874], [35.20234, -4.76948], [35.28421, -4.8064], [35.32328, -4.87139], [35.34144, -4.87928], [35.31895, -4.92986], [35.28123, -4.98034], [35.25584, -4.98724], [35.23921, -5.00175], [35.2303, -5.0026], [35.18946, -5.04204], [35.16927, -5.03823], [35.14485, -5.06387], [35.11741, -5.10782], [35.06617, -5.13389], [35.06888, -5.15636], [35.08003, -5.17021], [35.09369, -5.17776], [35.09033, -5.19441], [35.09629, -5.23627], [35.08996, -5.24929], [35.09082, -5.2692], [35.0932, -5.27933], [35.11065, -5.30185], [35.10812, -5.30948], [35.11543, -5.32989], [35.12781, -5.34354], [35.12332, -5.35763], [35.12758, -5.36594], [35.1249, -5.37551], [35.13761, -5.39968], [35.13844, -5.41325], [35.14875, -5.4164], [35.15016, -5.42583], [35.15632, -5.43062], [35.15316, -5.4351], [35.18746, -5.45972], [35.18625, -5.46393], [35.19842, -5.48098], [35.19991, -5.50961], [35.21233, -5.52615], [35.24181, -5.54173], [35.2521, -5.55951], [35.24923, -5.57906], [35.25359, -5.58637], [35.27029, -5.60508], [35.29236, -5.61051], [35.31705, -5.63163], [35.33789, -5.65874], [35.35717, -5.67225], [35.35093, -5.67199], [35.3443, -5.68137], [35.34631, -5.69088], [35.34149, -5.69392], [35.33558, -5.71739], [35.33091, -5.7168], [35.31663, -5.72961], [35.31275, -5.73905], [35.30308, -5.73628], [35.29288, -5.74188], [35.29247, -5.75279], [35.27947, -5.76091], [35.27919, -5.77411], [35.27107, -5.77974], [35.25931, -5.84127], [35.24146, -5.86675], [35.2251, -5.94127], [35.21178, -5.96272], [35.20559, -6.11035], [35.16563, -6.19327], [35.17088, -6.23852], [35.18517, -6.25254], [35.20164, -6.2587], [35.21878, -6.34649], [35.22912, -6.35735], [35.23036, -6.37007], [35.24474, -6.38539], [35.2422, -6.44111], [35.20195, -6.46452], [35.22915, -6.52296], [35.20545, -6.56135], [35.19919, -6.58606], [35.20091, -6.62114], [35.1847, -6.65795], [35.20095, -6.7245], [35.12876, -6.73504], [35.09517, -6.74585], [35.05375, -6.71674], [35.07326, -6.76942], [35.08269, -6.86043], [35.08347, -6.92686], [35.02058, -6.90432], [34.99625, -6.89995], [34.98772, -6.90486], [34.96812, -6.90543], [34.95024, -6.89014], [34.92429, -6.88911], [34.9148, -6.89419], [34.91199, -6.90411], [34.89553, -6.918], [34.87513, -6.91962], [34.85671, -6.93853], [34.84098, -6.94142], [34.81964, -6.9619], [34.8083, -6.96208], [34.78287, -6.97851], [34.75703, -7.00906], [34.74271, -7.0125], [34.73355, -7.02296], [34.72628, -7.0244], [34.72284, -7.03507], [34.69134, -7.04442], [34.67623, -7.05614], [34.67242, -7.06873], [34.67078, -7.07088]]]]}}, {"type": "Feature", "properties": {"name": "Songwe"}, "geometry": {"type": "MultiPolygon", "coordinates": [[[[33.43014, -9.60367], [33.41885, -9.59348], [33.42306, -9.58684], [33.41923, -9.56935], [33.39781, -9.54945], [33.39424, -9.53922], [33.37867, -9.53394], [33.37064, -9.52399], [33.36054, -9.52452], [33.32221, -9.4838], [33.29244, -9.49209], [33.28245, -9.50126], [33.26763, -9.49776], [33.25563, -9.48622], [33.22478, -9.496], [33.22132, -9.50339], [33.21024, -9.50888], [33.18661, -9.49701], [33.14215, -9.48885], [33.12292, -9.47891], [33.09636, -9.45403], [33.07051, -9.44254], [33.07141, -9.4363], [33.05965, -9.43189], [33.05946, -9.42683], [33.04494, -9.41362], [33.03795, -9.41433], [33.03556, -9.40795], [33.0229, -9.40044], [33.01047, -9.37224], [32.99985, -9.36382], [32.95585, -9.39969], [32.92824, -9.40029], [32.91471, -9.37966], [32.90508, -9.38812], [32.89713, -9.38676], [32.89307, -9.36648], [32.86704, -9.37831], [32.81447, -9.34856], [32.81193, -9.33689], [32.8001, -9.32185], [32.76561, -9.31948], [32.7553, -9.28195], [32.71845, -9.27435], [32.64762, -9.2713], [32.5778, -9.2402], [32.54585, -9.2544], [32.48466, -9.17224], [32.4948, -9.15077], [32.45947, -9.12914], [32.44764, -9.12897], [32.43715, -9.11815], [32.38238, -9.12525], [32.25543, -9.13032], [32.19187, -9.09042], [32.16182, -9.05766], [32.13945, -9.0643], [32.11395, -9.05745], [32.10709, -8.99015], [32.1108, -8.99138], [32.12271, -8.95633], [32.14293, -8.94353], [32.13447, -8.93187], [32.06564, -8.8745], [32.06672, -8.86842], [32.08168, -8.85764], [32.05196, -8.83211], [32.02843, -8.82101], [32.02089, -8.80864], [32.0583, -8.78006], [32.0714, -8.76422], [32.08277, -8.73748], [32.11655, -8.70707], [32.13585, -8.69886], [32.16631, -8.69698], [32.18571, -8.71549], [32.21395, -8.71042], [32.22926, -8.69822], [32.24308, -8.67615], [32.24478, -8.65974], [32.25539, -8.65774], [32.2551, -8.61135], [32.29158, -8.57259], [32.28869, -8.55988], [32.29313, -8.55077], [32.29961, -8.54923], [32.29169, -8.5437], [32.30177, -8.53676], [32.29545, -8.53185], [32.31497, -8.51164], [32.30142, -8.51193], [32.30477, -8.5038], [32.29921, -8.49945], [32.30259, -8.49594], [32.28997, -8.48543], [32.29801, -8.48599], [32.29692, -8.47022], [32.29034, -8.46868], [32.28661, -8.47546], [32.2818, -8.47511], [32.28461, -8.46414], [32.27925, -8.4611], [32.27657, -8.46511], [32.27294, -8.46049], [32.27648, -8.45543], [32.27109, -8.44791], [32.27677, -8.44207], [32.26998, -8.44553], [32.26538, -8.44275], [32.27754, -8.43412], [32.27974, -8.42328], [32.27723, -8.40531], [32.27075, -8.39959], [32.27507, -8.39269], [32.26646, -8.3916], [32.27159, -8.37646], [32.27877, -8.37285], [32.27717, -8.36423], [32.29043, -8.36306], [32.28542, -8.34918], [32.29539, -8.35217], [32.29207, -8.34696], [32.29609, -8.33619], [32.30529, -8.34018], [32.30976, -8.31323], [32.32376, -8.31375], [32.33061, -8.30373], [32.33644, -8.31351], [32.35571, -8.30413], [32.36364, -8.30883], [32.36295, -8.31692], [32.38329, -8.31893], [32.3857, -8.30465], [32.39575, -8.30026], [32.40271, -8.2851], [32.41657, -8.27851], [32.41983, -8.25959], [32.4334, -8.24228], [32.44274, -8.24872], [32.48608, -8.23347], [32.50333, -8.17481], [32.48608, -8.11269], [32.32734, -7.98157], [32.13066, -7.8677], [31.98707, -7.77407], [32.04358, -7.60745], [32.05688, -7.59653], [32.06104, -7.58432], [32.07965, -7.57033], [32.0895, -7.54731], [32.0902, -7.52079], [32.09898, -7.51245], [32.11123, -7.51723], [32.1179, -7.53244], [32.1273, -7.54095], [32.14928, -7.51705], [32.17622, -7.52122], [32.19093, -7.51829], [32.19173, -7.50336], [32.1991, -7.49513], [32.20092, -7.48394], [32.21022, -7.47675], [32.21115, -7.46426], [32.26805, -7.36506], [32.27968, -7.27163], [32.31989, -7.2426], [32.32534, -7.23164], [32.37037, -7.20349], [32.40282, -7.19204], [32.45518, -7.15031], [32.46431, -7.14541], [32.47766, -7.15311], [32.49019, -7.15278], [32.48773, -7.13392], [32.52619, -7.12673], [32.53226, -7.11593], [32.54687, -7.1181], [32.55656, -7.10472], [32.58226, -7.09228], [32.59029, -7.0748], [32.57635, -7.03513], [32.58421, -7.00264], [32.68026, -6.99825], [32.74317, -7.00108], [32.74745, -6.99457], [32.74755, -6.97747], [32.78188, -6.97746], [32.78852, -6.96557], [32.78991, -6.94657], [32.80548, -6.94269], [32.81396, -6.93468], [32.82566, -6.9395], [32.84627, -6.93178], [32.86894, -6.94809], [32.88715, -6.94089], [32.89605, -6.92769], [32.89582, -7.45129], [32.91402, -7.50424], [32.91944, -7.5498], [32.94227, -7.54764], [32.96239, -7.53571], [32.98522, -7.53028], [33.01511, -7.52974], [33.03989, -7.53757], [33.03081, -7.62797], [33.03231, -7.74566], [33.04044, -7.75734], [32.99269, -7.75633], [32.97229, -7.78698], [32.93288, -7.87387], [33.08731, -7.87096], [33.06495, -7.90469], [33.04713, -7.9466], [33.0205, -7.98628], [33.03, -8.00973], [33.0299, -8.02798], [33.01857, -8.06158], [33.00394, -8.07442], [32.99464, -8.09923], [32.99106, -8.15011], [32.9714, -8.17809], [32.97805, -8.20084], [32.97178, -8.21219], [32.98197, -8.24027], [32.97744, -8.24456], [32.98001, -8.25167], [32.96916, -8.25982], [32.97254, -8.26166], [32.97057, -8.2703], [32.97374, -8.26992], [32.97036, -8.2767], [32.97684, -8.28355], [32.97597, -8.29387], [32.99644, -8.29367], [33.02282, -8.2752], [33.03438, -8.25623], [33.05131, -8.25348], [33.08191, -8.25702], [33.09922, -8.26411], [33.12066, -8.25933], [33.1533, -8.27322], [33.1631, -8.29057], [33.16253, -8.31693], [33.14785, -8.32381], [33.13905, -8.34184], [33.11914, -8.3517], [33.1046, -8.37632], [33.06324, -8.38799], [33.05545, -8.43698], [33.04517, -8.45088], [33.04799, -8.45812], [33.07463, -8.46603], [33.08831, -8.4778], [33.09306, -8.49151], [33.12632, -8.49575], [33.1313, -8.57945], [33.13683, -8.58099], [33.13809, -8.59219], [33.15139, -8.60435], [33.17749, -8.6216], [33.19321, -8.64834], [33.20991, -8.66368], [33.20963, -8.69013], [33.23235, -8.70411], [33.22653, -8.71522], [33.22731, -8.72632], [33.15518, -8.69999], [33.14288, -8.69027], [33.12732, -8.64687], [33.10565, -8.62157], [33.08727, -8.61054], [33.08652, -8.61431], [33.0706, -8.61197], [33.0636, -8.61962], [33.03595, -8.66114], [33.01081, -8.71154], [33.02007, -8.7169], [33.03276, -8.74166], [33.0454, -8.74337], [33.05036, -8.75302], [33.098, -8.78961], [33.14181, -8.81691], [33.17094, -8.82223], [33.17311, -8.82953], [33.16736, -8.83828], [33.17591, -8.84469], [33.17685, -8.85314], [33.18214, -8.8544], [33.18528, -8.8728], [33.19512, -8.88289], [33.21909, -8.88761], [33.22908, -8.89871], [33.22534, -8.90391], [33.21542, -8.9033], [33.2102, -8.91145], [33.21701, -8.93846], [33.22748, -8.95522], [33.22678, -8.96951], [33.21695, -8.9817], [33.22392, -8.9973], [33.2141, -9.04187], [33.22141, -9.04855], [33.22795, -9.07905], [33.23224, -9.07998], [33.23545, -9.08991], [33.22945, -9.10257], [33.21391, -9.11663], [33.21165, -9.13309], [33.26703, -9.15658], [33.26637, -9.17401], [33.26088, -9.17378], [33.25425, -9.19083], [33.19819, -9.19331], [33.16957, -9.20532], [33.148, -9.24659], [33.13147, -9.24263], [33.11833, -9.27108], [33.12992, -9.28803], [33.14885, -9.29901], [33.21017, -9.29968], [33.23337, -9.2777], [33.2337, -9.26599], [33.25422, -9.25124], [33.26489, -9.24962], [33.26884, -9.24245], [33.28836, -9.23629], [33.32286, -9.24062], [33.3275, -9.26197], [33.33405, -9.27056], [33.33805, -9.26938], [33.34409, -9.28863], [33.35956, -9.2829], [33.37054, -9.28613], [33.37606, -9.29235], [33.37386, -9.30109], [33.38366, -9.31531], [33.38533, -9.32678], [33.40588, -9.32579], [33.41967, -9.33575], [33.43357, -9.30206], [33.43771, -9.27608], [33.43639, -9.2708], [33.43269, -9.27216], [33.43637, -9.26215], [33.42933, -9.21483], [33.43454, -9.17048], [33.4414, -9.15724], [33.44899, -9.16294], [33.4521, -9.19781], [33.46697, -9.21342], [33.46445, -9.23108], [33.45516, -9.24491], [33.48003, -9.30457], [33.51166, -9.31338], [33.51387, -9.33178], [33.52489, -9.32441], [33.56044, -9.35056], [33.56366, -9.36107], [33.58782, -9.37344], [33.58875, -9.38177], [33.61102, -9.40302], [33.62439, -9.45065], [33.664, -9.45368], [33.67027, -9.46119], [33.6765, -9.49597], [33.69034, -9.50476], [33.68008, -9.50781], [33.67829, -9.52983], [33.69063, -9.54026], [33.66892, -9.54956], [33.67128, -9.6088], [33.66213, -9.60897], [33.64246, -9.599], [33.6288, -9.60585], [33.58414, -9.57739], [33.56735, -9.58786], [33.54926, -9.58678], [33.5373, -9.60661], [33.52858, -9.61003], [33.53096, -9.62217], [33.51983, -9.62697], [33.4976, -9.62048], [33.48855, -9.62528], [33.46044, -9.61973], [33.4403, -9.61267], [33.43069, -9.60416], [33.43014, -9.60367]]]]}}, {"type": "Feature", "properties": {"name": "Tabora"}, "geometry": {"type": "MultiPolygon", "coordinates": [[[[32.74769, -6.90568], [32.74741, -6.76045], [32.75094, -6.73873], [32.7557, -6.7388], [32.75955, -6.61796], [32.75429, -6.40909], [32.72433, -6.39209], [32.70201, -6.39365], [32.6927, -6.3877], [32.68367, -6.37119], [32.66427, -6.36274], [32.65635, -6.34097], [32.64952, -6.34045], [32.64589, -6.33184], [32.61856, -6.3299], [32.59336, -6.33784], [32.59244, -6.33385], [32.58236, -6.3332], [32.57613, -6.32349], [32.56893, -6.32403], [32.56196, -6.3175], [32.5533, -6.31943], [32.54799, -6.31163], [32.51263, -6.31637], [32.50046, -6.3048], [32.49416, -6.308], [32.47919, -6.30463], [32.47747, -6.3113], [32.46422, -6.30557], [32.44255, -6.30439], [32.43546, -6.29151], [32.43224, -6.29442], [32.40865, -6.27721], [32.40383, -6.26366], [32.36353, -6.24785], [32.35726, -6.23561], [32.33547, -6.22802], [32.32866, -6.23461], [32.31586, -6.23691], [32.31637, -6.2309], [32.30404, -6.23112], [32.30246, -6.24001], [32.29219, -6.24199], [32.2695, -6.21922], [32.25885, -6.22279], [32.2478, -6.21534], [32.24076, -6.19887], [32.22243, -6.19793], [32.21016, -6.19031], [32.20385, -6.182], [32.20672, -6.17753], [32.19974, -6.17168], [32.20142, -6.16374], [32.19086, -6.159], [32.19027, -6.14867], [32.18397, -6.15162], [32.18024, -6.14631], [32.18842, -6.12962], [32.17611, -6.11386], [32.18024, -6.11032], [32.167, -6.10574], [32.17139, -6.08584], [32.16326, -6.08264], [32.16992, -6.06873], [32.15989, -6.05929], [32.15546, -6.06077], [32.14893, -6.04297], [32.13982, -6.04041], [32.14967, -6.0316], [32.13451, -6.02802], [32.13304, -6.00855], [32.11215, -5.99643], [32.12197, -5.98343], [32.11425, -5.97863], [32.11395, -5.95793], [32.09215, -5.95123], [32.09625, -5.94073], [32.09385, -5.93034], [32.08365, -5.91904], [32.09145, -5.91354], [32.08455, -5.90744], [32.08955, -5.87054], [32.08535, -5.85414], [32.07225, -5.83574], [32.06345, -5.83044], [32.05395, -5.83304], [32.04465, -5.82485], [32.04197, -5.81289], [32.02858, -5.79472], [32.03303, -5.78607], [32.02578, -5.7648], [32.00893, -5.7657], [32.0038, -5.75868], [31.97901, -5.75676], [31.96921, -5.74549], [31.96077, -5.75391], [31.9358, -5.74678], [31.92263, -5.75308], [31.91187, -5.73936], [31.89502, -5.74538], [31.88818, -5.74168], [31.89082, -5.73668], [31.88557, -5.73245], [31.87505, -5.73138], [31.8732, -5.73559], [31.83663, -5.73077], [31.83218, -5.72049], [31.82349, -5.72231], [31.82719, -5.71468], [31.80587, -5.71806], [31.79955, -5.72068], [31.80454, -5.72465], [31.80191, -5.72649], [31.79454, -5.72726], [31.79166, -5.72093], [31.78401, -5.72882], [31.7777, -5.72881], [31.76817, -5.75277], [31.74736, -5.76379], [31.73922, -5.75929], [31.73421, -5.76192], [31.73419, -5.7722], [31.72022, -5.78139], [31.71889, -5.79035], [31.70522, -5.78373], [31.69889, -5.7903], [31.70282, -5.79822], [31.68698, -5.82111], [31.67883, -5.81476], [31.66196, -5.82948], [31.63592, -5.82283], [31.62509, -5.83941], [31.6172, -5.83912], [31.61196, -5.82804], [31.61434, -5.82278], [31.6025, -5.82538], [31.59777, -5.82195], [31.593, -5.83406], [31.58458, -5.83614], [31.56517, -5.8108], [31.55805, -5.8142], [31.55281, -5.80734], [31.52411, -5.81596], [31.52013, -5.82649], [31.51277, -5.82542], [31.51223, -5.83016], [31.50225, -5.82091], [31.49357, -5.82036], [31.4875, -5.82851], [31.49433, -5.83327], [31.48958, -5.83537], [31.47935, -5.82665], [31.41856, -5.82859], [31.38077, -5.79502], [31.35997, -5.79917], [31.32002, -5.78614], [31.31002, -5.7848], [31.29328, -5.80595], [31.27787, -5.80619], [31.27026, -5.79574], [31.25372, -5.78594], [31.24253, -5.74718], [31.2299, -5.75687], [31.216, -5.75607], [31.20335, -5.74047], [31.1923, -5.7428], [31.16961, -5.76434], [31.14642, -5.76868], [31.14487, -5.76199], [31.15869, -5.7455], [31.15841, -5.72715], [31.15504, -5.71449], [31.14095, -5.70107], [31.14352, -5.6942], [31.15826, -5.68536], [31.15751, -5.68051], [31.13869, -5.67257], [31.14314, -5.65254], [31.13947, -5.647], [31.12097, -5.64171], [31.10669, -5.61844], [31.05616, -5.58784], [31.04656, -5.57665], [31.03872, -5.5554], [31.0521, -5.53657], [31.07124, -5.5211], [31.06684, -5.49896], [31.08241, -5.48162], [31.10375, -5.46799], [31.14794, -5.46022], [31.18483, -5.43478], [31.1831, -5.39788], [31.18762, -5.38024], [31.18089, -5.25665], [31.18747, -5.25325], [31.21005, -5.25885], [31.22613, -5.24282], [31.247, -5.24324], [31.23438, -5.22809], [31.20863, -5.21697], [31.20342, -5.19987], [31.20358, -5.19288], [31.22093, -5.17799], [31.22162, -5.17113], [31.21896, -5.16144], [31.20543, -5.15266], [31.21118, -5.11137], [31.24756, -5.05793], [31.24963, -5.03358], [31.26149, -5.01545], [31.24979, -4.99966], [31.23952, -4.99616], [31.23534, -4.95096], [31.24492, -4.93734], [31.25662, -4.93091], [31.31079, -4.91814], [31.31298, -4.89901], [31.33785, -4.87132], [31.34408, -4.85818], [31.35913, -4.84626], [31.36442, -4.82905], [31.37827, -4.81832], [31.37639, -4.81066], [31.38744, -4.81279], [31.39818, -4.80853], [31.39533, -4.78343], [31.40203, -4.7686], [31.3938, -4.76858], [31.39665, -4.7506], [31.39167, -4.74317], [31.39377, -4.73648], [31.3869, -4.73155], [31.38827, -4.72612], [31.40257, -4.71539], [31.40896, -4.70118], [31.42438, -4.7008], [31.43208, -4.70782], [31.45764, -4.69324], [31.45832, -4.68636], [31.46698, -4.68398], [31.46856, -4.67238], [31.48487, -4.6516], [31.49326, -4.62486], [31.48444, -4.6079], [31.49146, -4.58868], [31.48219, -4.5851], [31.4762, -4.56157], [31.48049, -4.54871], [31.47373, -4.54671], [31.47334, -4.53281], [31.4591, -4.51751], [31.45959, -4.50638], [31.46595, -4.50256], [31.46343, -4.49395], [31.46759, -4.4812], [31.46665, -4.47482], [31.45459, -4.46363], [31.45842, -4.45949], [31.47017, -4.46111], [31.49629, -4.4315], [31.50014, -4.41365], [31.59258, -4.43201], [31.62374, -4.42346], [31.65368, -4.383], [31.67285, -4.32466], [31.65859, -4.30263], [31.65641, -4.27998], [31.67071, -4.27745], [31.67996, -4.25737], [31.67013, -4.2446], [31.68351, -4.22516], [31.68321, -4.21495], [31.67753, -4.18847], [31.66993, -4.17825], [31.66901, -4.15592], [31.64393, -4.14822], [31.63537, -4.13704], [31.6392, -4.1262], [31.65446, -4.11698], [31.6494, -4.10262], [31.65928, -4.087], [31.66088, -4.0752], [31.67455, -4.0698], [31.68364, -4.05547], [31.78519, -4.09028], [31.82847, -4.09139], [31.88312, -4.1021], [31.93991, -4.12672], [32.00078, -4.18868], [32.01094, -4.18867], [32.04103, -4.21355], [32.05658, -4.21566], [32.08183, -4.23828], [32.10273, -4.24737], [32.14652, -4.2465], [32.16936, -4.25594], [32.1788, -4.25516], [32.18586, -4.26207], [32.22346, -4.26265], [32.22852, -4.26869], [32.24301, -4.26778], [32.28652, -4.27737], [32.30881, -4.27021], [32.32616, -4.27143], [32.34901, -4.28218], [32.36651, -4.3075], [32.3843, -4.31151], [32.40068, -4.32664], [32.41628, -4.29822], [32.42008, -4.27599], [32.42043, -4.25346], [32.40772, -4.21346], [32.44659, -4.21382], [32.48761, -4.22963], [32.50289, -4.2172], [32.50297, -4.19437], [32.50786, -4.1879], [32.53734, -4.176], [32.54852, -4.19536], [32.56451, -4.20282], [32.58084, -4.2037], [32.59292, -4.25378], [32.59081, -4.28827], [32.66479, -4.26847], [32.67189, -4.26228], [32.74763, -4.23831], [32.73081, -4.18882], [32.69796, -4.19247], [32.67599, -4.17116], [32.66164, -4.16914], [32.63919, -4.1321], [32.67062, -4.1248], [32.67848, -4.09955], [32.69195, -4.08889], [32.68858, -4.04399], [32.7016, -4.00279], [32.70417, -3.94739], [32.74297, -3.94836], [32.75848, -3.95414], [32.81318, -3.95258], [32.83565, -3.93787], [32.84978, -3.91832], [32.92231, -3.92811], [32.93406, -3.91659], [33.01344, -3.9086], [33.02324, -3.91862], [33.0286, -3.93963], [33.07103, -3.96586], [33.10227, -3.96769], [33.13238, -3.95984], [33.17081, -3.9651], [33.18581, -3.96029], [33.19578, -3.95106], [33.20424, -3.95853], [33.21752, -3.95915], [33.22497, -3.93595], [33.24528, -3.93645], [33.27721, -3.91418], [33.29398, -3.91612], [33.30898, -3.90748], [33.31766, -3.91078], [33.33047, -3.90206], [33.34402, -3.90331], [33.35477, -3.89551], [33.36042, -3.89962], [33.37141, -3.89295], [33.38753, -3.89603], [33.40292, -3.8873], [33.40631, -3.89213], [33.4136, -3.88935], [33.41904, -3.8989], [33.43721, -3.9067], [33.44346, -3.91425], [33.45206, -3.9135], [33.46217, -3.9032], [33.49554, -3.91052], [33.51888, -3.90808], [33.53612, -3.89524], [33.55109, -3.89823], [33.54926, -3.89497], [33.56097, -3.88529], [33.57407, -3.88843], [33.58534, -3.88093], [33.60087, -3.87907], [33.61857, -3.88724], [33.61856, -3.88202], [33.63314, -3.88462], [33.66191, -3.89948], [33.64791, -3.92192], [33.67978, -3.93991], [33.7249, -3.94579], [33.75577, -3.92986], [33.77914, -3.94248], [33.78294, -3.93832], [33.78494, -3.94506], [33.79953, -3.95577], [33.80259, -3.95028], [33.81153, -3.95044], [33.81038, -3.95377], [33.81816, -3.94985], [33.82272, -3.95542], [33.82959, -3.95092], [33.83017, -3.95633], [33.84169, -3.96139], [33.84506, -3.95417], [33.86118, -3.95116], [33.87796, -3.95943], [33.8842, -3.95418], [33.89772, -3.96413], [33.90387, -3.96422], [33.90559, -3.9594], [33.91002, -3.96445], [33.92013, -3.96121], [33.92423, -3.96509], [33.92722, -3.9607], [33.9367, -3.96846], [33.93899, -3.97871], [33.94747, -3.97908], [33.95116, -3.99898], [33.98708, -4.02311], [34.01567, -4.02784], [34.04367, -4.04116], [34.09196, -4.02675], [34.121, -4.05363], [34.13323, -4.05465], [34.1745, -4.07943], [34.1735, -4.08354], [34.14798, -4.08939], [34.13815, -4.09736], [34.10545, -4.1492], [34.09629, -4.24501], [34.08242, -4.29669], [34.07896, -4.3364], [34.05563, -4.39408], [34.02619, -4.42447], [34.00163, -4.43431], [33.97695, -4.45291], [33.94112, -4.51414], [33.93264, -4.57838], [33.9185, -4.59523], [33.9143, -4.61147], [33.92148, -4.63858], [33.92345, -4.7125], [33.93088, -4.71993], [33.93855, -4.7512], [33.93085, -4.76449], [33.92916, -4.81688], [33.91672, -4.84786], [33.92036, -4.8803], [33.91423, -4.91895], [33.92763, -4.98262], [33.92524, -5.14573], [33.93613, -5.17303], [33.95407, -5.17366], [34.00389, -5.20594], [34.02908, -5.20877], [34.06302, -5.19611], [34.11409, -5.19368], [34.16855, -5.2098], [34.18218, -5.22448], [34.18625, -5.23588], [34.18037, -5.26731], [34.18277, -5.27946], [34.17216, -5.30042], [34.18316, -5.30906], [34.18594, -5.32901], [34.2078, -5.34252], [34.21099, -5.36198], [34.24236, -5.39763], [34.23793, -5.41147], [34.21848, -5.41631], [34.20529, -5.42817], [34.19335, -5.43016], [34.17231, -5.45185], [34.12202, -5.57964], [34.0715, -5.65054], [34.01864, -5.68245], [34.00659, -5.7086], [34.04791, -5.72504], [34.0639, -5.76516], [34.10863, -5.81531], [34.10748, -5.86582], [34.08795, -5.88956], [34.03157, -5.91024], [34.02376, -5.91776], [34.01477, -5.93947], [34.01285, -5.97754], [33.99504, -6.02756], [33.97878, -6.05521], [33.95112, -6.08097], [33.97675, -6.08183], [33.9577, -6.12852], [33.93133, -6.17178], [33.9255, -6.21423], [33.90172, -6.29468], [33.90379, -6.3039], [33.88509, -6.3271], [33.87516, -6.3507], [33.83454, -6.3765], [33.79962, -6.38198], [33.78927, -6.38981], [33.78219, -6.41749], [33.75719, -6.42429], [33.74393, -6.44135], [33.71632, -6.45406], [33.69989, -6.46778], [33.67729, -6.51308], [33.66079, -6.52208], [33.64169, -6.54188], [33.62619, -6.54308], [33.59349, -6.55678], [33.54898, -6.60807], [33.52198, -6.69096], [33.52819, -6.87585], [33.51698, -6.90615], [33.4873, -6.94527], [33.44745, -6.94375], [33.42376, -6.95854], [33.41431, -6.94996], [33.38923, -6.94878], [33.37566, -6.95223], [33.36845, -6.96081], [33.32447, -6.95175], [33.31554, -6.9442], [33.30043, -6.95039], [33.28943, -6.94388], [33.28187, -6.94491], [33.23241, -6.95781], [33.2197, -6.95335], [33.20475, -6.95491], [33.185, -6.95011], [33.17812, -6.93483], [33.16678, -6.93106], [33.15424, -6.91905], [33.12023, -6.9134], [33.09687, -6.88766], [33.0857, -6.88423], [33.07658, -6.87088], [33.06673, -6.8679], [33.0475, -6.87225], [33.02689, -6.86722], [33.01099, -6.87548], [32.99605, -6.86724], [32.98248, -6.86879], [32.97441, -6.87926], [32.94315, -6.89916], [32.91859, -6.8971], [32.91618, -6.90517], [32.90261, -6.9074], [32.88715, -6.94089], [32.86894, -6.94809], [32.85366, -6.93419], [32.84146, -6.93161], [32.82566, -6.9395], [32.81396, -6.93468], [32.80548, -6.94269], [32.79403, -6.94406], [32.78991, -6.94657], [32.78669, -6.9722], [32.77982, -6.97861], [32.74755, -6.97747], [32.74786, -6.92781], [32.74769, -6.90568]]]]}}, {"type": "Feature", "properties": {"name": "Tanga"}, "geometry": {"type": "MultiPolygon", "coordinates": [[[[38.77727, -5.96354], [38.76012, -5.95541], [38.73123, -5.95541], [38.70474, -5.94766], [38.69579, -5.96371], [38.67079, -5.95382], [38.66123, -5.95495], [38.64571, -5.96566], [38.64297, -5.97743], [38.63239, -5.98693], [38.60881, -5.98757], [38.60496, -5.97933], [38.60504, -5.98278], [38.59713, -5.98348], [38.59289, -5.99661], [38.57993, -6.00124], [38.57387, -6.01247], [38.56259, -6.0179], [38.55253, -6.01267], [38.56161, -6.00857], [38.55859, -6.00325], [38.55031, -6.00399], [38.54472, -5.99895], [38.53053, -6.00823], [38.51759, -6.01002], [38.48345, -6.00167], [38.47879, -6.01074], [38.47121, -6.01399], [38.47092, -6.02001], [38.46515, -6.02192], [38.44892, -6.01032], [38.43127, -6.01669], [38.42392, -6.01326], [38.42479, -6.0078], [38.41555, -6.00824], [38.41333, -5.98829], [38.40696, -5.98887], [38.40904, -5.9847], [38.40406, -5.98041], [38.40324, -5.98435], [38.39687, -5.9811], [38.39374, -5.98481], [38.39756, -5.99049], [38.39212, -5.99571], [38.39189, -5.9898], [38.37983, -5.98365], [38.37647, -5.99107], [38.36627, -5.98528], [38.34251, -5.98933], [38.3439, -5.97484], [38.33184, -5.9665], [38.33741, -5.95537], [38.32454, -5.94702], [38.31946, -5.93672], [38.31144, -5.93601], [38.30912, -5.94262], [38.30008, -5.93335], [38.30379, -5.93022], [38.29539, -5.92593], [38.28934, -5.93837], [38.28651, -5.92762], [38.27943, -5.92343], [38.27494, -5.92563], [38.27627, -5.92987], [38.26611, -5.93275], [38.25896, -5.92866], [38.2459, -5.93057], [38.23963, -5.92042], [38.23267, -5.92433], [38.22512, -5.90577], [38.21866, -5.9027], [38.21989, -5.89624], [38.21559, -5.89839], [38.20729, -5.89193], [38.20391, -5.89839], [38.19899, -5.89624], [38.20944, -5.88763], [38.20391, -5.8864], [38.20575, -5.88179], [38.20052, -5.87656], [38.18761, -5.87103], [38.18023, -5.87502], [38.17439, -5.86887], [38.16885, -5.87133], [38.17408, -5.86426], [38.1665, -5.86271], [38.16469, -5.85731], [38.15803, -5.86064], [38.14189, -5.85603], [38.13574, -5.86012], [38.13574, -5.86781], [38.10781, -5.85705], [38.1009, -5.8632], [38.09167, -5.85987], [38.08783, -5.85218], [38.08194, -5.85654], [38.074, -5.84988], [38.05837, -5.8655], [38.05529, -5.86192], [38.02865, -5.86141], [38.02378, -5.8655], [38.00995, -5.86115], [38.00252, -5.87575], [37.99047, -5.86089], [37.97357, -5.85141], [37.95179, -5.85218], [37.93872, -5.84347], [37.92258, -5.84706], [37.89991, -5.87426], [37.88146, -5.87597], [37.87873, -5.88382], [37.86609, -5.89407], [37.81997, -5.88621], [37.79377, -5.89285], [37.78878, -5.89815], [37.77753, -5.89567], [37.77597, -5.90074], [37.77113, -5.88885], [37.75527, -5.89075], [37.75277, -5.883], [37.75665, -5.87604], [37.74564, -5.87485], [37.74391, -5.86807], [37.72968, -5.8778], [37.72035, -5.86578], [37.68964, -5.91546], [37.66606, -5.93688], [37.63589, -5.95241], [37.63133, -5.93742], [37.63316, -5.91543], [37.61197, -5.89978], [37.6091, -5.85836], [37.59819, -5.85774], [37.57728, -5.83885], [37.56501, -5.84391], [37.5542, -5.82349], [37.54138, -5.81367], [37.53524, -5.82101], [37.52717, -5.81862], [37.52569, -5.8249], [37.52285, -5.82057], [37.50898, -5.81972], [37.5071, -5.82339], [37.50336, -5.81766], [37.49374, -5.8169], [37.48867, -5.82689], [37.48056, -5.82251], [37.47712, -5.80827], [37.46682, -5.81027], [37.46162, -5.80256], [37.44883, -5.80232], [37.41773, -5.83033], [37.39677, -5.86188], [37.39456, -5.89663], [37.39019, -5.905], [37.39408, -5.93725], [37.37246, -5.97119], [37.36182, -5.97752], [37.34624, -5.97674], [37.32829, -5.98368], [37.30327, -5.98133], [37.29053, -5.99212], [37.27678, -5.99191], [37.26963, -5.99697], [37.24743, -5.99558], [37.23372, -6.00226], [37.1762, -6.0027], [37.14701, -5.99188], [37.12627, -5.96656], [37.07475, -5.86049], [37.02472, -5.89672], [37.02782, -5.8883], [37.01977, -5.87886], [37.02811, -5.87456], [37.03739, -5.84964], [37.04755, -5.84254], [37.0509, -5.83002], [37.06207, -5.82591], [37.10273, -5.77124], [37.11713, -5.77373], [37.14828, -5.74344], [37.20524, -5.75407], [37.20624, -5.7169], [37.16609, -5.71825], [37.18478, -5.68526], [37.21908, -5.65198], [37.22437, -5.62993], [37.23423, -5.62546], [37.2424, -5.629], [37.2475, -5.62093], [37.24488, -5.61602], [37.25739, -5.60516], [37.24988, -5.6003], [37.25634, -5.58684], [37.23829, -5.57288], [37.25061, -5.54003], [37.26874, -5.52771], [37.33085, -5.45152], [37.3875, -5.26398], [37.3875, -5.25517], [37.35981, -5.21867], [37.49072, -5.06133], [37.58513, -5.00721], [37.62997, -5.01559], [37.68641, -5.04147], [37.73619, -5.01854], [37.76613, -5.01153], [37.79793, -5.0328], [37.80445, -5.02328], [37.82545, -5.02255], [37.83207, -4.99986], [37.8478, -4.98095], [37.86328, -4.9832], [37.88806, -4.97557], [37.89221, -4.97982], [37.90069, -4.97764], [37.90154, -4.97037], [37.90628, -4.97268], [37.91735, -4.96678], [37.92501, -4.96968], [37.93298, -4.9615], [37.93443, -4.9675], [37.94468, -4.96316], [37.9571, -4.96833], [37.96765, -4.98478], [37.981, -4.9912], [37.99667, -4.99012], [38.00072, -4.99398], [37.99538, -4.91893], [38.00053, -4.86797], [37.99483, -4.83578], [37.99832, -4.77967], [37.98232, -4.75079], [37.99446, -4.71031], [38.00226, -4.60103], [38.00602, -4.59371], [38.02405, -4.60056], [38.03821, -4.59578], [38.05063, -4.61602], [38.06845, -4.61587], [38.0846, -4.61389], [38.10973, -4.59835], [38.11948, -4.5749], [38.12089, -4.53291], [38.23956, -4.36696], [38.40451, -4.11105], [39.19279, -4.66032], [39.2061, -4.67931], [39.18708, -4.68736], [39.19736, -4.68681], [39.20292, -4.68097], [39.21431, -4.68375], [39.2093, -4.69375], [39.21625, -4.75847], [39.20986, -4.77319], [39.20125, -4.77514], [39.19347, -4.76625], [39.18458, -4.7432], [39.18875, -4.73042], [39.18264, -4.73958], [39.18597, -4.76042], [39.17403, -4.76903], [39.17625, -4.77764], [39.16597, -4.77819], [39.16125, -4.78597], [39.16986, -4.77875], [39.18292, -4.79042], [39.18292, -4.79542], [39.19431, -4.79014], [39.19708, -4.79875], [39.20208, -4.79292], [39.20958, -4.79458], [39.20847, -4.79097], [39.21653, -4.79431], [39.22097, -4.80764], [39.21903, -4.82014], [39.20597, -4.83292], [39.21736, -4.83958], [39.21069, -4.87236], [39.19431, -4.89014], [39.19653, -4.89486], [39.17542, -4.94236], [39.1707, -4.92792], [39.15569, -4.91597], [39.16847, -4.88153], [39.17347, -4.87875], [39.1657, -4.87264], [39.17209, -4.86792], [39.17597, -4.85569], [39.17153, -4.85375], [39.16792, -4.85903], [39.16625, -4.84153], [39.16653, -4.8593], [39.15708, -4.86903], [39.15292, -4.88458], [39.15319, -4.87653], [39.14875, -4.87736], [39.14903, -4.90181], [39.13651, -4.92208], [39.1118, -4.91875], [39.11125, -4.91431], [39.10792, -4.91736], [39.12153, -4.92097], [39.12625, -4.93486], [39.13764, -4.94125], [39.14375, -4.96292], [39.14097, -4.97625], [39.13181, -4.97736], [39.13097, -4.98903], [39.12431, -4.97736], [39.11291, -4.98042], [39.12125, -4.97708], [39.12597, -4.99125], [39.13542, -4.9918], [39.13653, -4.99764], [39.15403, -5.00347], [39.14347, -5.00764], [39.12875, -5.02875], [39.1182, -5.02319], [39.10153, -5.02958], [39.10209, -5.03403], [39.08958, -5.02653], [39.0843, -5.02792], [39.10792, -5.03569], [39.09097, -5.05375], [39.09292, -5.06069], [39.08958, -5.06069], [39.09431, -5.06542], [39.10069, -5.06764], [39.11875, -5.06153], [39.12208, -5.05264], [39.13153, -5.05458], [39.12819, -5.05958], [39.13014, -5.08792], [39.14014, -5.12375], [39.11514, -5.12264], [39.10764, -5.13042], [39.10209, -5.13931], [39.10708, -5.14792], [39.10097, -5.16597], [39.11236, -5.17597], [39.10764, -5.17542], [39.10792, -5.18014], [39.09208, -5.19125], [39.08792, -5.20542], [39.06764, -5.21208], [39.06653, -5.21597], [39.07347, -5.2118], [39.06264, -5.23097], [39.05681, -5.23597], [39.05181, -5.23319], [39.05625, -5.23708], [39.06347, -5.23208], [39.07292, -5.21514], [39.07903, -5.22403], [39.08903, -5.22488], [39.07458, -5.25847], [39.07097, -5.28986], [39.04875, -5.33319], [39.04819, -5.34708], [39.0218, -5.40931], [39.01792, -5.41375], [39.00903, -5.40736], [38.9982, -5.41458], [38.99458, -5.41181], [38.98459, -5.43236], [38.97625, -5.42986], [38.98708, -5.43653], [38.98958, -5.44569], [39.00042, -5.44736], [39.00319, -5.45486], [38.99347, -5.49653], [38.98847, -5.49486], [38.98264, -5.50292], [38.97847, -5.52181], [38.96931, -5.53485], [38.96847, -5.55431], [38.94653, -5.57708], [38.93347, -5.61903], [38.91486, -5.63319], [38.92014, -5.64042], [38.89514, -5.64014], [38.90708, -5.64708], [38.89403, -5.66958], [38.89569, -5.71347], [38.84014, -5.80403], [38.82292, -5.84514], [38.81875, -5.87208], [38.82375, -5.91153], [38.81986, -5.93514], [38.81264, -5.94736], [38.80542, -5.95042], [38.80125, -5.96208], [38.79171, -5.96895], [38.78119, -5.96501], [38.77727, -5.96354]]], [[[39.08681, -5.24125], [39.08931, -5.23958], [39.08847, -5.24125], [39.08681, -5.24125]]], [[[39.0957, -5.21958], [39.09486, -5.22681], [39.09125, -5.21847], [39.09542, -5.21958], [39.0957, -5.21958]]], [[[39.09792, -5.23125], [39.09181, -5.23597], [39.09819, -5.23125], [39.09792, -5.23125]]], [[[39.10403, -5.22125], [39.09958, -5.23042], [39.10153, -5.22403], [39.09764, -5.22042], [39.10431, -5.22125], [39.10403, -5.22125]]], [[[39.13319, -5.21903], [39.13625, -5.22069], [39.13125, -5.22236], [39.13264, -5.21903], [39.13319, -5.21903]]], [[[39.13319, -5.21375], [39.13014, -5.21708], [39.12903, -5.21347], [39.13292, -5.21375], [39.13319, -5.21375]]], [[[39.15181, -5.17319], [39.14069, -5.19875], [39.12708, -5.20958], [39.13709, -5.19792], [39.14125, -5.17819], [39.14764, -5.17653], [39.14958, -5.17069], [39.15208, -5.17319], [39.15181, -5.17319]]], [[[39.15569, -5.12986], [39.15486, -5.12792], [39.15597, -5.12986], [39.15569, -5.12986]]], [[[39.16653, -5.09042], [39.16292, -5.1043], [39.16708, -5.1268], [39.15931, -5.12986], [39.15403, -5.12597], [39.14931, -5.10597], [39.15292, -5.09819], [39.16625, -5.09042], [39.16653, -5.09042]]], [[[39.16681, -5.08542], [39.16708, -5.08958], [39.16292, -5.08847], [39.16653, -5.08542], [39.16681, -5.08542]]], [[[39.11042, -5.05319], [39.1082, -5.05792], [39.10014, -5.05625], [39.11097, -5.05319], [39.11042, -5.05319]]], [[[39.16347, -5.00236], [39.16875, -5.00292], [39.16486, -5.02486], [39.15514, -5.00597], [39.15597, -5.00208], [39.16292, -5.00236], [39.16347, -5.00236]]], [[[39.17625, -4.96014], [39.17125, -4.99236], [39.16347, -4.99208], [39.16042, -4.98736], [39.16597, -4.97486], [39.16431, -4.97986], [39.15347, -4.97819], [39.14542, -4.96458], [39.15403, -4.95958], [39.16319, -4.96458], [39.17347, -4.95597], [39.17597, -4.96014], [39.17625, -4.96014]]], [[[39.18375, -4.78264], [39.17597, -4.78125], [39.18542, -4.78264], [39.18375, -4.78264]]]]}}]}