{"type": "FeatureCollection", "features": [{"type": "Feature", "properties": {"order": 6, "discharge": 343.3}, "geometry": {"type": "LineString", "coordinates": [[31.6854, -0.9896], [31.6896, -0.9896], [31.6979, -0.9813], [31.7062, -0.9813]]}}, {"type": "Feature", "properties": {"order": 5, "discharge": 58.79}, "geometry": {"type": "LineString", "coordinates": [[34.2271, -0.9896], [34.2187, -0.9813], [34.2187, -0.9771], [34.2104, -0.9688], [34.2146, -0.9646], [34.2146, -0.9604]]}}, {"type": "Feature", "properties": {"order": 5, "discharge": 55.78}, "geometry": {"type": "LineString", "coordinates": [[34.2521, -0.9854], [34.2479, -0.9854], [34.2437, -0.9896], [34.2271, -0.9896]]}}, {"type": "Feature", "properties": {"order": 6, "discharge": 343.91}, "geometry": {"type": "LineString", "coordinates": [[31.6812, -0.9938], [31.6854, -0.9896]]}}, {"type": "Feature", "properties": {"order": 5, "discharge": 32.4}, "geometry": {"type": "LineString", "coordinates": [[29.3562, -0.9979], [29.3562, -0.9604]]}}, {"type": "Feature", "properties": {"order": 6, "discharge": 343.82}, "geometry": {"type": "LineString", "coordinates": [[31.6771, -0.9979], [31.6812, -0.9938]]}}, {"type": "Feature", "properties": {"order": 6, "discharge": 270.94}, "geometry": {"type": "LineString", "coordinates": [[30.7354, -1.0063], [30.7396, -1.0063], [30.7562, -0.9896], [30.7604, -0.9896]]}}, {"type": "Feature", "properties": {"order": 6, "discharge": 341.02}, "geometry": {"type": "LineString", "coordinates": [[31.6562, -1.0063], [31.6604, -1.0063], [31.6646, -1.0021], [31.6687, -1.0021], [31.6729, -0.9979], [31.6771, -0.9979]]}}, {"type": "Feature", "properties": {"order": 6, "discharge": 270.6}, "geometry": {"type": "LineString", "coordinates": [[30.7312, -1.0104], [30.7354, -1.0063]]}}, {"type": "Feature", "properties": {"order": 6, "discharge": 271.98}, "geometry": {"type": "LineString", "coordinates": [[30.7604, -0.9896], [30.7646, -0.9854], [30.7771, -0.9854], [30.7812, -0.9896], [30.7854, -0.9896], [30.7896, -0.9938], [30.7937, -0.9938], [30.8062, -1.0063], [30.8312, -1.0063], [30.8354, -1.0104], [30.8396, -1.0104]]}}, {"type": "Feature", "properties": {"order": 6, "discharge": 340.9}, "geometry": {"type": "LineString", "coordinates": [[31.6521, -1.0104], [31.6562, -1.0063]]}}, {"type": "Feature", "properties": {"order": 5, "discharge": 10.66}, "geometry": {"type": "LineString", "coordinates": [[33.2562, -1.0146], [33.2104, -0.9688], [33.2062, -0.9688], [33.1854, -0.9479]]}}, {"type": "Feature", "properties": {"order": 6, "discharge": 270.47}, "geometry": {"type": "LineString", "coordinates": [[30.6937, -1.0188], [30.6979, -1.0146], [30.7187, -1.0146], [30.7229, -1.0104], [30.7312, -1.0104]]}}, {"type": "Feature", "properties": {"order": 6, "discharge": 271.91}, "geometry": {"type": "LineString", "coordinates": [[30.8396, -1.0104], [30.8437, -1.0104], [30.8521, -1.0188], [30.8604, -1.0188]]}}, {"type": "Feature", "properties": {"order": 6, "discharge": 260.85}, "geometry": {"type": "LineString", "coordinates": [[30.6896, -1.0229], [30.6937, -1.0188]]}}, {"type": "Feature", "properties": {"order": 6, "discharge": 272.66}, "geometry": {"type": "LineString", "coordinates": [[30.8604, -1.0188], [30.8646, -1.0229], [30.8812, -1.0229]]}}, {"type": "Feature", "properties": {"order": 5, "discharge": 180.6}, "geometry": {"type": "LineString", "coordinates": [[39.8729, -0.9563], [39.8812, -0.9646], [39.8812, -0.9688], [39.8896, -0.9771], [39.8896, -0.9854], [39.8937, -0.9896], [39.8854, -0.9979], [39.8854, -1.0021], [39.8979, -1.0146], [39.8979, -1.0271]]}}, {"type": "Feature", "properties": {"order": 6, "discharge": 340.18}, "geometry": {"type": "LineString", "coordinates": [[31.6271, -1.0313], [31.6312, -1.0313], [31.6354, -1.0271], [31.6396, -1.0271], [31.6437, -1.0229], [31.6437, -1.0188], [31.6521, -1.0104]]}}, {"type": "Feature", "properties": {"order": 5, "discharge": 6.51}, "geometry": {"type": "LineString", "coordinates": [[39.1896, -1.0313], [39.1937, -1.0313], [39.1979, -1.0271], [39.2021, -1.0271], [39.2062, -1.0229], [39.2104, -1.0271], [39.2187, -1.0188]]}}, {"type": "Feature", "properties": {"order": 5, "discharge": 180.56}, "geometry": {"type": "LineString", "coordinates": [[39.8979, -1.0271], [39.9021, -1.0313]]}}, {"type": "Feature", "properties": {"order": 7, "discharge": 402.82}, "geometry": {"type": "LineString", "coordinates": [[32.7854, -1.0354], [32.7854, -1.0271], [32.7896, -1.0229], [32.7896, -1.0146], [32.7937, -1.0104], [32.7937, -1.0063], [32.7979, -1.0021], [32.7979, -0.9938], [32.8021, -0.9896], [32.8021, -0.9813]]}}, {"type": "Feature", "properties": {"order": 6, "discharge": 339.76}, "geometry": {"type": "LineString", "coordinates": [[31.6187, -1.0396], [31.6271, -1.0313]]}}, {"type": "Feature", "properties": {"order": 5, "discharge": 6.6}, "geometry": {"type": "LineString", "coordinates": [[39.3187, -1.0313], [39.3229, -1.0354], [39.3437, -1.0354], [39.3479, -1.0313], [39.3521, -1.0354], [39.3562, -1.0354], [39.3604, -1.0396], [39.3646, -1.0396], [39.3729, -1.0313], [39.3771, -1.0313], [39.3854, -1.0229], [39.3896, -1.0229], [39.3937, -1.0188]]}}, {"type": "Feature", "properties": {"order": 5, "discharge": 180.07}, "geometry": {"type": "LineString", "coordinates": [[39.9021, -1.0313], [39.9104, -1.0396]]}}, {"type": "Feature", "properties": {"order": 5, "discharge": 6.59}, "geometry": {"type": "LineString", "coordinates": [[39.2937, -1.0438], [39.3062, -1.0438], [39.3187, -1.0313]]}}, {"type": "Feature", "properties": {"order": 6, "discharge": 339.5}, "geometry": {"type": "LineString", "coordinates": [[31.6104, -1.0479], [31.6187, -1.0396]]}}, {"type": "Feature", "properties": {"order": 6, "discharge": 272.64}, "geometry": {"type": "LineString", "coordinates": [[30.8812, -1.0229], [30.8854, -1.0229], [30.8896, -1.0271], [30.9062, -1.0271], [30.9312, -1.0521]]}}, {"type": "Feature", "properties": {"order": 5, "discharge": 6.55}, "geometry": {"type": "LineString", "coordinates": [[39.2187, -1.0188], [39.2229, -1.0188], [39.2271, -1.0146], [39.2354, -1.0229], [39.2396, -1.0229], [39.2479, -1.0313], [39.2562, -1.0313], [39.2646, -1.0396], [39.2646, -1.0438], [39.2687, -1.0479], [39.2687, -1.0521]]}}, {"type": "Feature", "properties": {"order": 5, "discharge": 6.59}, "geometry": {"type": "LineString", "coordinates": [[39.2687, -1.0521], [39.2854, -1.0521], [39.2937, -1.0438]]}}, {"type": "Feature", "properties": {"order": 5, "discharge": 24.39}, "geometry": {"type": "LineString", "coordinates": [[30.4396, -1.0479], [30.4521, -1.0479], [30.4562, -1.0521], [30.4687, -1.0521], [30.4729, -1.0563]]}}, {"type": "Feature", "properties": {"order": 6, "discharge": 256.55}, "geometry": {"type": "LineString", "coordinates": [[30.4729, -1.0563], [30.4812, -1.0563]]}}, {"type": "Feature", "properties": {"order": 5, "discharge": 22.84}, "geometry": {"type": "LineString", "coordinates": [[30.3646, -1.0604], [30.3687, -1.0646], [30.4062, -1.0646]]}}, {"type": "Feature", "properties": {"order": 5, "discharge": 23.17}, "geometry": {"type": "LineString", "coordinates": [[30.4062, -1.0646], [30.4146, -1.0646], [30.4187, -1.0604], [30.4229, -1.0646], [30.4271, -1.0604], [30.4312, -1.0604], [30.4354, -1.0563], [30.4354, -1.0521], [30.4396, -1.0479]]}}, {"type": "Feature", "properties": {"order": 6, "discharge": 259.27}, "geometry": {"type": "LineString", "coordinates": [[30.5771, -1.0646], [30.5812, -1.0604], [30.5896, -1.0604], [30.5937, -1.0646], [30.6062, -1.0646]]}}, {"type": "Feature", "properties": {"order": 6, "discharge": 260.73}, "geometry": {"type": "LineString", "coordinates": [[30.6396, -1.0646], [30.6562, -1.0646], [30.6687, -1.0521], [30.6687, -1.0438], [30.6729, -1.0396], [30.6729, -1.0354], [30.6812, -1.0271], [30.6854, -1.0271], [30.6896, -1.0229]]}}, {"type": "Feature", "properties": {"order": 5, "discharge": 7.41}, "geometry": {"type": "LineString", "coordinates": [[39.3937, -1.0188], [39.3979, -1.0229], [39.4021, -1.0229], [39.4104, -1.0313], [39.4146, -1.0313], [39.4229, -1.0396], [39.4354, -1.0396], [39.4479, -1.0521], [39.4687, -1.0521], [39.4729, -1.0563], [39.4854, -1.0563], [39.4937, -1.0646], [39.4979, -1.0646]]}}, {"type": "Feature", "properties": {"order": 5, "discharge": 7.78}, "geometry": {"type": "LineString", "coordinates": [[39.4979, -1.0646], [39.5021, -1.0604], [39.5146, -1.0604]]}}, {"type": "Feature", "properties": {"order": 6, "discharge": 260.92}, "geometry": {"type": "LineString", "coordinates": [[30.6062, -1.0646], [30.6187, -1.0646], [30.6229, -1.0688], [30.6312, -1.0688], [30.6354, -1.0646], [30.6396, -1.0646]]}}, {"type": "Feature", "properties": {"order": 6, "discharge": 272.61}, "geometry": {"type": "LineString", "coordinates": [[30.9312, -1.0521], [30.9437, -1.0646], [30.9437, -1.0688]]}}, {"type": "Feature", "properties": {"order": 6, "discharge": 258.69}, "geometry": {"type": "LineString", "coordinates": [[30.4812, -1.0563], [30.4854, -1.0563], [30.4896, -1.0604], [30.4979, -1.0604], [30.5104, -1.0729], [30.5187, -1.0729]]}}, {"type": "Feature", "properties": {"order": 6, "discharge": 258.68}, "geometry": {"type": "LineString", "coordinates": [[30.5396, -1.0729], [30.5437, -1.0729]]}}, {"type": "Feature", "properties": {"order": 6, "discharge": 258.68}, "geometry": {"type": "LineString", "coordinates": [[30.5437, -1.0729], [30.5479, -1.0729], [30.5521, -1.0688], [30.5562, -1.0688], [30.5604, -1.0646], [30.5771, -1.0646]]}}, {"type": "Feature", "properties": {"order": 6, "discharge": 258.61}, "geometry": {"type": "LineString", "coordinates": [[30.5187, -1.0729], [30.5229, -1.0729], [30.5271, -1.0771], [30.5312, -1.0729], [30.5396, -1.0729]]}}, {"type": "Feature", "properties": {"order": 6, "discharge": 339.27}, "geometry": {"type": "LineString", "coordinates": [[31.5979, -1.0771], [31.5979, -1.0729], [31.6062, -1.0646], [31.6062, -1.0521], [31.6104, -1.0479]]}}, {"type": "Feature", "properties": {"order": 5, "discharge": 15.87}, "geometry": {"type": "LineString", "coordinates": [[37.2312, -1.0771], [37.2354, -1.0771]]}}, {"type": "Feature", "properties": {"order": 5, "discharge": 177.85}, "geometry": {"type": "LineString", "coordinates": [[39.9104, -1.0396], [39.9104, -1.0521], [39.9187, -1.0604], [39.9187, -1.0646], [39.9146, -1.0688], [39.9187, -1.0729], [39.9187, -1.0771]]}}, {"type": "Feature", "properties": {"order": 5, "discharge": 7.72}, "geometry": {"type": "LineString", "coordinates": [[39.5146, -1.0604], [39.5187, -1.0646], [39.5312, -1.0646], [39.5396, -1.0729], [39.5479, -1.0729], [39.5562, -1.0813]]}}, {"type": "Feature", "properties": {"order": 5, "discharge": 27.51}, "geometry": {"type": "LineString", "coordinates": [[32.8312, -1.0854], [32.7854, -1.0396], [32.7854, -1.0354]]}}, {"type": "Feature", "properties": {"order": 5, "discharge": 10.06}, "geometry": {"type": "LineString", "coordinates": [[33.3312, -1.0854], [33.3146, -1.0688], [33.3104, -1.0688], [33.2562, -1.0146]]}}, {"type": "Feature", "properties": {"order": 5, "discharge": 7.62}, "geometry": {"type": "LineString", "coordinates": [[39.5562, -1.0813], [39.5646, -1.0813], [39.5687, -1.0854], [39.5854, -1.0854], [39.5896, -1.0813], [39.6229, -1.0813]]}}, {"type": "Feature", "properties": {"order": 6, "discharge": 338.88}, "geometry": {"type": "LineString", "coordinates": [[31.5854, -1.0896], [31.5896, -1.0896], [31.5979, -1.0813], [31.5979, -1.0771]]}}, {"type": "Feature", "properties": {"order": 5, "discharge": 23.56}, "geometry": {"type": "LineString", "coordinates": [[32.8396, -1.0938], [32.8312, -1.0854]]}}, {"type": "Feature", "properties": {"order": 5, "discharge": 15.89}, "geometry": {"type": "LineString", "coordinates": [[33.3479, -1.1021], [33.3312, -1.0854]]}}, {"type": "Feature", "properties": {"order": 5, "discharge": 176.65}, "geometry": {"type": "LineString", "coordinates": [[39.9187, -1.0771], [39.9271, -1.0854], [39.9271, -1.0896], [39.9229, -1.0938], [39.9271, -1.0979], [39.9312, -1.0979], [39.9354, -1.1021]]}}, {"type": "Feature", "properties": {"order": 6, "discharge": 337.44}, "geometry": {"type": "LineString", "coordinates": [[31.5854, -1.1063], [31.5854, -1.0979], [31.5812, -1.0938], [31.5854, -1.0896]]}}, {"type": "Feature", "properties": {"order": 7, "discharge": 361.18}, "geometry": {"type": "LineString", "coordinates": [[32.7562, -1.1063], [32.7562, -1.1021], [32.7604, -1.0979], [32.7604, -1.0938], [32.7646, -1.0896], [32.7646, -1.0813], [32.7687, -1.0771], [32.7687, -1.0729], [32.7729, -1.0688], [32.7729, -1.0604], [32.7771, -1.0563], [32.7771, -1.0521], [32.7812, -1.0479], [32.7812, -1.0396], [32.7854, -1.0354]]}}, {"type": "Feature", "properties": {"order": 6, "discharge": 272.49}, "geometry": {"type": "LineString", "coordinates": [[30.9437, -1.0688], [30.9437, -1.0771], [30.9646, -1.0979], [30.9687, -1.0979], [30.9771, -1.1063], [30.9812, -1.1063], [30.9854, -1.1104]]}}, {"type": "Feature", "properties": {"order": 6, "discharge": 337.22}, "geometry": {"type": "LineString", "coordinates": [[31.5896, -1.1188], [31.5896, -1.1104], [31.5854, -1.1063]]}}, {"type": "Feature", "properties": {"order": 5, "discharge": 15.71}, "geometry": {"type": "LineString", "coordinates": [[37.1729, -1.1188], [37.1812, -1.1104], [37.1854, -1.1104], [37.1896, -1.1063], [37.1896, -1.0979], [37.1937, -1.0938], [37.1979, -1.0938], [37.2104, -1.0813], [37.2187, -1.0813], [37.2229, -1.0771], [37.2312, -1.0771]]}}, {"type": "Feature", "properties": {"order": 5, "discharge": 7.31}, "geometry": {"type": "LineString", "coordinates": [[39.6229, -1.0813], [39.6271, -1.0771], [39.6312, -1.0771], [39.6354, -1.0813], [39.6396, -1.0771], [39.6437, -1.0771], [39.6479, -1.0813], [39.6521, -1.0771], [39.6562, -1.0813], [39.6771, -1.0813], [39.6812, -1.0854], [39.6854, -1.0854], [39.6896, -1.0896], [39.7062, -1.0896], [39.7146, -1.0979], [39.7187, -1.0979], [39.7229, -1.1021], [39.7271, -1.1021], [39.7312, -1.1063], [39.7437, -1.1063], [39.7562, -1.1188], [39.7604, -1.1188]]}}, {"type": "Feature", "properties": {"order": 5, "discharge": 16.23}, "geometry": {"type": "LineString", "coordinates": [[33.3687, -1.1229], [33.3479, -1.1021]]}}, {"type": "Feature", "properties": {"order": 7, "discharge": 336.37}, "geometry": {"type": "LineString", "coordinates": [[32.7479, -1.1271], [32.7479, -1.1229], [32.7521, -1.1188], [32.7521, -1.1146], [32.7562, -1.1104], [32.7562, -1.1063]]}}, {"type": "Feature", "properties": {"order": 5, "discharge": 22.92}, "geometry": {"type": "LineString", "coordinates": [[32.8771, -1.1313], [32.8396, -1.0938]]}}, {"type": "Feature", "properties": {"order": 5, "discharge": 7.27}, "geometry": {"type": "LineString", "coordinates": [[39.7604, -1.1188], [39.7646, -1.1229], [39.7687, -1.1229], [39.7729, -1.1271], [39.7771, -1.1271], [39.7812, -1.1313]]}}, {"type": "Feature", "properties": {"order": 5, "discharge": 57.78}, "geometry": {"type": "LineString", "coordinates": [[32.7146, -1.1354], [32.7187, -1.1354], [32.7229, -1.1313], [32.7312, -1.1313], [32.7354, -1.1271], [32.7479, -1.1271]]}}, {"type": "Feature", "properties": {"order": 5, "discharge": 7.25}, "geometry": {"type": "LineString", "coordinates": [[39.7812, -1.1313], [39.7854, -1.1313], [39.7896, -1.1354], [39.7979, -1.1354]]}}, {"type": "Feature", "properties": {"order": 5, "discharge": 174.69}, "geometry": {"type": "LineString", "coordinates": [[39.9354, -1.1021], [39.9354, -1.1063], [39.9396, -1.1104], [39.9312, -1.1188], [39.9312, -1.1313], [39.9354, -1.1354]]}}, {"type": "Feature", "properties": {"order": 5, "discharge": 55.59}, "geometry": {"type": "LineString", "coordinates": [[32.7062, -1.1396], [32.7104, -1.1354], [32.7146, -1.1354]]}}, {"type": "Feature", "properties": {"order": 5, "discharge": 17.63}, "geometry": {"type": "LineString", "coordinates": [[33.3854, -1.1396], [33.3687, -1.1229]]}}, {"type": "Feature", "properties": {"order": 5, "discharge": 7.87}, "geometry": {"type": "LineString", "coordinates": [[39.7979, -1.1354], [39.8021, -1.1396], [39.8062, -1.1354], [39.8104, -1.1396], [39.8146, -1.1396], [39.8187, -1.1354], [39.8479, -1.1354], [39.8521, -1.1313], [39.8729, -1.1313], [39.8812, -1.1229], [39.8979, -1.1229], [39.9021, -1.1271], [39.9062, -1.1271], [39.9104, -1.1313]]}}, {"type": "Feature", "properties": {"order": 5, "discharge": 8.06}, "geometry": {"type": "LineString", "coordinates": [[39.9104, -1.1313], [39.9146, -1.1313], [39.9229, -1.1396], [39.9271, -1.1354], [39.9354, -1.1354]]}}, {"type": "Feature", "properties": {"order": 5, "discharge": 54.87}, "geometry": {"type": "LineString", "coordinates": [[32.6896, -1.1438], [32.6937, -1.1438], [32.6979, -1.1396], [32.7062, -1.1396]]}}, {"type": "Feature", "properties": {"order": 5, "discharge": 12.74}, "geometry": {"type": "LineString", "coordinates": [[37.1854, -1.1438], [37.1854, -1.1313], [37.1729, -1.1188]]}}, {"type": "Feature", "properties": {"order": 6, "discharge": 183.88}, "geometry": {"type": "LineString", "coordinates": [[39.9354, -1.1354], [39.9396, -1.1354], [39.9479, -1.1438], [39.9521, -1.1438], [39.9562, -1.1479]]}}, {"type": "Feature", "properties": {"order": 6, "discharge": 232.15}, "geometry": {"type": "LineString", "coordinates": [[30.4729, -1.1563], [30.4687, -1.1521], [30.4687, -1.1313], [30.4729, -1.1271], [30.4729, -1.1229], [30.4687, -1.1188], [30.4646, -1.1188], [30.4562, -1.1104], [30.4562, -1.1021], [30.4521, -1.0979], [30.4521, -1.0854], [30.4562, -1.0813], [30.4562, -1.0729], [30.4729, -1.0563]]}}, {"type": "Feature", "properties": {"order": 5, "discharge": 18.67}, "geometry": {"type": "LineString", "coordinates": [[33.4021, -1.1563], [33.3854, -1.1396]]}}, {"type": "Feature", "properties": {"order": 5, "discharge": 19.73}, "geometry": {"type": "LineString", "coordinates": [[33.4062, -1.1563], [33.4021, -1.1563]]}}, {"type": "Feature", "properties": {"order": 5, "discharge": 16.24}, "geometry": {"type": "LineString", "coordinates": [[37.2354, -1.0771], [37.2521, -1.0771], [37.2562, -1.0729], [37.2604, -1.0729], [37.2604, -1.0688], [37.2896, -1.0688], [37.2937, -1.0729], [37.3021, -1.0729], [37.3062, -1.0771], [37.3062, -1.0813], [37.3312, -1.1063], [37.3354, -1.1063], [37.3396, -1.1104], [37.3396, -1.1146], [37.3562, -1.1313], [37.3604, -1.1313], [37.3646, -1.1354], [37.3646, -1.1396], [37.3729, -1.1479], [37.3729, -1.1521], [37.3771, -1.1563]]}}, {"type": "Feature", "properties": {"order": 5, "discharge": 0.37}, "geometry": {"type": "LineString", "coordinates": [[40.3854, -1.0854], [40.3896, -1.0896], [40.3937, -1.0896], [40.4021, -1.0979], [40.4021, -1.1021], [40.3979, -1.1063], [40.3979, -1.1104], [40.3937, -1.1146], [40.3979, -1.1188], [40.3979, -1.1229], [40.4021, -1.1271], [40.4021, -1.1354], [40.3979, -1.1396], [40.3979, -1.1563]]}}, {"type": "Feature", "properties": {"order": 6, "discharge": 231.6}, "geometry": {"type": "LineString", "coordinates": [[30.4771, -1.1604], [30.4729, -1.1563]]}}, {"type": "Feature", "properties": {"order": 6, "discharge": 308.9}, "geometry": {"type": "LineString", "coordinates": [[31.5771, -1.1604], [31.5771, -1.1479], [31.5729, -1.1438], [31.5729, -1.1396], [31.5812, -1.1313], [31.5812, -1.1271], [31.5896, -1.1188]]}}, {"type": "Feature", "properties": {"order": 7, "discharge": 271.35}, "geometry": {"type": "LineString", "coordinates": [[32.7354, -1.1604], [32.7354, -1.1563], [32.7396, -1.1521], [32.7396, -1.1438], [32.7437, -1.1396], [32.7437, -1.1354], [32.7479, -1.1313], [32.7479, -1.1271]]}}, {"type": "Feature", "properties": {"order": 5, "discharge": 12.58}, "geometry": {"type": "LineString", "coordinates": [[37.1812, -1.1646], [37.1812, -1.1563], [37.1854, -1.1521], [37.1854, -1.1438]]}}, {"type": "Feature", "properties": {"order": 6, "discharge": 308.1}, "geometry": {"type": "LineString", "coordinates": [[31.5771, -1.1688], [31.5771, -1.1604]]}}, {"type": "Feature", "properties": {"order": 5, "discharge": 53.77}, "geometry": {"type": "LineString", "coordinates": [[32.6146, -1.1688], [32.6187, -1.1646], [32.6271, -1.1646], [32.6312, -1.1604], [32.6396, -1.1604], [32.6437, -1.1563], [32.6521, -1.1563], [32.6562, -1.1521], [32.6646, -1.1521], [32.6687, -1.1479], [32.6812, -1.1479], [32.6854, -1.1438], [32.6896, -1.1438]]}}, {"type": "Feature", "properties": {"order": 6, "discharge": 272.45}, "geometry": {"type": "LineString", "coordinates": [[30.9854, -1.1104], [30.9979, -1.1229], [30.9979, -1.1313], [31.0021, -1.1354], [31.0021, -1.1396], [31.0062, -1.1438], [31.0062, -1.1563], [31.0104, -1.1604], [31.0104, -1.1646], [31.0187, -1.1729]]}}, {"type": "Feature", "properties": {"order": 5, "discharge": 19.79}, "geometry": {"type": "LineString", "coordinates": [[33.4229, -1.1729], [33.4062, -1.1563]]}}, {"type": "Feature", "properties": {"order": 5, "discharge": 17.42}, "geometry": {"type": "LineString", "coordinates": [[37.3771, -1.1563], [37.3937, -1.1729]]}}, {"type": "Feature", "properties": {"order": 5, "discharge": 0.4}, "geometry": {"type": "LineString", "coordinates": [[40.3979, -1.1563], [40.4021, -1.1604], [40.4021, -1.1729]]}}, {"type": "Feature", "properties": {"order": 6, "discharge": 182.06}, "geometry": {"type": "LineString", "coordinates": [[39.9562, -1.1479], [39.9562, -1.1521], [39.9646, -1.1604], [39.9646, -1.1729], [39.9687, -1.1771]]}}, {"type": "Feature", "properties": {"order": 5, "discharge": 16.79}, "geometry": {"type": "LineString", "coordinates": [[32.9312, -1.1854], [32.8771, -1.1313]]}}, {"type": "Feature", "properties": {"order": 6, "discharge": 277.91}, "geometry": {"type": "LineString", "coordinates": [[31.1812, -1.1896], [31.1896, -1.1896]]}}, {"type": "Feature", "properties": {"order": 6, "discharge": 277.96}, "geometry": {"type": "LineString", "coordinates": [[31.1896, -1.1896], [31.2021, -1.1896]]}}, {"type": "Feature", "properties": {"order": 5, "discharge": 15.13}, "geometry": {"type": "LineString", "coordinates": [[32.9354, -1.1896], [32.9312, -1.1854]]}}, {"type": "Feature", "properties": {"order": 5, "discharge": 20.73}, "geometry": {"type": "LineString", "coordinates": [[33.4396, -1.1896], [33.4229, -1.1729]]}}, {"type": "Feature", "properties": {"order": 5, "discharge": 12.44}, "geometry": {"type": "LineString", "coordinates": [[37.1687, -1.1896], [37.1687, -1.1854], [37.1729, -1.1813], [37.1729, -1.1771], [37.1812, -1.1688], [37.1812, -1.1646]]}}, {"type": "Feature", "properties": {"order": 6, "discharge": 181.46}, "geometry": {"type": "LineString", "coordinates": [[39.9687, -1.1771], [39.9729, -1.1813], [39.9729, -1.1854], [39.9771, -1.1896]]}}, {"type": "Feature", "properties": {"order": 5, "discharge": 49.09}, "geometry": {"type": "LineString", "coordinates": [[32.5271, -1.1938], [32.5354, -1.1938], [32.5396, -1.1896], [32.5521, -1.1896], [32.5562, -1.1854], [32.5646, -1.1854], [32.5687, -1.1813], [32.5771, -1.1813], [32.5812, -1.1771], [32.5896, -1.1771], [32.5937, -1.1729], [32.6021, -1.1729], [32.6062, -1.1688], [32.6146, -1.1688]]}}, {"type": "Feature", "properties": {"order": 6, "discharge": 227.99}, "geometry": {"type": "LineString", "coordinates": [[30.5229, -1.1979], [30.5146, -1.1896], [30.5146, -1.1813], [30.5104, -1.1771], [30.5104, -1.1729], [30.5021, -1.1646], [30.4979, -1.1646], [30.4937, -1.1604], [30.4771, -1.1604]]}}, {"type": "Feature", "properties": {"order": 6, "discharge": 275.98}, "geometry": {"type": "LineString", "coordinates": [[31.1396, -1.1854], [31.1437, -1.1896], [31.1521, -1.1896], [31.1604, -1.1979], [31.1687, -1.1896], [31.1812, -1.1896]]}}, {"type": "Feature", "properties": {"order": 5, "discharge": 11.72}, "geometry": {"type": "LineString", "coordinates": [[37.1562, -1.1979], [37.1646, -1.1896], [37.1687, -1.1896]]}}, {"type": "Feature", "properties": {"order": 5, "discharge": 14.44}, "geometry": {"type": "LineString", "coordinates": [[32.9479, -1.2021], [32.9354, -1.1896]]}}, {"type": "Feature", "properties": {"order": 6, "discharge": 275.64}, "geometry": {"type": "LineString", "coordinates": [[31.0187, -1.1729], [31.0271, -1.1813], [31.0271, -1.1854], [31.0354, -1.1938], [31.0354, -1.1979], [31.0396, -1.2021], [31.0479, -1.2021], [31.0521, -1.2063], [31.0687, -1.2063]]}}, {"type": "Feature", "properties": {"order": 6, "discharge": 275.68}, "geometry": {"type": "LineString", "coordinates": [[31.0687, -1.2063], [31.0812, -1.2063]]}}, {"type": "Feature", "properties": {"order": 6, "discharge": 275.85}, "geometry": {"type": "LineString", "coordinates": [[31.0812, -1.2063], [31.0854, -1.2021], [31.0896, -1.2021], [31.0937, -1.1979], [31.0937, -1.1938], [31.0979, -1.1938], [31.1021, -1.1896], [31.1354, -1.1896], [31.1396, -1.1854]]}}, {"type": "Feature", "properties": {"order": 5, "discharge": 21.64}, "geometry": {"type": "LineString", "coordinates": [[33.4562, -1.2063], [33.4396, -1.1896]]}}, {"type": "Feature", "properties": {"order": 5, "discharge": 0.42}, "geometry": {"type": "LineString", "coordinates": [[40.4021, -1.1729], [40.4021, -1.1771], [40.4187, -1.1938], [40.4187, -1.2021], [40.4229, -1.2063], [40.4271, -1.2063]]}}, {"type": "Feature", "properties": {"order": 6, "discharge": 278.09}, "geometry": {"type": "LineString", "coordinates": [[31.2021, -1.1896], [31.2146, -1.2021], [31.2187, -1.2021], [31.2229, -1.2063], [31.2271, -1.2063], [31.2312, -1.2104]]}}, {"type": "Feature", "properties": {"order": 6, "discharge": 307.01}, "geometry": {"type": "LineString", "coordinates": [[31.5146, -1.2104], [31.5312, -1.2104]]}}, {"type": "Feature", "properties": {"order": 6, "discharge": 307.91}, "geometry": {"type": "LineString", "coordinates": [[31.5312, -1.2104], [31.5437, -1.1979], [31.5479, -1.1979], [31.5604, -1.2104], [31.5646, -1.2104], [31.5687, -1.2063], [31.5687, -1.2021], [31.5771, -1.1938], [31.5729, -1.1896], [31.5729, -1.1854], [31.5687, -1.1813], [31.5687, -1.1771], [31.5771, -1.1688]]}}, {"type": "Feature", "properties": {"order": 5, "discharge": 22.71}, "geometry": {"type": "LineString", "coordinates": [[33.4604, -1.2104], [33.4562, -1.2063]]}}, {"type": "Feature", "properties": {"order": 6, "discharge": 180.16}, "geometry": {"type": "LineString", "coordinates": [[39.9771, -1.1896], [39.9812, -1.1938], [39.9812, -1.2021], [39.9896, -1.2104]]}}, {"type": "Feature", "properties": {"order": 5, "discharge": 42.24}, "geometry": {"type": "LineString", "coordinates": [[32.4687, -1.2146], [32.4729, -1.2146], [32.4771, -1.2104], [32.4854, -1.2104], [32.4896, -1.2063], [32.4979, -1.2063], [32.5021, -1.2021], [32.5104, -1.2021], [32.5146, -1.1979], [32.5229, -1.1979], [32.5271, -1.1938]]}}, {"type": "Feature", "properties": {"order": 7, "discharge": 260.57}, "geometry": {"type": "LineString", "coordinates": [[32.7104, -1.2146], [32.7146, -1.2104], [32.7146, -1.2063], [32.7187, -1.2021], [32.7187, -1.1979], [32.7229, -1.1938], [32.7229, -1.1854], [32.7271, -1.1813], [32.7271, -1.1771], [32.7312, -1.1729], [32.7312, -1.1646], [32.7354, -1.1604]]}}, {"type": "Feature", "properties": {"order": 6, "discharge": 278.19}, "geometry": {"type": "LineString", "coordinates": [[31.2312, -1.2104], [31.2354, -1.2146], [31.2396, -1.2146], [31.2437, -1.2188], [31.2479, -1.2188]]}}, {"type": "Feature", "properties": {"order": 6, "discharge": 306.81}, "geometry": {"type": "LineString", "coordinates": [[31.4771, -1.2063], [31.4896, -1.2188], [31.4979, -1.2188], [31.5021, -1.2146], [31.5062, -1.2146], [31.5104, -1.2104], [31.5146, -1.2104]]}}, {"type": "Feature", "properties": {"order": 5, "discharge": 40.5}, "geometry": {"type": "LineString", "coordinates": [[32.4396, -1.2229], [32.4479, -1.2229], [32.4521, -1.2188], [32.4604, -1.2188], [32.4646, -1.2146], [32.4687, -1.2146]]}}, {"type": "Feature", "properties": {"order": 5, "discharge": 0.45}, "geometry": {"type": "LineString", "coordinates": [[40.4271, -1.2063], [40.4312, -1.2104], [40.4354, -1.2104], [40.4396, -1.2146], [40.4396, -1.2229]]}}, {"type": "Feature", "properties": {"order": 5, "discharge": 40.28}, "geometry": {"type": "LineString", "coordinates": [[32.4312, -1.2271], [32.4354, -1.2271], [32.4396, -1.2229]]}}, {"type": "Feature", "properties": {"order": 5, "discharge": 22.83}, "geometry": {"type": "LineString", "coordinates": [[33.4771, -1.2271], [33.4604, -1.2104]]}}, {"type": "Feature", "properties": {"order": 6, "discharge": 306.19}, "geometry": {"type": "LineString", "coordinates": [[31.4604, -1.2313], [31.4604, -1.2271], [31.4729, -1.2146], [31.4687, -1.2104], [31.4729, -1.2063], [31.4771, -1.2063]]}}, {"type": "Feature", "properties": {"order": 5, "discharge": 17.75}, "geometry": {"type": "LineString", "coordinates": [[37.3937, -1.1729], [37.3979, -1.1771], [37.4021, -1.1771], [37.4062, -1.1729], [37.4104, -1.1771], [37.4104, -1.1813], [37.4312, -1.2021], [37.4312, -1.2063], [37.4479, -1.2229], [37.4521, -1.2229], [37.4604, -1.2313], [37.4729, -1.2313]]}}, {"type": "Feature", "properties": {"order": 6, "discharge": 305.76}, "geometry": {"type": "LineString", "coordinates": [[31.4396, -1.2188], [31.4437, -1.2188], [31.4479, -1.2229], [31.4479, -1.2271], [31.4562, -1.2354], [31.4604, -1.2313]]}}, {"type": "Feature", "properties": {"order": 6, "discharge": 278.31}, "geometry": {"type": "LineString", "coordinates": [[31.2479, -1.2188], [31.2521, -1.2229], [31.2521, -1.2271], [31.2562, -1.2271], [31.2604, -1.2313], [31.2604, -1.2354], [31.2646, -1.2396]]}}, {"type": "Feature", "properties": {"order": 5, "discharge": 39.93}, "geometry": {"type": "LineString", "coordinates": [[32.3937, -1.2396], [32.3979, -1.2354], [32.4062, -1.2354], [32.4104, -1.2313], [32.4229, -1.2313], [32.4271, -1.2271], [32.4312, -1.2271]]}}, {"type": "Feature", "properties": {"order": 6, "discharge": 278.52}, "geometry": {"type": "LineString", "coordinates": [[31.2646, -1.2396], [31.2687, -1.2396], [31.2729, -1.2438]]}}, {"type": "Feature", "properties": {"order": 6, "discharge": 279.51}, "geometry": {"type": "LineString", "coordinates": [[31.3812, -1.2396], [31.3854, -1.2438], [31.3896, -1.2438]]}}, {"type": "Feature", "properties": {"order": 5, "discharge": 39.56}, "geometry": {"type": "LineString", "coordinates": [[32.3812, -1.2438], [32.3854, -1.2396], [32.3937, -1.2396]]}}, {"type": "Feature", "properties": {"order": 5, "discharge": 14.05}, "geometry": {"type": "LineString", "coordinates": [[32.9896, -1.2438], [32.9479, -1.2021]]}}, {"type": "Feature", "properties": {"order": 5, "discharge": 12.88}, "geometry": {"type": "LineString", "coordinates": [[32.9937, -1.2438], [32.9896, -1.2438]]}}, {"type": "Feature", "properties": {"order": 5, "discharge": 23.51}, "geometry": {"type": "LineString", "coordinates": [[33.4937, -1.2438], [33.4771, -1.2271]]}}, {"type": "Feature", "properties": {"order": 6, "discharge": 304.6}, "geometry": {"type": "LineString", "coordinates": [[31.3896, -1.2438], [31.4104, -1.2438], [31.4146, -1.2479], [31.4312, -1.2479], [31.4354, -1.2438], [31.4354, -1.2229], [31.4396, -1.2188]]}}, {"type": "Feature", "properties": {"order": 5, "discharge": 39.42}, "geometry": {"type": "LineString", "coordinates": [[32.3604, -1.2479], [32.3687, -1.2479], [32.3729, -1.2438], [32.3812, -1.2438]]}}, {"type": "Feature", "properties": {"order": 6, "discharge": 178.09}, "geometry": {"type": "LineString", "coordinates": [[39.9896, -1.2104], [39.9937, -1.2146], [39.9979, -1.2146], [40.0021, -1.2188], [39.9979, -1.2229], [39.9979, -1.2313], [40.0021, -1.2354], [40.0021, -1.2396], [40.0062, -1.2438], [40.0062, -1.2479]]}}, {"type": "Feature", "properties": {"order": 5, "discharge": 17.9}, "geometry": {"type": "LineString", "coordinates": [[37.4729, -1.2313], [37.4812, -1.2396], [37.4812, -1.2438], [37.4896, -1.2521]]}}, {"type": "Feature", "properties": {"order": 5, "discharge": 38.96}, "geometry": {"type": "LineString", "coordinates": [[32.3396, -1.2563], [32.3437, -1.2563], [32.3479, -1.2521], [32.3562, -1.2521], [32.3604, -1.2479]]}}, {"type": "Feature", "properties": {"order": 5, "discharge": 24.58}, "geometry": {"type": "LineString", "coordinates": [[33.5104, -1.2563], [33.4979, -1.2438], [33.4937, -1.2438]]}}, {"type": "Feature", "properties": {"order": 5, "discharge": 24.71}, "geometry": {"type": "LineString", "coordinates": [[33.5146, -1.2604], [33.5104, -1.2563]]}}, {"type": "Feature", "properties": {"order": 6, "discharge": 278.67}, "geometry": {"type": "LineString", "coordinates": [[31.2729, -1.2438], [31.2854, -1.2563], [31.2937, -1.2563], [31.3021, -1.2646], [31.3062, -1.2646], [31.3104, -1.2604], [31.3062, -1.2563], [31.3104, -1.2521], [31.3229, -1.2521]]}}, {"type": "Feature", "properties": {"order": 6, "discharge": 279.08}, "geometry": {"type": "LineString", "coordinates": [[31.3229, -1.2521], [31.3271, -1.2479], [31.3354, -1.2479], [31.3396, -1.2521], [31.3396, -1.2563], [31.3437, -1.2604], [31.3562, -1.2604], [31.3604, -1.2646], [31.3646, -1.2604], [31.3646, -1.2521], [31.3687, -1.2479], [31.3729, -1.2479], [31.3812, -1.2396]]}}, {"type": "Feature", "properties": {"order": 5, "discharge": 37.35}, "geometry": {"type": "LineString", "coordinates": [[32.3062, -1.2646], [32.3187, -1.2646]]}}, {"type": "Feature", "properties": {"order": 5, "discharge": 37.9}, "geometry": {"type": "LineString", "coordinates": [[32.3187, -1.2646], [32.3229, -1.2604], [32.3312, -1.2604], [32.3354, -1.2563], [32.3396, -1.2563]]}}, {"type": "Feature", "properties": {"order": 7, "discharge": 232.77}, "geometry": {"type": "LineString", "coordinates": [[32.6937, -1.2646], [32.6937, -1.2604], [32.6979, -1.2563], [32.6979, -1.2479], [32.7021, -1.2438], [32.7021, -1.2396], [32.7062, -1.2354], [32.7062, -1.2271], [32.7104, -1.2229], [32.7104, -1.2146]]}}, {"type": "Feature", "properties": {"order": 6, "discharge": 228.0}, "geometry": {"type": "LineString", "coordinates": [[30.5562, -1.2688], [30.5521, -1.2646], [30.5521, -1.2521], [30.5479, -1.2479], [30.5479, -1.2438], [30.5437, -1.2396], [30.5437, -1.2354], [30.5354, -1.2271], [30.5354, -1.2229], [30.5229, -1.2104], [30.5229, -1.1979]]}}, {"type": "Feature", "properties": {"order": 5, "discharge": 0.46}, "geometry": {"type": "LineString", "coordinates": [[40.4396, -1.2229], [40.4521, -1.2354], [40.4646, -1.2354], [40.4687, -1.2396], [40.4687, -1.2438], [40.4771, -1.2521], [40.4812, -1.2521], [40.4854, -1.2563], [40.4896, -1.2563], [40.4937, -1.2604], [40.4979, -1.2604], [40.5062, -1.2688]]}}, {"type": "Feature", "properties": {"order": 5, "discharge": 11.19}, "geometry": {"type": "LineString", "coordinates": [[33.0229, -1.2729], [32.9937, -1.2438]]}}, {"type": "Feature", "properties": {"order": 5, "discharge": 36.59}, "geometry": {"type": "LineString", "coordinates": [[32.2771, -1.2771], [32.2812, -1.2729], [32.2937, -1.2729], [32.2979, -1.2688], [32.3021, -1.2688], [32.3062, -1.2646]]}}, {"type": "Feature", "properties": {"order": 5, "discharge": 24.13}, "geometry": {"type": "LineString", "coordinates": [[33.5312, -1.2771], [33.5146, -1.2604]]}}, {"type": "Feature", "properties": {"order": 5, "discharge": 18.6}, "geometry": {"type": "LineString", "coordinates": [[37.4896, -1.2521], [37.4979, -1.2521], [37.5229, -1.2771]]}}, {"type": "Feature", "properties": {"order": 6, "discharge": 176.97}, "geometry": {"type": "LineString", "coordinates": [[40.0062, -1.2479], [40.0062, -1.2521], [40.0146, -1.2604], [40.0146, -1.2646], [40.0062, -1.2729], [40.0062, -1.2771], [40.0104, -1.2813], [40.0062, -1.2854]]}}, {"type": "Feature", "properties": {"order": 5, "discharge": 34.34}, "geometry": {"type": "LineString", "coordinates": [[32.2312, -1.2896], [32.2354, -1.2896]]}}, {"type": "Feature", "properties": {"order": 5, "discharge": 34.53}, "geometry": {"type": "LineString", "coordinates": [[32.2354, -1.2896], [32.2437, -1.2896]]}}, {"type": "Feature", "properties": {"order": 5, "discharge": 35.05}, "geometry": {"type": "LineString", "coordinates": [[32.2437, -1.2896], [32.2479, -1.2854], [32.2521, -1.2854], [32.2562, -1.2813], [32.2646, -1.2813], [32.2687, -1.2771], [32.2771, -1.2771]]}}, {"type": "Feature", "properties": {"order": 5, "discharge": 23.78}, "geometry": {"type": "LineString", "coordinates": [[33.5479, -1.2938], [33.5312, -1.2771]]}}, {"type": "Feature", "properties": {"order": 5, "discharge": 33.83}, "geometry": {"type": "LineString", "coordinates": [[32.2146, -1.2979], [32.2187, -1.2938], [32.2271, -1.2938], [32.2312, -1.2896]]}}, {"type": "Feature", "properties": {"order": 6, "discharge": 176.58}, "geometry": {"type": "LineString", "coordinates": [[40.0062, -1.2854], [40.0062, -1.2938], [40.0021, -1.2979]]}}, {"type": "Feature", "properties": {"order": 5, "discharge": 33.4}, "geometry": {"type": "LineString", "coordinates": [[32.2021, -1.3021], [32.2062, -1.2979], [32.2146, -1.2979]]}}, {"type": "Feature", "properties": {"order": 5, "discharge": 11.25}, "geometry": {"type": "LineString", "coordinates": [[33.0521, -1.3021], [33.0229, -1.2729]]}}, {"type": "Feature", "properties": {"order": 5, "discharge": 31.76}, "geometry": {"type": "LineString", "coordinates": [[32.1812, -1.3063], [32.1896, -1.3063], [32.1937, -1.3021], [32.2021, -1.3021]]}}, {"type": "Feature", "properties": {"order": 5, "discharge": 31.41}, "geometry": {"type": "LineString", "coordinates": [[32.1687, -1.3104], [32.1771, -1.3104]]}}, {"type": "Feature", "properties": {"order": 5, "discharge": 31.53}, "geometry": {"type": "LineString", "coordinates": [[32.1771, -1.3104], [32.1812, -1.3063]]}}, {"type": "Feature", "properties": {"order": 5, "discharge": 19.38}, "geometry": {"type": "LineString", "coordinates": [[37.5229, -1.2771], [37.5271, -1.2813], [37.5271, -1.2854], [37.5312, -1.2896], [37.5312, -1.2938], [37.5396, -1.3021], [37.5396, -1.3063], [37.5437, -1.3104], [37.5479, -1.3063], [37.5562, -1.3063], [37.5604, -1.3104]]}}, {"type": "Feature", "properties": {"order": 5, "discharge": 0.41}, "geometry": {"type": "LineString", "coordinates": [[40.5062, -1.2688], [40.5062, -1.2938], [40.5104, -1.2979], [40.5104, -1.3021], [40.5146, -1.3063], [40.5146, -1.3104]]}}, {"type": "Feature", "properties": {"order": 5, "discharge": 29.6}, "geometry": {"type": "LineString", "coordinates": [[32.1521, -1.3146], [32.1604, -1.3146], [32.1646, -1.3104], [32.1687, -1.3104]]}}, {"type": "Feature", "properties": {"order": 7, "discharge": 218.71}, "geometry": {"type": "LineString", "coordinates": [[32.6812, -1.3146], [32.6854, -1.3104], [32.6854, -1.2938], [32.6896, -1.2896], [32.6896, -1.2771], [32.6937, -1.2729], [32.6937, -1.2646]]}}, {"type": "Feature", "properties": {"order": 5, "discharge": 23.27}, "geometry": {"type": "LineString", "coordinates": [[33.5687, -1.3146], [33.5479, -1.2938]]}}, {"type": "Feature", "properties": {"order": 6, "discharge": 228.3}, "geometry": {"type": "LineString", "coordinates": [[30.5604, -1.3188], [30.5604, -1.3104], [30.5562, -1.3063], [30.5562, -1.3021], [30.5604, -1.2979], [30.5604, -1.2771], [30.5562, -1.2729], [30.5562, -1.2688]]}}, {"type": "Feature", "properties": {"order": 5, "discharge": 24.96}, "geometry": {"type": "LineString", "coordinates": [[31.3229, -1.3188], [31.3271, -1.3188], [31.3437, -1.3021], [31.3479, -1.3021], [31.3604, -1.2896], [31.3604, -1.2854], [31.3812, -1.2646], [31.3812, -1.2604], [31.3854, -1.2563], [31.3854, -1.2521], [31.3896, -1.2479], [31.3896, -1.2438]]}}, {"type": "Feature", "properties": {"order": 6, "discharge": 175.8}, "geometry": {"type": "LineString", "coordinates": [[40.0021, -1.2979], [40.0021, -1.3104], [40.0104, -1.3188], [40.0104, -1.3229]]}}, {"type": "Feature", "properties": {"order": 5, "discharge": 23.54}, "geometry": {"type": "LineString", "coordinates": [[31.3187, -1.3271], [31.3187, -1.3229], [31.3229, -1.3188]]}}, {"type": "Feature", "properties": {"order": 5, "discharge": 28.39}, "geometry": {"type": "LineString", "coordinates": [[32.1271, -1.3271], [32.1312, -1.3229], [32.1354, -1.3229], [32.1396, -1.3188], [32.1479, -1.3188], [32.1521, -1.3146]]}}, {"type": "Feature", "properties": {"order": 5, "discharge": 22.84}, "geometry": {"type": "LineString", "coordinates": [[33.5812, -1.3271], [33.5687, -1.3146]]}}, {"type": "Feature", "properties": {"order": 5, "discharge": 0.41}, "geometry": {"type": "LineString", "coordinates": [[40.5146, -1.3104], [40.5229, -1.3188], [40.5229, -1.3229], [40.5271, -1.3271]]}}, {"type": "Feature", "properties": {"order": 5, "discharge": 27.43}, "geometry": {"type": "LineString", "coordinates": [[32.1104, -1.3313], [32.1146, -1.3271], [32.1271, -1.3271]]}}, {"type": "Feature", "properties": {"order": 5, "discharge": 22.57}, "geometry": {"type": "LineString", "coordinates": [[33.5854, -1.3313], [33.5812, -1.3271]]}}, {"type": "Feature", "properties": {"order": 6, "discharge": 228.22}, "geometry": {"type": "LineString", "coordinates": [[30.5687, -1.3354], [30.5646, -1.3313], [30.5646, -1.3229], [30.5604, -1.3188]]}}, {"type": "Feature", "properties": {"order": 5, "discharge": 19.68}, "geometry": {"type": "LineString", "coordinates": [[37.5604, -1.3104], [37.5604, -1.3146], [37.5646, -1.3188], [37.5812, -1.3188], [37.5854, -1.3229], [37.5854, -1.3271], [37.5896, -1.3313], [37.5937, -1.3313], [37.5979, -1.3354]]}}, {"type": "Feature", "properties": {"order": 6, "discharge": 221.64}, "geometry": {"type": "LineString", "coordinates": [[30.5771, -1.3396], [30.5729, -1.3396], [30.5687, -1.3354]]}}, {"type": "Feature", "properties": {"order": 5, "discharge": 19.79}, "geometry": {"type": "LineString", "coordinates": [[37.5979, -1.3354], [37.6021, -1.3396]]}}, {"type": "Feature", "properties": {"order": 6, "discharge": 175.28}, "geometry": {"type": "LineString", "coordinates": [[40.0104, -1.3229], [40.0062, -1.3271], [40.0104, -1.3313], [40.0104, -1.3396]]}}, {"type": "Feature", "properties": {"order": 5, "discharge": 26.53}, "geometry": {"type": "LineString", "coordinates": [[32.0687, -1.3438], [32.0729, -1.3438], [32.0771, -1.3396], [32.0854, -1.3396], [32.0896, -1.3354], [32.0979, -1.3354], [32.1021, -1.3313], [32.1104, -1.3313]]}}, {"type": "Feature", "properties": {"order": 7, "discharge": 204.77}, "geometry": {"type": "LineString", "coordinates": [[32.6771, -1.3438], [32.6771, -1.3354], [32.6812, -1.3313], [32.6812, -1.3146]]}}, {"type": "Feature", "properties": {"order": 5, "discharge": 22.19}, "geometry": {"type": "LineString", "coordinates": [[33.6021, -1.3438], [33.5896, -1.3313], [33.5854, -1.3313]]}}, {"type": "Feature", "properties": {"order": 6, "discharge": 175.16}, "geometry": {"type": "LineString", "coordinates": [[40.0104, -1.3396], [40.0062, -1.3438]]}}, {"type": "Feature", "properties": {"order": 6, "discharge": 221.65}, "geometry": {"type": "LineString", "coordinates": [[30.6062, -1.3479], [30.5937, -1.3479], [30.5896, -1.3438], [30.5812, -1.3438], [30.5771, -1.3396]]}}, {"type": "Feature", "properties": {"order": 5, "discharge": 23.44}, "geometry": {"type": "LineString", "coordinates": [[31.2771, -1.3479], [31.2812, -1.3438], [31.2937, -1.3438], [31.2979, -1.3396], [31.3062, -1.3396], [31.3187, -1.3271]]}}, {"type": "Feature", "properties": {"order": 5, "discharge": 24.25}, "geometry": {"type": "LineString", "coordinates": [[32.0437, -1.3521], [32.0479, -1.3521], [32.0521, -1.3479], [32.0604, -1.3479], [32.0646, -1.3438], [32.0687, -1.3438]]}}, {"type": "Feature", "properties": {"order": 6, "discharge": 174.93}, "geometry": {"type": "LineString", "coordinates": [[40.0062, -1.3438], [40.0062, -1.3521]]}}, {"type": "Feature", "properties": {"order": 5, "discharge": 24.03}, "geometry": {"type": "LineString", "coordinates": [[32.0229, -1.3563], [32.0312, -1.3563], [32.0354, -1.3521], [32.0437, -1.3521]]}}, {"type": "Feature", "properties": {"order": 7, "discharge": 189.86}, "geometry": {"type": "LineString", "coordinates": [[32.6729, -1.3563], [32.6729, -1.3521], [32.6771, -1.3479], [32.6771, -1.3438]]}}, {"type": "Feature", "properties": {"order": 5, "discharge": 11.51}, "geometry": {"type": "LineString", "coordinates": [[33.1062, -1.3563], [33.0521, -1.3021]]}}, {"type": "Feature", "properties": {"order": 5, "discharge": 0.34}, "geometry": {"type": "LineString", "coordinates": [[40.5271, -1.3271], [40.5354, -1.3354], [40.5354, -1.3521], [40.5396, -1.3563]]}}, {"type": "Feature", "properties": {"order": 5, "discharge": 22.04}, "geometry": {"type": "LineString", "coordinates": [[33.6187, -1.3604], [33.6021, -1.3438]]}}, {"type": "Feature", "properties": {"order": 6, "discharge": 221.06}, "geometry": {"type": "LineString", "coordinates": [[30.6271, -1.3646], [30.6146, -1.3521], [30.6104, -1.3521], [30.6062, -1.3479]]}}, {"type": "Feature", "properties": {"order": 5, "discharge": 23.78}, "geometry": {"type": "LineString", "coordinates": [[32.0021, -1.3646], [32.0062, -1.3646], [32.0104, -1.3604], [32.0187, -1.3604], [32.0229, -1.3563]]}}, {"type": "Feature", "properties": {"order": 5, "discharge": 21.38}, "geometry": {"type": "LineString", "coordinates": [[33.6229, -1.3646], [33.6187, -1.3604]]}}, {"type": "Feature", "properties": {"order": 6, "discharge": 221.11}, "geometry": {"type": "LineString", "coordinates": [[30.6312, -1.3688], [30.6271, -1.3646]]}}, {"type": "Feature", "properties": {"order": 5, "discharge": 11.73}, "geometry": {"type": "LineString", "coordinates": [[33.1187, -1.3688], [33.1062, -1.3563]]}}, {"type": "Feature", "properties": {"order": 7, "discharge": 185.95}, "geometry": {"type": "LineString", "coordinates": [[32.6687, -1.3771], [32.6687, -1.3729], [32.6729, -1.3688], [32.6729, -1.3563]]}}, {"type": "Feature", "properties": {"order": 5, "discharge": 0.32}, "geometry": {"type": "LineString", "coordinates": [[40.5396, -1.3563], [40.5521, -1.3688], [40.5521, -1.3729], [40.5562, -1.3771]]}}, {"type": "Feature", "properties": {"order": 5, "discharge": 23.23}, "geometry": {"type": "LineString", "coordinates": [[31.2562, -1.3854], [31.2562, -1.3813], [31.2604, -1.3771], [31.2604, -1.3729], [31.2771, -1.3563], [31.2771, -1.3479]]}}, {"type": "Feature", "properties": {"order": 6, "discharge": 173.91}, "geometry": {"type": "LineString", "coordinates": [[40.0062, -1.3521], [40.0146, -1.3604], [40.0146, -1.3646], [40.0187, -1.3688], [40.0187, -1.3854]]}}, {"type": "Feature", "properties": {"order": 6, "discharge": 221.03}, "geometry": {"type": "LineString", "coordinates": [[30.6687, -1.3896], [30.6646, -1.3896], [30.6604, -1.3854], [30.6562, -1.3854], [30.6521, -1.3813], [30.6479, -1.3813], [30.6396, -1.3729], [30.6354, -1.3729], [30.6312, -1.3688]]}}, {"type": "Feature", "properties": {"order": 7, "discharge": 149.94}, "geometry": {"type": "LineString", "coordinates": [[32.6646, -1.3896], [32.6687, -1.3854], [32.6687, -1.3771]]}}, {"type": "Feature", "properties": {"order": 5, "discharge": 17.24}, "geometry": {"type": "LineString", "coordinates": [[35.9979, -1.3396], [35.9979, -1.3438], [36.0021, -1.3479], [36.0021, -1.3688], [36.0104, -1.3771], [36.0146, -1.3771], [36.0187, -1.3813], [36.0187, -1.3854], [36.0146, -1.3896]]}}, {"type": "Feature", "properties": {"order": 5, "discharge": 0.34}, "geometry": {"type": "LineString", "coordinates": [[40.5562, -1.3771], [40.5687, -1.3896]]}}, {"type": "Feature", "properties": {"order": 5, "discharge": 0.37}, "geometry": {"type": "LineString", "coordinates": [[40.5687, -1.3896], [40.5729, -1.3938]]}}, {"type": "Feature", "properties": {"order": 6, "discharge": 221.18}, "geometry": {"type": "LineString", "coordinates": [[30.6771, -1.3979], [30.6687, -1.3896]]}}, {"type": "Feature", "properties": {"order": 6, "discharge": 220.82}, "geometry": {"type": "LineString", "coordinates": [[30.7312, -1.4063], [30.7271, -1.4021], [30.7146, -1.4021], [30.7104, -1.4063], [30.7021, -1.4063], [30.6937, -1.3979], [30.6771, -1.3979]]}}, {"type": "Feature", "properties": {"order": 5, "discharge": 21.12}, "geometry": {"type": "LineString", "coordinates": [[33.6646, -1.4063], [33.6229, -1.3646]]}}, {"type": "Feature", "properties": {"order": 5, "discharge": 22.86}, "geometry": {"type": "LineString", "coordinates": [[31.2562, -1.4104], [31.2562, -1.3854]]}}, {"type": "Feature", "properties": {"order": 5, "discharge": 20.62}, "geometry": {"type": "LineString", "coordinates": [[33.6729, -1.4104], [33.6687, -1.4104], [33.6646, -1.4063]]}}, {"type": "Feature", "properties": {"order": 5, "discharge": 22.2}, "geometry": {"type": "LineString", "coordinates": [[31.2521, -1.4146], [31.2562, -1.4104]]}}, {"type": "Feature", "properties": {"order": 5, "discharge": 30.39}, "geometry": {"type": "LineString", "coordinates": [[32.7146, -1.4146], [32.7062, -1.4063], [32.7021, -1.4063], [32.6729, -1.3771], [32.6687, -1.3771]]}}, {"type": "Feature", "properties": {"order": 5, "discharge": 11.55}, "geometry": {"type": "LineString", "coordinates": [[33.1646, -1.4146], [33.1604, -1.4104], [33.1604, -1.4063], [33.1396, -1.3854], [33.1354, -1.3854], [33.1187, -1.3688]]}}, {"type": "Feature", "properties": {"order": 5, "discharge": 20.39}, "geometry": {"type": "LineString", "coordinates": [[33.6812, -1.4146], [33.6771, -1.4146], [33.6729, -1.4104]]}}, {"type": "Feature", "properties": {"order": 6, "discharge": 221.06}, "geometry": {"type": "LineString", "coordinates": [[30.7354, -1.4188], [30.7354, -1.4104], [30.7312, -1.4063]]}}, {"type": "Feature", "properties": {"order": 5, "discharge": 20.05}, "geometry": {"type": "LineString", "coordinates": [[33.6979, -1.4271], [33.6896, -1.4188], [33.6854, -1.4188], [33.6812, -1.4146]]}}, {"type": "Feature", "properties": {"order": 5, "discharge": 20.54}, "geometry": {"type": "LineString", "coordinates": [[37.6021, -1.3396], [37.6062, -1.3438], [37.6062, -1.3479], [37.6104, -1.3521], [37.6104, -1.3563], [37.6146, -1.3604], [37.6146, -1.3646], [37.6187, -1.3688], [37.6187, -1.3729], [37.6229, -1.3771], [37.6229, -1.3813], [37.6312, -1.3896], [37.6271, -1.3938], [37.6396, -1.4063], [37.6437, -1.4063], [37.6437, -1.4104], [37.6479, -1.4146], [37.6479, -1.4271]]}}, {"type": "Feature", "properties": {"order": 6, "discharge": 172.68}, "geometry": {"type": "LineString", "coordinates": [[40.0187, -1.3854], [40.0187, -1.3896], [40.0229, -1.3938], [40.0229, -1.3979], [40.0271, -1.4021], [40.0271, -1.4063], [40.0312, -1.4104], [40.0312, -1.4146], [40.0354, -1.4188], [40.0354, -1.4313]]}}, {"type": "Feature", "properties": {"order": 5, "discharge": 0.28}, "geometry": {"type": "LineString", "coordinates": [[40.5729, -1.3938], [40.5771, -1.3979], [40.5771, -1.4021], [40.5854, -1.4104], [40.5854, -1.4146], [40.5937, -1.4229], [40.5937, -1.4313]]}}, {"type": "Feature", "properties": {"order": 5, "discharge": 11.74}, "geometry": {"type": "LineString", "coordinates": [[33.1896, -1.4354], [33.1729, -1.4188], [33.1687, -1.4188], [33.1646, -1.4146]]}}, {"type": "Feature", "properties": {"order": 7, "discharge": 146.66}, "geometry": {"type": "LineString", "coordinates": [[32.6562, -1.4396], [32.6562, -1.4313], [32.6604, -1.4271], [32.6604, -1.4104], [32.6646, -1.4063], [32.6646, -1.3896]]}}, {"type": "Feature", "properties": {"order": 5, "discharge": 17.63}, "geometry": {"type": "LineString", "coordinates": [[33.7187, -1.4396], [33.7146, -1.4354], [33.7104, -1.4354], [33.7021, -1.4271], [33.6979, -1.4271]]}}, {"type": "Feature", "properties": {"order": 5, "discharge": 17.56}, "geometry": {"type": "LineString", "coordinates": [[33.7229, -1.4396], [33.7187, -1.4396]]}}, {"type": "Feature", "properties": {"order": 5, "discharge": 17.03}, "geometry": {"type": "LineString", "coordinates": [[36.0146, -1.3896], [36.0229, -1.3979], [36.0229, -1.4146], [36.0312, -1.4229], [36.0312, -1.4271], [36.0437, -1.4396]]}}, {"type": "Feature", "properties": {"order": 5, "discharge": 17.02}, "geometry": {"type": "LineString", "coordinates": [[36.0437, -1.4396], [36.0479, -1.4354], [36.0521, -1.4396], [36.0562, -1.4396]]}}, {"type": "Feature", "properties": {"order": 6, "discharge": 172.44}, "geometry": {"type": "LineString", "coordinates": [[40.0354, -1.4313], [40.0354, -1.4396]]}}, {"type": "Feature", "properties": {"order": 6, "discharge": 220.83}, "geometry": {"type": "LineString", "coordinates": [[30.7437, -1.4479], [30.7396, -1.4438], [30.7396, -1.4354], [30.7354, -1.4313], [30.7354, -1.4188]]}}, {"type": "Feature", "properties": {"order": 5, "discharge": 17.47}, "geometry": {"type": "LineString", "coordinates": [[33.7396, -1.4479], [33.7354, -1.4438], [33.7312, -1.4438], [33.7271, -1.4396], [33.7229, -1.4396]]}}, {"type": "Feature", "properties": {"order": 5, "discharge": 20.8}, "geometry": {"type": "LineString", "coordinates": [[37.6479, -1.4271], [37.6479, -1.4313], [37.6521, -1.4354], [37.6521, -1.4479]]}}, {"type": "Feature", "properties": {"order": 6, "discharge": 172.19}, "geometry": {"type": "LineString", "coordinates": [[40.0354, -1.4396], [40.0354, -1.4479]]}}, {"type": "Feature", "properties": {"order": 5, "discharge": 22.13}, "geometry": {"type": "LineString", "coordinates": [[31.2146, -1.4521], [31.2187, -1.4479], [31.2354, -1.4479], [31.2437, -1.4396], [31.2437, -1.4354], [31.2479, -1.4313], [31.2479, -1.4229], [31.2521, -1.4188], [31.2521, -1.4146]]}}, {"type": "Feature", "properties": {"order": 5, "discharge": 17.16}, "geometry": {"type": "LineString", "coordinates": [[33.7604, -1.4521], [33.7521, -1.4521], [33.7479, -1.4479], [33.7396, -1.4479]]}}, {"type": "Feature", "properties": {"order": 5, "discharge": 20.89}, "geometry": {"type": "LineString", "coordinates": [[37.6521, -1.4479], [37.6562, -1.4521]]}}, {"type": "Feature", "properties": {"order": 5, "discharge": 17.0}, "geometry": {"type": "LineString", "coordinates": [[36.0562, -1.4396], [36.0604, -1.4438], [36.0604, -1.4479], [36.0687, -1.4563]]}}, {"type": "Feature", "properties": {"order": 5, "discharge": 28.52}, "geometry": {"type": "LineString", "coordinates": [[32.7604, -1.4604], [32.7146, -1.4146]]}}, {"type": "Feature", "properties": {"order": 5, "discharge": 16.96}, "geometry": {"type": "LineString", "coordinates": [[33.7771, -1.4604], [33.7729, -1.4604], [33.7687, -1.4563], [33.7646, -1.4563], [33.7604, -1.4521]]}}, {"type": "Feature", "properties": {"order": 5, "discharge": 24.66}, "geometry": {"type": "LineString", "coordinates": [[35.0604, -1.4313], [35.0604, -1.4396], [35.0437, -1.4563], [35.0437, -1.4604]]}}, {"type": "Feature", "properties": {"order": 5, "discharge": 16.25}, "geometry": {"type": "LineString", "coordinates": [[33.7979, -1.4646], [33.7896, -1.4646], [33.7854, -1.4604], [33.7771, -1.4604]]}}, {"type": "Feature", "properties": {"order": 5, "discharge": 21.01}, "geometry": {"type": "LineString", "coordinates": [[37.6562, -1.4521], [37.6646, -1.4521], [37.6771, -1.4646], [37.6812, -1.4646]]}}, {"type": "Feature", "properties": {"order": 5, "discharge": 16.12}, "geometry": {"type": "LineString", "coordinates": [[33.8187, -1.4688], [33.8062, -1.4688], [33.8021, -1.4646], [33.7979, -1.4646]]}}, {"type": "Feature", "properties": {"order": 5, "discharge": 21.35}, "geometry": {"type": "LineString", "coordinates": [[31.2021, -1.4729], [31.2021, -1.4604], [31.2062, -1.4563], [31.2104, -1.4563], [31.2146, -1.4521]]}}, {"type": "Feature", "properties": {"order": 5, "discharge": 21.85}, "geometry": {"type": "LineString", "coordinates": [[34.2646, -1.4688], [34.2396, -1.4688], [34.2354, -1.4729], [34.2312, -1.4729]]}}, {"type": "Feature", "properties": {"order": 5, "discharge": 21.65}, "geometry": {"type": "LineString", "coordinates": [[34.2896, -1.4729], [34.2854, -1.4688], [34.2646, -1.4688]]}}, {"type": "Feature", "properties": {"order": 5, "discharge": 18.42}, "geometry": {"type": "LineString", "coordinates": [[36.0687, -1.4563], [36.0646, -1.4604], [36.0729, -1.4688], [36.0729, -1.4729]]}}, {"type": "Feature", "properties": {"order": 5, "discharge": 21.16}, "geometry": {"type": "LineString", "coordinates": [[37.6812, -1.4646], [37.6896, -1.4729]]}}, {"type": "Feature", "properties": {"order": 5, "discharge": 15.96}, "geometry": {"type": "LineString", "coordinates": [[33.8312, -1.4771], [33.8271, -1.4771], [33.8187, -1.4688]]}}, {"type": "Feature", "properties": {"order": 5, "discharge": 25.17}, "geometry": {"type": "LineString", "coordinates": [[35.0437, -1.4604], [35.0396, -1.4646], [35.0354, -1.4646], [35.0354, -1.4729], [35.0312, -1.4771]]}}, {"type": "Feature", "properties": {"order": 5, "discharge": 21.23}, "geometry": {"type": "LineString", "coordinates": [[37.6896, -1.4729], [37.6896, -1.4771]]}}, {"type": "Feature", "properties": {"order": 5, "discharge": 26.13}, "geometry": {"type": "LineString", "coordinates": [[32.7854, -1.4813], [32.7812, -1.4813], [32.7604, -1.4604]]}}, {"type": "Feature", "properties": {"order": 5, "discharge": 11.73}, "geometry": {"type": "LineString", "coordinates": [[33.2354, -1.4813], [33.1896, -1.4354]]}}, {"type": "Feature", "properties": {"order": 5, "discharge": 0.01}, "geometry": {"type": "LineString", "coordinates": [[40.5937, -1.4313], [40.5937, -1.4354], [40.6104, -1.4521], [40.6104, -1.4604], [40.6271, -1.4771], [40.6396, -1.4771], [40.6437, -1.4813], [40.6729, -1.4813]]}}, {"type": "Feature", "properties": {"order": 5, "discharge": 19.81}, "geometry": {"type": "LineString", "coordinates": [[34.4312, -1.4854], [34.4229, -1.4854]]}}, {"type": "Feature", "properties": {"order": 5, "discharge": 28.19}, "geometry": {"type": "LineString", "coordinates": [[39.8562, -1.4854], [39.8604, -1.4854], [39.8646, -1.4813], [39.8812, -1.4813], [39.8854, -1.4854], [39.8896, -1.4813], [39.8937, -1.4813]]}}, {"type": "Feature", "properties": {"order": 5, "discharge": 21.29}, "geometry": {"type": "LineString", "coordinates": [[34.3062, -1.4896], [34.3021, -1.4896], [34.2979, -1.4854], [34.2979, -1.4813], [34.2896, -1.4729]]}}, {"type": "Feature", "properties": {"order": 5, "discharge": 25.27}, "geometry": {"type": "LineString", "coordinates": [[35.0312, -1.4771], [35.0312, -1.4896]]}}, {"type": "Feature", "properties": {"order": 5, "discharge": 18.39}, "geometry": {"type": "LineString", "coordinates": [[36.0729, -1.4729], [36.0729, -1.4854], [36.0687, -1.4896]]}}, {"type": "Feature", "properties": {"order": 5, "discharge": 18.42}, "geometry": {"type": "LineString", "coordinates": [[34.4771, -1.4938], [34.4687, -1.4854], [34.4646, -1.4854], [34.4562, -1.4938], [34.4521, -1.4896], [34.4396, -1.4896], [34.4354, -1.4854], [34.4312, -1.4854]]}}, {"type": "Feature", "properties": {"order": 6, "discharge": 220.88}, "geometry": {"type": "LineString", "coordinates": [[30.7354, -1.4979], [30.7354, -1.4688], [30.7396, -1.4646], [30.7396, -1.4563], [30.7437, -1.4521], [30.7437, -1.4479]]}}, {"type": "Feature", "properties": {"order": 5, "discharge": 25.15}, "geometry": {"type": "LineString", "coordinates": [[32.8021, -1.4979], [32.7979, -1.4979], [32.7854, -1.4854], [32.7854, -1.4813]]}}, {"type": "Feature", "properties": {"order": 5, "discharge": 11.31}, "geometry": {"type": "LineString", "coordinates": [[33.2521, -1.4979], [33.2354, -1.4813]]}}, {"type": "Feature", "properties": {"order": 5, "discharge": 15.81}, "geometry": {"type": "LineString", "coordinates": [[33.8687, -1.4979], [33.8646, -1.4979], [33.8604, -1.4938], [33.8562, -1.4938], [33.8479, -1.4854], [33.8437, -1.4854], [33.8396, -1.4813], [33.8354, -1.4813], [33.8312, -1.4771]]}}, {"type": "Feature", "properties": {"order": 5, "discharge": 22.2}, "geometry": {"type": "LineString", "coordinates": [[34.2312, -1.4729], [34.2271, -1.4729], [34.2229, -1.4771], [34.2104, -1.4771], [34.2021, -1.4854], [34.1937, -1.4854], [34.1896, -1.4896], [34.1854, -1.4896], [34.1771, -1.4979], [34.1729, -1.4938], [34.1521, -1.4938]]}}, {"type": "Feature", "properties": {"order": 5, "discharge": 29.06}, "geometry": {"type": "LineString", "coordinates": [[39.7729, -1.4979], [39.7771, -1.4979], [39.7812, -1.4938], [39.7854, -1.4938], [39.7896, -1.4896], [39.7937, -1.4938], [39.7979, -1.4938], [39.8021, -1.4979]]}}, {"type": "Feature", "properties": {"order": 5, "discharge": 28.53}, "geometry": {"type": "LineString", "coordinates": [[39.8021, -1.4979], [39.8062, -1.4938], [39.8312, -1.4938], [39.8354, -1.4896], [39.8479, -1.4896], [39.8521, -1.4854], [39.8562, -1.4854]]}}, {"type": "Feature", "properties": {"order": 5, "discharge": 28.16}, "geometry": {"type": "LineString", "coordinates": [[39.8937, -1.4813], [39.8979, -1.4854], [39.9021, -1.4854], [39.9104, -1.4938], [39.9146, -1.4938], [39.9187, -1.4979], [39.9271, -1.4979]]}}, {"type": "Feature", "properties": {"order": 5, "discharge": 15.42}, "geometry": {"type": "LineString", "coordinates": [[33.8771, -1.5021], [33.8729, -1.5021], [33.8687, -1.4979]]}}, {"type": "Feature", "properties": {"order": 5, "discharge": 22.34}, "geometry": {"type": "LineString", "coordinates": [[34.1521, -1.4938], [34.1396, -1.4938], [34.1354, -1.4979], [34.1229, -1.4979], [34.1187, -1.5021]]}}, {"type": "Feature", "properties": {"order": 5, "discharge": 20.01}, "geometry": {"type": "LineString", "coordinates": [[34.3562, -1.4979], [34.3437, -1.4979], [34.3396, -1.5021], [34.3312, -1.5021], [34.3187, -1.4896], [34.3062, -1.4896]]}}, {"type": "Feature", "properties": {"order": 5, "discharge": 19.82}, "geometry": {"type": "LineString", "coordinates": [[34.4229, -1.4854], [34.4187, -1.4896], [34.4146, -1.4896], [34.4104, -1.4854], [34.4021, -1.4938], [34.3812, -1.4938], [34.3729, -1.5021], [34.3604, -1.5021], [34.3562, -1.4979]]}}, {"type": "Feature", "properties": {"order": 5, "discharge": 19.32}, "geometry": {"type": "LineString", "coordinates": [[34.5437, -1.5021], [34.5396, -1.5021]]}}, {"type": "Feature", "properties": {"order": 5, "discharge": 25.21}, "geometry": {"type": "LineString", "coordinates": [[35.0312, -1.4896], [35.0312, -1.4938], [35.0271, -1.4979], [35.0271, -1.5021]]}}, {"type": "Feature", "properties": {"order": 5, "discharge": 29.41}, "geometry": {"type": "LineString", "coordinates": [[39.7229, -1.4896], [39.7312, -1.4896], [39.7354, -1.4938], [39.7396, -1.4938], [39.7479, -1.5021], [39.7646, -1.5021]]}}, {"type": "Feature", "properties": {"order": 5, "discharge": 29.35}, "geometry": {"type": "LineString", "coordinates": [[39.7646, -1.5021], [39.7687, -1.4979], [39.7729, -1.4979]]}}, {"type": "Feature", "properties": {"order": 5, "discharge": 28.12}, "geometry": {"type": "LineString", "coordinates": [[39.9271, -1.4979], [39.9312, -1.5021]]}}, {"type": "Feature", "properties": {"order": 5, "discharge": 27.92}, "geometry": {"type": "LineString", "coordinates": [[39.9312, -1.5021], [39.9604, -1.5021]]}}, {"type": "Feature", "properties": {"order": 5, "discharge": 28.08}, "geometry": {"type": "LineString", "coordinates": [[39.9604, -1.5021], [39.9646, -1.5021], [39.9687, -1.4979], [39.9729, -1.5021]]}}, {"type": "Feature", "properties": {"order": 5, "discharge": 28.52}, "geometry": {"type": "LineString", "coordinates": [[39.9729, -1.5021], [39.9812, -1.5021]]}}, {"type": "Feature", "properties": {"order": 5, "discharge": 18.07}, "geometry": {"type": "LineString", "coordinates": [[34.5187, -1.5063], [34.5062, -1.5063], [34.4979, -1.4979], [34.4854, -1.4979], [34.4812, -1.4938], [34.4771, -1.4938]]}}, {"type": "Feature", "properties": {"order": 5, "discharge": 18.68}, "geometry": {"type": "LineString", "coordinates": [[34.5396, -1.5021], [34.5354, -1.5063], [34.5187, -1.5063]]}}, {"type": "Feature", "properties": {"order": 5, "discharge": 21.35}, "geometry": {"type": "LineString", "coordinates": [[37.6896, -1.4771], [37.6937, -1.4813], [37.6937, -1.4854], [37.6979, -1.4896], [37.6979, -1.5021], [37.7021, -1.5063]]}}, {"type": "Feature", "properties": {"order": 6, "discharge": 170.36}, "geometry": {"type": "LineString", "coordinates": [[40.0354, -1.4479], [40.0354, -1.4521], [40.0396, -1.4563], [40.0354, -1.4604], [40.0354, -1.4646], [40.0437, -1.4729], [40.0437, -1.4771], [40.0354, -1.4854], [40.0437, -1.4938], [40.0479, -1.4938], [40.0521, -1.4979], [40.0521, -1.5021], [40.0562, -1.5063]]}}, {"type": "Feature", "properties": {"order": 6, "discharge": 220.99}, "geometry": {"type": "LineString", "coordinates": [[30.7437, -1.5104], [30.7437, -1.5063], [30.7354, -1.4979]]}}, {"type": "Feature", "properties": {"order": 5, "discharge": 15.82}, "geometry": {"type": "LineString", "coordinates": [[33.9021, -1.5146], [33.8979, -1.5146], [33.8937, -1.5104], [33.8896, -1.5104], [33.8854, -1.5063], [33.8812, -1.5063], [33.8771, -1.5021]]}}, {"type": "Feature", "properties": {"order": 5, "discharge": 16.6}, "geometry": {"type": "LineString", "coordinates": [[33.9312, -1.5104], [33.9271, -1.5146], [33.9021, -1.5146]]}}, {"type": "Feature", "properties": {"order": 5, "discharge": 24.98}, "geometry": {"type": "LineString", "coordinates": [[35.0271, -1.5021], [35.0271, -1.5063], [35.0229, -1.5104], [35.0229, -1.5146]]}}, {"type": "Feature", "properties": {"order": 5, "discharge": 31.25}, "geometry": {"type": "LineString", "coordinates": [[39.9812, -1.5021], [39.9854, -1.5021], [39.9937, -1.5104], [40.0062, -1.5104], [40.0104, -1.5146]]}}, {"type": "Feature", "properties": {"order": 6, "discharge": 170.49}, "geometry": {"type": "LineString", "coordinates": [[40.0562, -1.5063], [40.0521, -1.5104], [40.0521, -1.5146]]}}, {"type": "Feature", "properties": {"order": 5, "discharge": 19.44}, "geometry": {"type": "LineString", "coordinates": [[34.1187, -1.5021], [34.1062, -1.5021], [34.1021, -1.5063], [34.0896, -1.5063], [34.0812, -1.5146], [34.0729, -1.5146], [34.0687, -1.5188], [34.0646, -1.5188], [34.0604, -1.5146], [34.0562, -1.5146], [34.0521, -1.5188], [34.0271, -1.5188]]}}, {"type": "Feature", "properties": {"order": 5, "discharge": 19.33}, "geometry": {"type": "LineString", "coordinates": [[34.5646, -1.5188], [34.5604, -1.5146], [34.5604, -1.5104], [34.5562, -1.5063], [34.5479, -1.5063], [34.5437, -1.5021]]}}, {"type": "Feature", "properties": {"order": 5, "discharge": 32.77}, "geometry": {"type": "LineString", "coordinates": [[40.0104, -1.5146], [40.0146, -1.5146], [40.0187, -1.5188], [40.0229, -1.5146], [40.0312, -1.5146], [40.0354, -1.5104], [40.0479, -1.5104], [40.0521, -1.5146]]}}, {"type": "Feature", "properties": {"order": 5, "discharge": 17.99}, "geometry": {"type": "LineString", "coordinates": [[33.9812, -1.5313], [33.9771, -1.5271], [33.9729, -1.5271], [33.9687, -1.5229], [33.9604, -1.5229], [33.9562, -1.5188], [33.9479, -1.5188], [33.9437, -1.5146], [33.9354, -1.5146], [33.9312, -1.5104]]}}, {"type": "Feature", "properties": {"order": 5, "discharge": 20.64}, "geometry": {"type": "LineString", "coordinates": [[33.9854, -1.5313], [33.9812, -1.5313]]}}, {"type": "Feature", "properties": {"order": 5, "discharge": 17.85}, "geometry": {"type": "LineString", "coordinates": [[34.0271, -1.5188], [34.0146, -1.5188], [34.0104, -1.5229], [34.0021, -1.5229], [33.9937, -1.5313], [33.9854, -1.5313]]}}, {"type": "Feature", "properties": {"order": 6, "discharge": 212.1}, "geometry": {"type": "LineString", "coordinates": [[40.0521, -1.5146], [40.0562, -1.5188], [40.0562, -1.5354], [40.0604, -1.5396]]}}, {"type": "Feature", "properties": {"order": 7, "discharge": 134.29}, "geometry": {"type": "LineString", "coordinates": [[32.6354, -1.5438], [32.6354, -1.5271], [32.6396, -1.5229], [32.6396, -1.5063], [32.6437, -1.5021], [32.6437, -1.4896], [32.6479, -1.4854], [32.6479, -1.4688], [32.6521, -1.4646], [32.6521, -1.4479], [32.6562, -1.4438], [32.6562, -1.4396]]}}, {"type": "Feature", "properties": {"order": 5, "discharge": 24.48}, "geometry": {"type": "LineString", "coordinates": [[35.0229, -1.5146], [35.0229, -1.5438]]}}, {"type": "Feature", "properties": {"order": 5, "discharge": 24.21}, "geometry": {"type": "LineString", "coordinates": [[32.8562, -1.5521], [32.8104, -1.5063], [32.8062, -1.5063], [32.8021, -1.5021], [32.8021, -1.4979]]}}, {"type": "Feature", "properties": {"order": 5, "discharge": 24.5}, "geometry": {"type": "LineString", "coordinates": [[35.0229, -1.5438], [35.0187, -1.5479], [35.0187, -1.5521]]}}, {"type": "Feature", "properties": {"order": 5, "discharge": 23.64}, "geometry": {"type": "LineString", "coordinates": [[34.6896, -1.5563], [34.6812, -1.5563], [34.6771, -1.5604], [34.6646, -1.5604]]}}, {"type": "Feature", "properties": {"order": 6, "discharge": 212.09}, "geometry": {"type": "LineString", "coordinates": [[40.0604, -1.5396], [40.0646, -1.5396], [40.0687, -1.5438], [40.0646, -1.5479], [40.0646, -1.5563], [40.0687, -1.5604]]}}, {"type": "Feature", "properties": {"order": 6, "discharge": 221.12}, "geometry": {"type": "LineString", "coordinates": [[30.7729, -1.5646], [30.7729, -1.5313], [30.7646, -1.5229], [30.7604, -1.5229], [30.7562, -1.5188], [30.7521, -1.5188], [30.7437, -1.5104]]}}, {"type": "Feature", "properties": {"order": 5, "discharge": 21.23}, "geometry": {"type": "LineString", "coordinates": [[31.2021, -1.5646], [31.2021, -1.5521], [31.1979, -1.5479], [31.1979, -1.5396], [31.1937, -1.5354], [31.1937, -1.5229], [31.1896, -1.5188], [31.1896, -1.5104], [31.1937, -1.5063], [31.1937, -1.4938], [31.1979, -1.4896], [31.1979, -1.4854], [31.2021, -1.4813], [31.2021, -1.4729]]}}, {"type": "Feature", "properties": {"order": 7, "discharge": 119.48}, "geometry": {"type": "LineString", "coordinates": [[32.6312, -1.5646], [32.6312, -1.5563], [32.6354, -1.5521], [32.6354, -1.5438]]}}, {"type": "Feature", "properties": {"order": 5, "discharge": 26.27}, "geometry": {"type": "LineString", "coordinates": [[34.8979, -1.5646], [34.8937, -1.5646], [34.8896, -1.5604]]}}, {"type": "Feature", "properties": {"order": 6, "discharge": 212.1}, "geometry": {"type": "LineString", "coordinates": [[40.0687, -1.5604], [40.0729, -1.5646]]}}, {"type": "Feature", "properties": {"order": 5, "discharge": 23.68}, "geometry": {"type": "LineString", "coordinates": [[34.7062, -1.5688], [34.7021, -1.5688], [34.6937, -1.5604], [34.6896, -1.5604], [34.6896, -1.5563]]}}, {"type": "Feature", "properties": {"order": 5, "discharge": 24.25}, "geometry": {"type": "LineString", "coordinates": [[34.7396, -1.5604], [34.7354, -1.5604], [34.7312, -1.5646], [34.7271, -1.5646], [34.7229, -1.5688], [34.7062, -1.5688]]}}, {"type": "Feature", "properties": {"order": 6, "discharge": 212.13}, "geometry": {"type": "LineString", "coordinates": [[40.0729, -1.5646], [40.0687, -1.5688]]}}, {"type": "Feature", "properties": {"order": 5, "discharge": 24.41}, "geometry": {"type": "LineString", "coordinates": [[34.8021, -1.5729], [34.7979, -1.5729], [34.7937, -1.5688]]}}, {"type": "Feature", "properties": {"order": 5, "discharge": 24.84}, "geometry": {"type": "LineString", "coordinates": [[34.8896, -1.5604], [34.8812, -1.5604], [34.8771, -1.5563], [34.8604, -1.5563], [34.8562, -1.5521], [34.8521, -1.5521], [34.8479, -1.5563], [34.8479, -1.5646], [34.8396, -1.5729]]}}, {"type": "Feature", "properties": {"order": 5, "discharge": 27.29}, "geometry": {"type": "LineString", "coordinates": [[34.9771, -1.5729], [34.9646, -1.5729]]}}, {"type": "Feature", "properties": {"order": 5, "discharge": 27.57}, "geometry": {"type": "LineString", "coordinates": [[35.0187, -1.5521], [35.0062, -1.5646], [34.9854, -1.5646], [34.9771, -1.5729]]}}, {"type": "Feature", "properties": {"order": 5, "discharge": 19.75}, "geometry": {"type": "LineString", "coordinates": [[34.5396, -1.5771], [34.5396, -1.5729], [34.5479, -1.5646], [34.5479, -1.5604], [34.5562, -1.5521], [34.5562, -1.5313], [34.5604, -1.5271], [34.5604, -1.5229], [34.5646, -1.5188]]}}, {"type": "Feature", "properties": {"order": 5, "discharge": 25.14}, "geometry": {"type": "LineString", "coordinates": [[34.7604, -1.5771], [34.7562, -1.5729], [34.7521, -1.5729], [34.7396, -1.5604]]}}, {"type": "Feature", "properties": {"order": 5, "discharge": 24.47}, "geometry": {"type": "LineString", "coordinates": [[34.8187, -1.5771], [34.8146, -1.5729], [34.8104, -1.5729], [34.8062, -1.5688], [34.8021, -1.5729]]}}, {"type": "Feature", "properties": {"order": 5, "discharge": 24.52}, "geometry": {"type": "LineString", "coordinates": [[34.8396, -1.5729], [34.8229, -1.5729], [34.8187, -1.5771]]}}, {"type": "Feature", "properties": {"order": 5, "discharge": 23.07}, "geometry": {"type": "LineString", "coordinates": [[34.6646, -1.5604], [34.6521, -1.5729], [34.6479, -1.5729], [34.6479, -1.5813]]}}, {"type": "Feature", "properties": {"order": 5, "discharge": 25.66}, "geometry": {"type": "LineString", "coordinates": [[34.7937, -1.5688], [34.7812, -1.5813], [34.7771, -1.5771], [34.7729, -1.5813], [34.7687, -1.5771], [34.7604, -1.5771]]}}, {"type": "Feature", "properties": {"order": 5, "discharge": 26.44}, "geometry": {"type": "LineString", "coordinates": [[34.9396, -1.5813], [34.9271, -1.5688], [34.9229, -1.5688], [34.9187, -1.5646], [34.8979, -1.5646]]}}, {"type": "Feature", "properties": {"order": 5, "discharge": 27.48}, "geometry": {"type": "LineString", "coordinates": [[34.9646, -1.5729], [34.9604, -1.5688], [34.9521, -1.5771], [34.9479, -1.5771], [34.9437, -1.5813], [34.9396, -1.5813]]}}, {"type": "Feature", "properties": {"order": 5, "discharge": 21.63}, "geometry": {"type": "LineString", "coordinates": [[34.5396, -1.5854], [34.5396, -1.5771]]}}, {"type": "Feature", "properties": {"order": 5, "discharge": 21.92}, "geometry": {"type": "LineString", "coordinates": [[37.7021, -1.5063], [37.7062, -1.5104], [37.7104, -1.5104], [37.7187, -1.5188], [37.7187, -1.5229], [37.7271, -1.5313], [37.7271, -1.5354], [37.7354, -1.5438], [37.7354, -1.5479], [37.7437, -1.5563], [37.7479, -1.5563], [37.7521, -1.5604], [37.7521, -1.5646], [37.7604, -1.5729], [37.7604, -1.5771], [37.7687, -1.5854]]}}, {"type": "Feature", "properties": {"order": 6, "discharge": 212.16}, "geometry": {"type": "LineString", "coordinates": [[40.0687, -1.5688], [40.0771, -1.5771], [40.0771, -1.5854]]}}, {"type": "Feature", "properties": {"order": 6, "discharge": 221.33}, "geometry": {"type": "LineString", "coordinates": [[30.7771, -1.5896], [30.7771, -1.5688], [30.7729, -1.5646]]}}, {"type": "Feature", "properties": {"order": 5, "discharge": 23.54}, "geometry": {"type": "LineString", "coordinates": [[32.8979, -1.5896], [32.8937, -1.5896], [32.8562, -1.5521]]}}, {"type": "Feature", "properties": {"order": 7, "discharge": 102.28}, "geometry": {"type": "LineString", "coordinates": [[32.6271, -1.5979], [32.6271, -1.5896], [32.6312, -1.5854], [32.6312, -1.5646]]}}, {"type": "Feature", "properties": {"order": 5, "discharge": 22.13}, "geometry": {"type": "LineString", "coordinates": [[37.7687, -1.5854], [37.7771, -1.5938], [37.7771, -1.5979]]}}, {"type": "Feature", "properties": {"order": 5, "discharge": 21.65}, "geometry": {"type": "LineString", "coordinates": [[34.6479, -1.5813], [34.6396, -1.5896], [34.6354, -1.5896], [34.6271, -1.5979], [34.6021, -1.5979], [34.5979, -1.6021]]}}, {"type": "Feature", "properties": {"order": 6, "discharge": 221.54}, "geometry": {"type": "LineString", "coordinates": [[30.7937, -1.6063], [30.7771, -1.5896]]}}, {"type": "Feature", "properties": {"order": 5, "discharge": 20.28}, "geometry": {"type": "LineString", "coordinates": [[34.5896, -1.6063], [34.5854, -1.6063], [34.5812, -1.6021], [34.5812, -1.5938], [34.5771, -1.5896], [34.5771, -1.5854], [34.5729, -1.5813], [34.5729, -1.5771], [34.5687, -1.5729], [34.5479, -1.5938], [34.5396, -1.5854]]}}, {"type": "Feature", "properties": {"order": 5, "discharge": 22.2}, "geometry": {"type": "LineString", "coordinates": [[34.5979, -1.6021], [34.5937, -1.6021], [34.5896, -1.6063]]}}, {"type": "Feature", "properties": {"order": 6, "discharge": 221.5}, "geometry": {"type": "LineString", "coordinates": [[30.8312, -1.6146], [30.8062, -1.6146], [30.7979, -1.6063], [30.7937, -1.6063]]}}, {"type": "Feature", "properties": {"order": 5, "discharge": 20.95}, "geometry": {"type": "LineString", "coordinates": [[31.2104, -1.6146], [31.2104, -1.5979], [31.2062, -1.5938], [31.2062, -1.5688], [31.2021, -1.5646]]}}, {"type": "Feature", "properties": {"order": 6, "discharge": 212.16}, "geometry": {"type": "LineString", "coordinates": [[40.0771, -1.5854], [40.0854, -1.5938], [40.0896, -1.5896], [40.1021, -1.6021], [40.1021, -1.6063], [40.1062, -1.6104], [40.1062, -1.6146]]}}, {"type": "Feature", "properties": {"order": 5, "discharge": 17.91}, "geometry": {"type": "LineString", "coordinates": [[36.0687, -1.4896], [36.0646, -1.4938], [36.0646, -1.4979], [36.0687, -1.5021], [36.0687, -1.5104], [36.0729, -1.5146], [36.0729, -1.5188], [36.0771, -1.5229], [36.0771, -1.5396], [36.0812, -1.5438], [36.0812, -1.5479], [36.0896, -1.5563], [36.0896, -1.5688], [36.0937, -1.5729], [36.0937, -1.5813], [36.0979, -1.5854], [36.0979, -1.6021], [36.1021, -1.6063], [36.1021, -1.6188]]}}, {"type": "Feature", "properties": {"order": 6, "discharge": 212.19}, "geometry": {"type": "LineString", "coordinates": [[40.1062, -1.6146], [40.1104, -1.6188], [40.1104, -1.6229]]}}, {"type": "Feature", "properties": {"order": 5, "discharge": 18.21}, "geometry": {"type": "LineString", "coordinates": [[36.1021, -1.6188], [36.1021, -1.6313], [36.0979, -1.6354]]}}, {"type": "Feature", "properties": {"order": 5, "discharge": 22.71}, "geometry": {"type": "LineString", "coordinates": [[32.9479, -1.6396], [32.9187, -1.6104], [32.9146, -1.6104], [32.8979, -1.5938], [32.8979, -1.5896]]}}, {"type": "Feature", "properties": {"order": 6, "discharge": 221.94}, "geometry": {"type": "LineString", "coordinates": [[30.8354, -1.6438], [30.8354, -1.6188], [30.8312, -1.6146]]}}, {"type": "Feature", "properties": {"order": 7, "discharge": 101.85}, "geometry": {"type": "LineString", "coordinates": [[32.6229, -1.6438], [32.6229, -1.6271], [32.6271, -1.6229], [32.6271, -1.5979]]}}, {"type": "Feature", "properties": {"order": 5, "discharge": 16.46}, "geometry": {"type": "LineString", "coordinates": [[32.9562, -1.6479], [32.9479, -1.6396]]}}, {"type": "Feature", "properties": {"order": 6, "discharge": 212.18}, "geometry": {"type": "LineString", "coordinates": [[40.1104, -1.6229], [40.1104, -1.6313], [40.1146, -1.6354], [40.1146, -1.6396], [40.1104, -1.6438], [40.1187, -1.6521]]}}, {"type": "Feature", "properties": {"order": 7, "discharge": 92.32}, "geometry": {"type": "LineString", "coordinates": [[32.6229, -1.6646], [32.6229, -1.6438]]}}, {"type": "Feature", "properties": {"order": 5, "discharge": 20.66}, "geometry": {"type": "LineString", "coordinates": [[36.0979, -1.6354], [36.1021, -1.6396], [36.1021, -1.6479], [36.0937, -1.6563], [36.0937, -1.6604], [36.0896, -1.6646]]}}, {"type": "Feature", "properties": {"order": 6, "discharge": 212.19}, "geometry": {"type": "LineString", "coordinates": [[40.1187, -1.6521], [40.1104, -1.6604], [40.1146, -1.6646]]}}, {"type": "Feature", "properties": {"order": 5, "discharge": 20.88}, "geometry": {"type": "LineString", "coordinates": [[31.2146, -1.6729], [31.2146, -1.6271], [31.2104, -1.6229], [31.2104, -1.6146]]}}, {"type": "Feature", "properties": {"order": 5, "discharge": 20.51}, "geometry": {"type": "LineString", "coordinates": [[31.2146, -1.6771], [31.2146, -1.6729]]}}, {"type": "Feature", "properties": {"order": 6, "discharge": 221.59}, "geometry": {"type": "LineString", "coordinates": [[30.8229, -1.6813], [30.8229, -1.6688], [30.8271, -1.6646], [30.8271, -1.6604], [30.8312, -1.6563], [30.8312, -1.6479], [30.8354, -1.6438]]}}, {"type": "Feature", "properties": {"order": 5, "discharge": 20.62}, "geometry": {"type": "LineString", "coordinates": [[36.0896, -1.6646], [36.0896, -1.6813]]}}, {"type": "Feature", "properties": {"order": 5, "discharge": 22.77}, "geometry": {"type": "LineString", "coordinates": [[37.7771, -1.5979], [37.7812, -1.6021], [37.7812, -1.6063], [37.7896, -1.6146], [37.7896, -1.6188], [37.7937, -1.6229], [37.7937, -1.6271], [37.8021, -1.6354], [37.8021, -1.6396], [37.8062, -1.6438], [37.8062, -1.6521], [37.8104, -1.6563], [37.8104, -1.6604], [37.8146, -1.6646], [37.8187, -1.6646], [37.8229, -1.6688], [37.8229, -1.6813]]}}, {"type": "Feature", "properties": {"order": 6, "discharge": 212.22}, "geometry": {"type": "LineString", "coordinates": [[40.1146, -1.6646], [40.1187, -1.6688], [40.1187, -1.6729], [40.1146, -1.6771], [40.1146, -1.6813], [40.1104, -1.6854], [40.1104, -1.6896]]}}, {"type": "Feature", "properties": {"order": 6, "discharge": 212.23}, "geometry": {"type": "LineString", "coordinates": [[40.1104, -1.6896], [40.1146, -1.6938]]}}, {"type": "Feature", "properties": {"order": 6, "discharge": 222.0}, "geometry": {"type": "LineString", "coordinates": [[30.8271, -1.7021], [30.8271, -1.6938], [30.8229, -1.6896], [30.8229, -1.6813]]}}, {"type": "Feature", "properties": {"order": 5, "discharge": 20.53}, "geometry": {"type": "LineString", "coordinates": [[36.0896, -1.6813], [36.0896, -1.6979], [36.0854, -1.7021], [36.0854, -1.7146]]}}, {"type": "Feature", "properties": {"order": 5, "discharge": 22.97}, "geometry": {"type": "LineString", "coordinates": [[37.8229, -1.6813], [37.8271, -1.6854], [37.8312, -1.6854], [37.8396, -1.6938], [37.8396, -1.7104], [37.8437, -1.7146]]}}, {"type": "Feature", "properties": {"order": 5, "discharge": 19.42}, "geometry": {"type": "LineString", "coordinates": [[31.2021, -1.7188], [31.2062, -1.7146], [31.2062, -1.7104], [31.2104, -1.7063], [31.2104, -1.7021], [31.2146, -1.6979], [31.2146, -1.6771]]}}, {"type": "Feature", "properties": {"order": 6, "discharge": 212.23}, "geometry": {"type": "LineString", "coordinates": [[40.1146, -1.6938], [40.1104, -1.6979], [40.1104, -1.7063], [40.1146, -1.7104], [40.1187, -1.7104], [40.1187, -1.7146], [40.1146, -1.7188]]}}, {"type": "Feature", "properties": {"order": 6, "discharge": 212.43}, "geometry": {"type": "LineString", "coordinates": [[40.1146, -1.7188], [40.1187, -1.7229], [40.1229, -1.7229], [40.1271, -1.7271]]}}, {"type": "Feature", "properties": {"order": 7, "discharge": 92.16}, "geometry": {"type": "LineString", "coordinates": [[32.6229, -1.7354], [32.6229, -1.6646]]}}, {"type": "Feature", "properties": {"order": 6, "discharge": 212.43}, "geometry": {"type": "LineString", "coordinates": [[40.1271, -1.7271], [40.1271, -1.7313], [40.1187, -1.7396]]}}, {"type": "Feature", "properties": {"order": 5, "discharge": 45.95}, "geometry": {"type": "LineString", "coordinates": [[29.6604, -1.7354], [29.6646, -1.7313], [29.6937, -1.7313], [29.7021, -1.7396], [29.7021, -1.7438], [29.7062, -1.7479]]}}, {"type": "Feature", "properties": {"order": 5, "discharge": 46.13}, "geometry": {"type": "LineString", "coordinates": [[29.7062, -1.7479], [29.7104, -1.7521], [29.7146, -1.7521], [29.7187, -1.7563]]}}, {"type": "Feature", "properties": {"order": 5, "discharge": 46.26}, "geometry": {"type": "LineString", "coordinates": [[29.7187, -1.7563], [29.7271, -1.7479], [29.7396, -1.7479], [29.7479, -1.7563]]}}, {"type": "Feature", "properties": {"order": 7, "discharge": 91.74}, "geometry": {"type": "LineString", "coordinates": [[32.6229, -1.7563], [32.6229, -1.7354]]}}, {"type": "Feature", "properties": {"order": 6, "discharge": 212.45}, "geometry": {"type": "LineString", "coordinates": [[40.1187, -1.7396], [40.1146, -1.7438], [40.1146, -1.7521], [40.1104, -1.7563]]}}, {"type": "Feature", "properties": {"order": 6, "discharge": 222.24}, "geometry": {"type": "LineString", "coordinates": [[30.8312, -1.7604], [30.8312, -1.7479], [30.8271, -1.7438], [30.8271, -1.7396], [30.8229, -1.7354], [30.8229, -1.7271], [30.8187, -1.7229], [30.8187, -1.7188], [30.8229, -1.7146], [30.8229, -1.7063], [30.8271, -1.7021]]}}, {"type": "Feature", "properties": {"order": 5, "discharge": 20.38}, "geometry": {"type": "LineString", "coordinates": [[36.0854, -1.7146], [36.0854, -1.7188], [36.0812, -1.7229], [36.0812, -1.7271], [36.0771, -1.7313], [36.0771, -1.7354], [36.0729, -1.7396], [36.0729, -1.7438], [36.0771, -1.7479], [36.0812, -1.7479], [36.0812, -1.7604], [36.0854, -1.7646]]}}, {"type": "Feature", "properties": {"order": 7, "discharge": 91.5}, "geometry": {"type": "LineString", "coordinates": [[32.6229, -1.7688], [32.6229, -1.7563]]}}, {"type": "Feature", "properties": {"order": 5, "discharge": 20.4}, "geometry": {"type": "LineString", "coordinates": [[36.0854, -1.7646], [36.0854, -1.7688]]}}, {"type": "Feature", "properties": {"order": 6, "discharge": 212.45}, "geometry": {"type": "LineString", "coordinates": [[40.1104, -1.7563], [40.1104, -1.7688]]}}, {"type": "Feature", "properties": {"order": 5, "discharge": 23.33}, "geometry": {"type": "LineString", "coordinates": [[37.8437, -1.7146], [37.8479, -1.7188], [37.8479, -1.7271], [37.8521, -1.7313], [37.8521, -1.7396], [37.8562, -1.7438], [37.8562, -1.7688], [37.8521, -1.7729], [37.8521, -1.7771], [37.8479, -1.7813], [37.8437, -1.7813], [37.8437, -1.7854]]}}, {"type": "Feature", "properties": {"order": 5, "discharge": 49.98}, "geometry": {"type": "LineString", "coordinates": [[29.7479, -1.7563], [29.7479, -1.7604], [29.7437, -1.7646], [29.7521, -1.7729], [29.7562, -1.7729], [29.7646, -1.7813], [29.7646, -1.7854], [29.7687, -1.7896]]}}, {"type": "Feature", "properties": {"order": 6, "discharge": 222.91}, "geometry": {"type": "LineString", "coordinates": [[30.8229, -1.7896], [30.8229, -1.7854], [30.8271, -1.7813], [30.8271, -1.7646], [30.8312, -1.7604]]}}, {"type": "Feature", "properties": {"order": 5, "discharge": 21.04}, "geometry": {"type": "LineString", "coordinates": [[36.0854, -1.7688], [36.0896, -1.7729], [36.0896, -1.7771], [36.0937, -1.7813], [36.0937, -1.7854], [36.1021, -1.7938]]}}, {"type": "Feature", "properties": {"order": 7, "discharge": 91.35}, "geometry": {"type": "LineString", "coordinates": [[32.6229, -1.7979], [32.6229, -1.7688]]}}, {"type": "Feature", "properties": {"order": 5, "discharge": 50.29}, "geometry": {"type": "LineString", "coordinates": [[29.7687, -1.7896], [29.7687, -1.8021]]}}, {"type": "Feature", "properties": {"order": 6, "discharge": 212.53}, "geometry": {"type": "LineString", "coordinates": [[40.1104, -1.7688], [40.1104, -1.7854], [40.1146, -1.7896], [40.1146, -1.7938], [40.1187, -1.7979], [40.1187, -1.8021]]}}, {"type": "Feature", "properties": {"order": 5, "discharge": 19.3}, "geometry": {"type": "LineString", "coordinates": [[31.1937, -1.8063], [31.1979, -1.8021], [31.1979, -1.7271], [31.2021, -1.7229], [31.2021, -1.7188]]}}, {"type": "Feature", "properties": {"order": 5, "discharge": 50.5}, "geometry": {"type": "LineString", "coordinates": [[29.7687, -1.8021], [29.7687, -1.8063], [29.7729, -1.8104], [29.7771, -1.8104]]}}, {"type": "Feature", "properties": {"order": 6, "discharge": 223.21}, "geometry": {"type": "LineString", "coordinates": [[30.8312, -1.8146], [30.8312, -1.8021], [30.8271, -1.7979], [30.8271, -1.7938], [30.8229, -1.7896]]}}, {"type": "Feature", "properties": {"order": 5, "discharge": 21.02}, "geometry": {"type": "LineString", "coordinates": [[36.1021, -1.7938], [36.1062, -1.7979], [36.1062, -1.8104], [36.1104, -1.8146]]}}, {"type": "Feature", "properties": {"order": 5, "discharge": 35.78}, "geometry": {"type": "LineString", "coordinates": [[37.8437, -1.7854], [37.8437, -1.7896], [37.8479, -1.7938], [37.8479, -1.7979], [37.8729, -1.8229]]}}, {"type": "Feature", "properties": {"order": 5, "discharge": 50.69}, "geometry": {"type": "LineString", "coordinates": [[29.7771, -1.8104], [29.7812, -1.8104], [29.7854, -1.8146], [29.7854, -1.8188], [29.7937, -1.8271], [29.7979, -1.8271]]}}, {"type": "Feature", "properties": {"order": 5, "discharge": 36.03}, "geometry": {"type": "LineString", "coordinates": [[37.8729, -1.8229], [37.8854, -1.8354], [37.8896, -1.8354], [37.8937, -1.8396]]}}, {"type": "Feature", "properties": {"order": 6, "discharge": 212.59}, "geometry": {"type": "LineString", "coordinates": [[40.1187, -1.8021], [40.1187, -1.8104], [40.1229, -1.8146], [40.1187, -1.8188], [40.1146, -1.8188], [40.1104, -1.8229], [40.1104, -1.8313], [40.1146, -1.8354], [40.1146, -1.8396], [40.1187, -1.8438]]}}, {"type": "Feature", "properties": {"order": 5, "discharge": 50.84}, "geometry": {"type": "LineString", "coordinates": [[29.7979, -1.8271], [29.8021, -1.8313], [29.8021, -1.8396], [29.7979, -1.8438], [29.8021, -1.8479]]}}, {"type": "Feature", "properties": {"order": 6, "discharge": 212.65}, "geometry": {"type": "LineString", "coordinates": [[40.1187, -1.8438], [40.1229, -1.8479]]}}, {"type": "Feature", "properties": {"order": 5, "discharge": 51.06}, "geometry": {"type": "LineString", "coordinates": [[29.8021, -1.8479], [29.8062, -1.8521], [29.8146, -1.8521]]}}, {"type": "Feature", "properties": {"order": 5, "discharge": 54.72}, "geometry": {"type": "LineString", "coordinates": [[29.8771, -1.8563], [29.8812, -1.8521], [29.8854, -1.8563], [29.8896, -1.8563]]}}, {"type": "Feature", "properties": {"order": 5, "discharge": 36.2}, "geometry": {"type": "LineString", "coordinates": [[37.8937, -1.8396], [37.8937, -1.8438], [37.8854, -1.8521], [37.8854, -1.8563]]}}, {"type": "Feature", "properties": {"order": 6, "discharge": 212.66}, "geometry": {"type": "LineString", "coordinates": [[40.1229, -1.8479], [40.1271, -1.8521], [40.1312, -1.8521], [40.1354, -1.8563]]}}, {"type": "Feature", "properties": {"order": 5, "discharge": 54.57}, "geometry": {"type": "LineString", "coordinates": [[29.8729, -1.8604], [29.8771, -1.8563]]}}, {"type": "Feature", "properties": {"order": 5, "discharge": 55.41}, "geometry": {"type": "LineString", "coordinates": [[29.8896, -1.8563], [29.8937, -1.8604], [29.9062, -1.8604]]}}, {"type": "Feature", "properties": {"order": 6, "discharge": 222.74}, "geometry": {"type": "LineString", "coordinates": [[30.8312, -1.8604], [30.8354, -1.8563], [30.8354, -1.8354], [30.8312, -1.8313], [30.8312, -1.8146]]}}, {"type": "Feature", "properties": {"order": 5, "discharge": 20.77}, "geometry": {"type": "LineString", "coordinates": [[36.1104, -1.8146], [36.1062, -1.8188], [36.1062, -1.8313], [36.1021, -1.8354], [36.1021, -1.8563], [36.0979, -1.8604], [36.0979, -1.8646]]}}, {"type": "Feature", "properties": {"order": 5, "discharge": 54.2}, "geometry": {"type": "LineString", "coordinates": [[29.8146, -1.8521], [29.8187, -1.8521], [29.8229, -1.8563], [29.8396, -1.8563], [29.8479, -1.8646], [29.8479, -1.8688], [29.8521, -1.8729], [29.8562, -1.8729], [29.8687, -1.8604], [29.8729, -1.8604]]}}, {"type": "Feature", "properties": {"order": 5, "discharge": 55.76}, "geometry": {"type": "LineString", "coordinates": [[29.9062, -1.8604], [29.9104, -1.8604], [29.9187, -1.8688], [29.9271, -1.8688], [29.9312, -1.8729]]}}, {"type": "Feature", "properties": {"order": 7, "discharge": 91.13}, "geometry": {"type": "LineString", "coordinates": [[32.6229, -1.8729], [32.6229, -1.7979]]}}, {"type": "Feature", "properties": {"order": 6, "discharge": 212.68}, "geometry": {"type": "LineString", "coordinates": [[40.1354, -1.8563], [40.1396, -1.8604], [40.1396, -1.8688], [40.1437, -1.8729], [40.1437, -1.8771]]}}, {"type": "Feature", "properties": {"order": 5, "discharge": 35.37}, "geometry": {"type": "LineString", "coordinates": [[32.5979, -1.8854], [32.6021, -1.8854], [32.6062, -1.8813], [32.6104, -1.8813], [32.6146, -1.8771], [32.6187, -1.8771], [32.6229, -1.8729]]}}, {"type": "Feature", "properties": {"order": 5, "discharge": 55.92}, "geometry": {"type": "LineString", "coordinates": [[29.9312, -1.8729], [29.9437, -1.8854], [29.9479, -1.8854], [29.9521, -1.8896]]}}, {"type": "Feature", "properties": {"order": 5, "discharge": 36.5}, "geometry": {"type": "LineString", "coordinates": [[37.8854, -1.8563], [37.8896, -1.8604], [37.8979, -1.8604], [37.9021, -1.8646], [37.9021, -1.8771], [37.9062, -1.8813], [37.9062, -1.8938]]}}, {"type": "Feature", "properties": {"order": 5, "discharge": 18.6}, "geometry": {"type": "LineString", "coordinates": [[31.1771, -1.8979], [31.1771, -1.8771], [31.1812, -1.8729], [31.1812, -1.8688], [31.1896, -1.8604], [31.1896, -1.8396], [31.1937, -1.8354], [31.1937, -1.8063]]}}, {"type": "Feature", "properties": {"order": 5, "discharge": 34.26}, "geometry": {"type": "LineString", "coordinates": [[32.5646, -1.9021], [32.5687, -1.8979], [32.5771, -1.8979], [32.5854, -1.8896], [32.5937, -1.8896], [32.5979, -1.8854]]}}, {"type": "Feature", "properties": {"order": 5, "discharge": 21.84}, "geometry": {"type": "LineString", "coordinates": [[36.0979, -1.8646], [36.0979, -1.8688], [36.0937, -1.8729], [36.0979, -1.8771], [36.0979, -1.8813], [36.1062, -1.8896], [36.1062, -1.8938], [36.1104, -1.8979], [36.1146, -1.8979], [36.1187, -1.9021]]}}, {"type": "Feature", "properties": {"order": 5, "discharge": 33.95}, "geometry": {"type": "LineString", "coordinates": [[32.5562, -1.9063], [32.5604, -1.9021], [32.5646, -1.9021]]}}, {"type": "Feature", "properties": {"order": 5, "discharge": 33.66}, "geometry": {"type": "LineString", "coordinates": [[32.5437, -1.9104], [32.5479, -1.9104], [32.5521, -1.9063], [32.5562, -1.9063]]}}, {"type": "Feature", "properties": {"order": 5, "discharge": 18.4}, "geometry": {"type": "LineString", "coordinates": [[31.1812, -1.9188], [31.1771, -1.9146], [31.1771, -1.8979]]}}, {"type": "Feature", "properties": {"order": 5, "discharge": 33.16}, "geometry": {"type": "LineString", "coordinates": [[32.5146, -1.9229], [32.5229, -1.9229], [32.5271, -1.9188], [32.5312, -1.9188], [32.5354, -1.9146], [32.5396, -1.9146], [32.5437, -1.9104]]}}, {"type": "Feature", "properties": {"order": 7, "discharge": 55.56}, "geometry": {"type": "LineString", "coordinates": [[32.6229, -1.9229], [32.6229, -1.8729]]}}, {"type": "Feature", "properties": {"order": 5, "discharge": 32.71}, "geometry": {"type": "LineString", "coordinates": [[32.5062, -1.9271], [32.5104, -1.9271], [32.5146, -1.9229]]}}, {"type": "Feature", "properties": {"order": 6, "discharge": 212.78}, "geometry": {"type": "LineString", "coordinates": [[40.1437, -1.8771], [40.1354, -1.8854], [40.1354, -1.8896], [40.1437, -1.8979], [40.1396, -1.9021], [40.1437, -1.9063], [40.1437, -1.9188], [40.1354, -1.9271], [40.1396, -1.9313], [40.1437, -1.9313]]}}, {"type": "Feature", "properties": {"order": 5, "discharge": 31.96}, "geometry": {"type": "LineString", "coordinates": [[32.4937, -1.9354], [32.4979, -1.9313], [32.5021, -1.9313], [32.5062, -1.9271]]}}, {"type": "Feature", "properties": {"order": 5, "discharge": 36.78}, "geometry": {"type": "LineString", "coordinates": [[37.9062, -1.8938], [37.9062, -1.9021], [37.9104, -1.9063], [37.9146, -1.9021], [37.9187, -1.9063], [37.9187, -1.9104], [37.9146, -1.9146], [37.9146, -1.9354]]}}, {"type": "Feature", "properties": {"order": 5, "discharge": 36.88}, "geometry": {"type": "LineString", "coordinates": [[37.9146, -1.9354], [37.9146, -1.9396]]}}, {"type": "Feature", "properties": {"order": 6, "discharge": 222.68}, "geometry": {"type": "LineString", "coordinates": [[30.7854, -1.9438], [30.7854, -1.9396], [30.7937, -1.9313], [30.7937, -1.9271], [30.7979, -1.9229], [30.8021, -1.9229], [30.8187, -1.9063], [30.8187, -1.8896], [30.8229, -1.8854], [30.8229, -1.8771], [30.8271, -1.8729], [30.8271, -1.8688], [30.8312, -1.8646], [30.8312, -1.8604]]}}, {"type": "Feature", "properties": {"order": 6, "discharge": 213.5}, "geometry": {"type": "LineString", "coordinates": [[40.1437, -1.9313], [40.1437, -1.9396], [40.1396, -1.9438]]}}, {"type": "Feature", "properties": {"order": 5, "discharge": 56.44}, "geometry": {"type": "LineString", "coordinates": [[29.9521, -1.8896], [29.9604, -1.8979], [29.9604, -1.9021], [29.9687, -1.9104], [29.9771, -1.9104], [29.9812, -1.9146], [29.9812, -1.9188], [29.9854, -1.9229], [29.9854, -1.9271], [29.9896, -1.9313], [29.9896, -1.9354], [29.9937, -1.9396], [29.9937, -1.9521], [29.9979, -1.9563]]}}, {"type": "Feature", "properties": {"order": 6, "discharge": 223.69}, "geometry": {"type": "LineString", "coordinates": [[30.8229, -1.9563], [30.8187, -1.9521], [30.8187, -1.9479], [30.8146, -1.9438], [30.8146, -1.9396], [30.8104, -1.9354], [30.8021, -1.9354], [30.7896, -1.9479], [30.7854, -1.9438]]}}, {"type": "Feature", "properties": {"order": 5, "discharge": 31.97}, "geometry": {"type": "LineString", "coordinates": [[32.4479, -1.9563], [32.4521, -1.9521], [32.4562, -1.9521], [32.4604, -1.9479], [32.4687, -1.9479], [32.4729, -1.9438], [32.4771, -1.9438], [32.4812, -1.9396], [32.4854, -1.9396], [32.4896, -1.9354], [32.4937, -1.9354]]}}, {"type": "Feature", "properties": {"order": 5, "discharge": 21.63}, "geometry": {"type": "LineString", "coordinates": [[36.1187, -1.9021], [36.1146, -1.9063], [36.1146, -1.9104], [36.1104, -1.9146], [36.1104, -1.9188], [36.1062, -1.9229], [36.1146, -1.9313], [36.1146, -1.9396], [36.1187, -1.9438], [36.1187, -1.9563]]}}, {"type": "Feature", "properties": {"order": 6, "discharge": 224.23}, "geometry": {"type": "LineString", "coordinates": [[30.8271, -1.9604], [30.8229, -1.9563]]}}, {"type": "Feature", "properties": {"order": 5, "discharge": 33.1}, "geometry": {"type": "LineString", "coordinates": [[32.4437, -1.9604], [32.4479, -1.9563]]}}, {"type": "Feature", "properties": {"order": 5, "discharge": 37.14}, "geometry": {"type": "LineString", "coordinates": [[37.9146, -1.9396], [37.9146, -1.9479], [37.9187, -1.9521], [37.9187, -1.9604]]}}, {"type": "Feature", "properties": {"order": 6, "discharge": 217.6}, "geometry": {"type": "LineString", "coordinates": [[40.1396, -1.9438], [40.1396, -1.9521], [40.1479, -1.9604], [40.1479, -1.9646], [40.1521, -1.9688]]}}, {"type": "Feature", "properties": {"order": 5, "discharge": 65.41}, "geometry": {"type": "LineString", "coordinates": [[29.9979, -1.9563], [29.9979, -1.9688], [30.0021, -1.9729], [30.0021, -1.9771], [29.9937, -1.9854]]}}, {"type": "Feature", "properties": {"order": 6, "discharge": 224.19}, "geometry": {"type": "LineString", "coordinates": [[30.8104, -1.9938], [30.8104, -1.9854], [30.8187, -1.9771], [30.8187, -1.9729], [30.8229, -1.9688], [30.8229, -1.9646], [30.8271, -1.9604]]}}, {"type": "Feature", "properties": {"order": 5, "discharge": 29.07}, "geometry": {"type": "LineString", "coordinates": [[32.3896, -1.9938], [32.3937, -1.9938], [32.4021, -1.9854], [32.4062, -1.9854], [32.4146, -1.9771], [32.4187, -1.9771], [32.4271, -1.9688], [32.4312, -1.9688], [32.4396, -1.9604], [32.4437, -1.9604]]}}, {"type": "Feature", "properties": {"order": 5, "discharge": 18.34}, "geometry": {"type": "LineString", "coordinates": [[31.1854, -1.9979], [31.1896, -1.9938], [31.1896, -1.9729], [31.1937, -1.9688], [31.1937, -1.9396], [31.1896, -1.9354], [31.1896, -1.9313], [31.1854, -1.9271], [31.1854, -1.9229], [31.1812, -1.9188]]}}, {"type": "Feature", "properties": {"order": 6, "discharge": 217.65}, "geometry": {"type": "LineString", "coordinates": [[40.1521, -1.9688], [40.1521, -1.9771], [40.1562, -1.9813], [40.1562, -1.9854], [40.1521, -1.9896], [40.1521, -1.9979]]}}, {"type": "Feature", "properties": {"order": 5, "discharge": 21.48}, "geometry": {"type": "LineString", "coordinates": [[36.1187, -1.9563], [36.1271, -1.9646], [36.1271, -1.9688], [36.1229, -1.9729], [36.1229, -1.9938], [36.1312, -2.0021]]}}, {"type": "Feature", "properties": {"order": 5, "discharge": 65.8}, "geometry": {"type": "LineString", "coordinates": [[29.9937, -1.9854], [29.9937, -1.9896], [30.0104, -2.0063], [30.0104, -2.0104]]}}, {"type": "Feature", "properties": {"order": 5, "discharge": 29.63}, "geometry": {"type": "LineString", "coordinates": [[32.3687, -2.0104], [32.3771, -2.0021], [32.3812, -2.0021], [32.3896, -1.9938]]}}, {"type": "Feature", "properties": {"order": 5, "discharge": 37.39}, "geometry": {"type": "LineString", "coordinates": [[37.9187, -1.9604], [37.9187, -1.9688], [37.9229, -1.9729], [37.9229, -1.9813], [37.9271, -1.9854], [37.9271, -1.9896], [37.9312, -1.9938], [37.9312, -1.9979], [37.9396, -2.0063], [37.9396, -2.0104]]}}, {"type": "Feature", "properties": {"order": 6, "discharge": 223.65}, "geometry": {"type": "LineString", "coordinates": [[30.8187, -2.0188], [30.8146, -2.0146], [30.8146, -1.9979], [30.8104, -1.9938]]}}, {"type": "Feature", "properties": {"order": 6, "discharge": 223.73}, "geometry": {"type": "LineString", "coordinates": [[30.8437, -2.0104], [30.8396, -2.0063], [30.8354, -2.0063], [30.8229, -2.0188], [30.8187, -2.0188]]}}, {"type": "Feature", "properties": {"order": 5, "discharge": 16.45}, "geometry": {"type": "LineString", "coordinates": [[31.1979, -2.0188], [31.1896, -2.0104], [31.1896, -2.0063], [31.1854, -2.0021], [31.1854, -1.9979]]}}, {"type": "Feature", "properties": {"order": 5, "discharge": 16.41}, "geometry": {"type": "LineString", "coordinates": [[31.2271, -2.0229], [31.2146, -2.0229], [31.2104, -2.0188], [31.1979, -2.0188]]}}, {"type": "Feature", "properties": {"order": 5, "discharge": 107.36}, "geometry": {"type": "LineString", "coordinates": [[30.1396, -2.0271], [30.1437, -2.0229], [30.1562, -2.0229], [30.1604, -2.0271]]}}, {"type": "Feature", "properties": {"order": 5, "discharge": 13.04}, "geometry": {"type": "LineString", "coordinates": [[31.2396, -2.0313], [31.2354, -2.0271], [31.2312, -2.0271], [31.2271, -2.0229]]}}, {"type": "Feature", "properties": {"order": 5, "discharge": 29.53}, "geometry": {"type": "LineString", "coordinates": [[32.3437, -2.0313], [32.3604, -2.0146], [32.3646, -2.0146], [32.3687, -2.0104]]}}, {"type": "Feature", "properties": {"order": 6, "discharge": 216.49}, "geometry": {"type": "LineString", "coordinates": [[40.1521, -1.9979], [40.1521, -2.0021], [40.1562, -2.0063], [40.1562, -2.0104], [40.1604, -2.0146], [40.1604, -2.0188], [40.1646, -2.0229], [40.1646, -2.0271], [40.1687, -2.0313]]}}, {"type": "Feature", "properties": {"order": 6, "discharge": 223.93}, "geometry": {"type": "LineString", "coordinates": [[30.8646, -2.0354], [30.8604, -2.0354], [30.8479, -2.0229], [30.8479, -2.0146], [30.8437, -2.0104]]}}, {"type": "Feature", "properties": {"order": 6, "discharge": 223.35}, "geometry": {"type": "LineString", "coordinates": [[30.8687, -2.0396], [30.8646, -2.0354]]}}, {"type": "Feature", "properties": {"order": 5, "discharge": 29.61}, "geometry": {"type": "LineString", "coordinates": [[32.3271, -2.0438], [32.3396, -2.0313], [32.3437, -2.0313]]}}, {"type": "Feature", "properties": {"order": 7, "discharge": 54.49}, "geometry": {"type": "LineString", "coordinates": [[32.6396, -2.0438], [32.6396, -2.0271], [32.6354, -2.0229], [32.6354, -1.9979], [32.6312, -1.9938], [32.6312, -1.9729], [32.6271, -1.9688], [32.6271, -1.9438], [32.6229, -1.9396], [32.6229, -1.9229]]}}, {"type": "Feature", "properties": {"order": 5, "discharge": 21.6}, "geometry": {"type": "LineString", "coordinates": [[36.1312, -2.0021], [36.1312, -2.0146], [36.1354, -2.0188], [36.1354, -2.0396], [36.1312, -2.0438]]}}, {"type": "Feature", "properties": {"order": 5, "discharge": 35.13}, "geometry": {"type": "LineString", "coordinates": [[39.7604, -2.0396], [39.7687, -2.0396], [39.7729, -2.0438], [39.7854, -2.0438], [39.7896, -2.0396], [39.7937, -2.0438], [39.7979, -2.0438]]}}, {"type": "Feature", "properties": {"order": 5, "discharge": 107.26}, "geometry": {"type": "LineString", "coordinates": [[30.1229, -2.0479], [30.1396, -2.0313], [30.1396, -2.0271]]}}, {"type": "Feature", "properties": {"order": 6, "discharge": 215.88}, "geometry": {"type": "LineString", "coordinates": [[40.1687, -2.0313], [40.1687, -2.0354], [40.1729, -2.0396], [40.1729, -2.0438], [40.1771, -2.0479]]}}, {"type": "Feature", "properties": {"order": 5, "discharge": 21.69}, "geometry": {"type": "LineString", "coordinates": [[36.1312, -2.0438], [36.1312, -2.0521]]}}, {"type": "Feature", "properties": {"order": 5, "discharge": 37.42}, "geometry": {"type": "LineString", "coordinates": [[37.9396, -2.0104], [37.9396, -2.0146], [37.9437, -2.0188], [37.9437, -2.0354], [37.9562, -2.0479], [37.9562, -2.0521]]}}, {"type": "Feature", "properties": {"order": 5, "discharge": 34.99}, "geometry": {"type": "LineString", "coordinates": [[39.6729, -2.0521], [39.6812, -2.0521]]}}, {"type": "Feature", "properties": {"order": 5, "discharge": 35.06}, "geometry": {"type": "LineString", "coordinates": [[39.6812, -2.0521], [39.6854, -2.0479], [39.6937, -2.0479], [39.6979, -2.0521]]}}, {"type": "Feature", "properties": {"order": 5, "discharge": 35.1}, "geometry": {"type": "LineString", "coordinates": [[39.6979, -2.0521], [39.7062, -2.0521], [39.7146, -2.0438], [39.7187, -2.0438], [39.7229, -2.0479], [39.7271, -2.0438], [39.7271, -2.0396], [39.7312, -2.0354], [39.7562, -2.0354], [39.7604, -2.0396]]}}, {"type": "Feature", "properties": {"order": 5, "discharge": 35.16}, "geometry": {"type": "LineString", "coordinates": [[39.7979, -2.0438], [39.8021, -2.0396], [39.8062, -2.0396], [39.8104, -2.0438], [39.8271, -2.0438], [39.8354, -2.0521]]}}, {"type": "Feature", "properties": {"order": 5, "discharge": 35.18}, "geometry": {"type": "LineString", "coordinates": [[39.8354, -2.0521], [39.8396, -2.0521], [39.8437, -2.0479], [39.8479, -2.0479]]}}, {"type": "Feature", "properties": {"order": 5, "discharge": 35.19}, "geometry": {"type": "LineString", "coordinates": [[39.8479, -2.0479], [39.8521, -2.0521]]}}, {"type": "Feature", "properties": {"order": 5, "discharge": 35.23}, "geometry": {"type": "LineString", "coordinates": [[39.8521, -2.0521], [39.8562, -2.0479], [39.8687, -2.0479], [39.8729, -2.0521], [39.8771, -2.0521], [39.8812, -2.0479], [39.8937, -2.0479], [39.8979, -2.0438]]}}, {"type": "Feature", "properties": {"order": 5, "discharge": 21.86}, "geometry": {"type": "LineString", "coordinates": [[36.1312, -2.0521], [36.1271, -2.0563]]}}, {"type": "Feature", "properties": {"order": 5, "discharge": 106.31}, "geometry": {"type": "LineString", "coordinates": [[30.0854, -2.0563], [30.0937, -2.0563], [30.0979, -2.0604], [30.1062, -2.0604]]}}, {"type": "Feature", "properties": {"order": 5, "discharge": 107.19}, "geometry": {"type": "LineString", "coordinates": [[30.1062, -2.0604], [30.1104, -2.0604], [30.1229, -2.0479]]}}, {"type": "Feature", "properties": {"order": 5, "discharge": 34.98}, "geometry": {"type": "LineString", "coordinates": [[39.6354, -2.0563], [39.6396, -2.0563], [39.6437, -2.0604], [39.6479, -2.0563], [39.6521, -2.0563], [39.6562, -2.0521], [39.6729, -2.0521]]}}, {"type": "Feature", "properties": {"order": 5, "discharge": 35.26}, "geometry": {"type": "LineString", "coordinates": [[39.8979, -2.0438], [39.9021, -2.0438], [39.9187, -2.0604], [39.9437, -2.0604]]}}, {"type": "Feature", "properties": {"order": 5, "discharge": 35.29}, "geometry": {"type": "LineString", "coordinates": [[39.9437, -2.0604], [39.9562, -2.0604]]}}, {"type": "Feature", "properties": {"order": 5, "discharge": 34.96}, "geometry": {"type": "LineString", "coordinates": [[39.9562, -2.0604], [39.9771, -2.0604], [39.9896, -2.0479], [39.9937, -2.0479], [39.9979, -2.0521], [40.0146, -2.0521], [40.0187, -2.0563], [40.0229, -2.0563], [40.0271, -2.0521], [40.0312, -2.0521], [40.0354, -2.0563], [40.0396, -2.0521], [40.0437, -2.0521], [40.0479, -2.0563], [40.0562, -2.0479], [40.0604, -2.0479], [40.0687, -2.0396], [40.0729, -2.0396], [40.0771, -2.0438], [40.0812, -2.0396], [40.0854, -2.0396]]}}, {"type": "Feature", "properties": {"order": 6, "discharge": 215.53}, "geometry": {"type": "LineString", "coordinates": [[40.1771, -2.0479], [40.1646, -2.0604]]}}, {"type": "Feature", "properties": {"order": 5, "discharge": 37.25}, "geometry": {"type": "LineString", "coordinates": [[37.9562, -2.0521], [37.9562, -2.0646]]}}, {"type": "Feature", "properties": {"order": 5, "discharge": 34.74}, "geometry": {"type": "LineString", "coordinates": [[39.4896, -2.0521], [39.4937, -2.0521], [39.4979, -2.0563], [39.5021, -2.0563], [39.5062, -2.0521], [39.5146, -2.0521], [39.5229, -2.0604], [39.5354, -2.0604], [39.5396, -2.0646], [39.5437, -2.0604]]}}, {"type": "Feature", "properties": {"order": 5, "discharge": 34.75}, "geometry": {"type": "LineString", "coordinates": [[39.5437, -2.0604], [39.5479, -2.0646], [39.5604, -2.0646]]}}, {"type": "Feature", "properties": {"order": 5, "discharge": 66.02}, "geometry": {"type": "LineString", "coordinates": [[30.0104, -2.0104], [30.0104, -2.0188], [29.9854, -2.0438], [29.9854, -2.0479], [29.9812, -2.0521], [29.9979, -2.0688]]}}, {"type": "Feature", "properties": {"order": 5, "discharge": 66.48}, "geometry": {"type": "LineString", "coordinates": [[29.9979, -2.0688], [30.0229, -2.0688]]}}, {"type": "Feature", "properties": {"order": 5, "discharge": 106.27}, "geometry": {"type": "LineString", "coordinates": [[30.0229, -2.0688], [30.0271, -2.0646], [30.0354, -2.0646], [30.0437, -2.0563], [30.0479, -2.0563], [30.0562, -2.0646], [30.0646, -2.0646], [30.0687, -2.0604], [30.0812, -2.0604], [30.0854, -2.0563]]}}, {"type": "Feature", "properties": {"order": 5, "discharge": 107.84}, "geometry": {"type": "LineString", "coordinates": [[30.1604, -2.0271], [30.1604, -2.0313], [30.1646, -2.0354], [30.1687, -2.0354], [30.2021, -2.0688], [30.2104, -2.0688], [30.2146, -2.0646], [30.2229, -2.0646]]}}, {"type": "Feature", "properties": {"order": 5, "discharge": 29.69}, "geometry": {"type": "LineString", "coordinates": [[32.2979, -2.0688], [32.3146, -2.0521], [32.3187, -2.0521], [32.3271, -2.0438]]}}, {"type": "Feature", "properties": {"order": 5, "discharge": 34.95}, "geometry": {"type": "LineString", "coordinates": [[39.4104, -2.0646], [39.4187, -2.0646], [39.4229, -2.0604], [39.4312, -2.0688], [39.4354, -2.0646], [39.4396, -2.0646]]}}, {"type": "Feature", "properties": {"order": 5, "discharge": 34.8}, "geometry": {"type": "LineString", "coordinates": [[39.4729, -2.0688], [39.4896, -2.0521]]}}, {"type": "Feature", "properties": {"order": 5, "discharge": 34.78}, "geometry": {"type": "LineString", "coordinates": [[39.5604, -2.0646], [39.5771, -2.0646], [39.5812, -2.0688], [39.5979, -2.0688]]}}, {"type": "Feature", "properties": {"order": 5, "discharge": 34.79}, "geometry": {"type": "LineString", "coordinates": [[39.5979, -2.0688], [39.6021, -2.0646], [39.6146, -2.0646], [39.6187, -2.0688], [39.6229, -2.0646], [39.6271, -2.0646], [39.6354, -2.0563]]}}, {"type": "Feature", "properties": {"order": 5, "discharge": 34.83}, "geometry": {"type": "LineString", "coordinates": [[39.3437, -2.0729], [39.3479, -2.0729]]}}, {"type": "Feature", "properties": {"order": 5, "discharge": 35.06}, "geometry": {"type": "LineString", "coordinates": [[39.3479, -2.0729], [39.3521, -2.0729], [39.3562, -2.0688], [39.3604, -2.0729], [39.3646, -2.0729], [39.3687, -2.0688]]}}, {"type": "Feature", "properties": {"order": 5, "discharge": 34.74}, "geometry": {"type": "LineString", "coordinates": [[39.3687, -2.0688], [39.3729, -2.0729], [39.3771, -2.0729], [39.3812, -2.0688], [39.4062, -2.0688], [39.4104, -2.0646]]}}, {"type": "Feature", "properties": {"order": 7, "discharge": 55.44}, "geometry": {"type": "LineString", "coordinates": [[32.6479, -2.0771], [32.6479, -2.0688], [32.6437, -2.0646], [32.6437, -2.0563], [32.6396, -2.0521], [32.6396, -2.0438]]}}, {"type": "Feature", "properties": {"order": 5, "discharge": 37.14}, "geometry": {"type": "LineString", "coordinates": [[37.9562, -2.0646], [37.9604, -2.0688], [37.9604, -2.0771]]}}, {"type": "Feature", "properties": {"order": 5, "discharge": 34.79}, "geometry": {"type": "LineString", "coordinates": [[39.4396, -2.0646], [39.4437, -2.0688], [39.4521, -2.0688], [39.4604, -2.0771]]}}, {"type": "Feature", "properties": {"order": 5, "discharge": 34.72}, "geometry": {"type": "LineString", "coordinates": [[39.4604, -2.0771], [39.4646, -2.0729], [39.4687, -2.0729], [39.4729, -2.0688]]}}, {"type": "Feature", "properties": {"order": 6, "discharge": 223.34}, "geometry": {"type": "LineString", "coordinates": [[30.8896, -2.0813], [30.8896, -2.0688], [30.8854, -2.0646], [30.8854, -2.0563], [30.8687, -2.0396]]}}, {"type": "Feature", "properties": {"order": 5, "discharge": 28.77}, "geometry": {"type": "LineString", "coordinates": [[32.2812, -2.0813], [32.2937, -2.0688], [32.2979, -2.0688]]}}, {"type": "Feature", "properties": {"order": 5, "discharge": 21.77}, "geometry": {"type": "LineString", "coordinates": [[36.1271, -2.0563], [36.1187, -2.0563], [36.1146, -2.0521], [36.1104, -2.0563], [36.1104, -2.0604], [36.0896, -2.0813]]}}, {"type": "Feature", "properties": {"order": 5, "discharge": 34.65}, "geometry": {"type": "LineString", "coordinates": [[40.0854, -2.0396], [40.0896, -2.0396], [40.0937, -2.0438], [40.0979, -2.0438], [40.0979, -2.0479], [40.1021, -2.0521], [40.1062, -2.0521], [40.1146, -2.0604], [40.1229, -2.0604], [40.1271, -2.0646], [40.1312, -2.0646], [40.1354, -2.0688], [40.1521, -2.0688], [40.1646, -2.0813], [40.1729, -2.0813]]}}, {"type": "Feature", "properties": {"order": 6, "discharge": 214.65}, "geometry": {"type": "LineString", "coordinates": [[40.1646, -2.0604], [40.1687, -2.0646], [40.1729, -2.0646], [40.1771, -2.0688], [40.1729, -2.0729], [40.1729, -2.0813]]}}, {"type": "Feature", "properties": {"order": 5, "discharge": 17.88}, "geometry": {"type": "LineString", "coordinates": [[33.9396, -2.0813], [33.9354, -2.0771], [33.9312, -2.0771], [33.9271, -2.0729], [33.9229, -2.0729], [33.9187, -2.0771], [33.9146, -2.0771], [33.9062, -2.0854]]}}, {"type": "Feature", "properties": {"order": 5, "discharge": 10.84}, "geometry": {"type": "LineString", "coordinates": [[31.3062, -2.0896], [31.3021, -2.0854], [31.3021, -2.0813], [31.2687, -2.0479], [31.2646, -2.0479], [31.2521, -2.0354], [31.2479, -2.0354], [31.2437, -2.0313], [31.2396, -2.0313]]}}, {"type": "Feature", "properties": {"order": 5, "discharge": 22.34}, "geometry": {"type": "LineString", "coordinates": [[36.0479, -2.0854], [36.0396, -2.0938]]}}, {"type": "Feature", "properties": {"order": 5, "discharge": 21.65}, "geometry": {"type": "LineString", "coordinates": [[36.0896, -2.0813], [36.0896, -2.0854], [36.0812, -2.0938], [36.0729, -2.0938], [36.0687, -2.0896], [36.0646, -2.0896], [36.0604, -2.0854], [36.0479, -2.0854]]}}, {"type": "Feature", "properties": {"order": 5, "discharge": 35.07}, "geometry": {"type": "LineString", "coordinates": [[39.2771, -2.0938], [39.2896, -2.0938], [39.2937, -2.0896], [39.2979, -2.0938]]}}, {"type": "Feature", "properties": {"order": 5, "discharge": 17.84}, "geometry": {"type": "LineString", "coordinates": [[33.9062, -2.0854], [33.9021, -2.0896], [33.8937, -2.0896], [33.8896, -2.0938], [33.8896, -2.0979], [33.8771, -2.0979]]}}, {"type": "Feature", "properties": {"order": 5, "discharge": 34.71}, "geometry": {"type": "LineString", "coordinates": [[39.2979, -2.0938], [39.3021, -2.0979], [39.3187, -2.0979], [39.3229, -2.0938], [39.3271, -2.0938], [39.3312, -2.0896], [39.3312, -2.0854], [39.3354, -2.0813], [39.3354, -2.0771], [39.3396, -2.0729], [39.3437, -2.0729]]}}, {"type": "Feature", "properties": {"order": 7, "discharge": 56.32}, "geometry": {"type": "LineString", "coordinates": [[32.6604, -2.1021], [32.6604, -2.0979], [32.6562, -2.0938], [32.6562, -2.0896], [32.6521, -2.0854], [32.6521, -2.0813], [32.6479, -2.0771]]}}, {"type": "Feature", "properties": {"order": 5, "discharge": 17.8}, "geometry": {"type": "LineString", "coordinates": [[33.8771, -2.0979], [33.8729, -2.0979], [33.8687, -2.1021], [33.8646, -2.1021], [33.8604, -2.0979], [33.8562, -2.0979], [33.8521, -2.1021], [33.8479, -2.0979], [33.8437, -2.0979]]}}, {"type": "Feature", "properties": {"order": 5, "discharge": 22.42}, "geometry": {"type": "LineString", "coordinates": [[36.0396, -2.0938], [36.0396, -2.0979], [36.0354, -2.1021]]}}, {"type": "Feature", "properties": {"order": 7, "discharge": 56.6}, "geometry": {"type": "LineString", "coordinates": [[32.6646, -2.1063], [32.6604, -2.1021]]}}, {"type": "Feature", "properties": {"order": 5, "discharge": 17.85}, "geometry": {"type": "LineString", "coordinates": [[33.8187, -2.1021], [33.8062, -2.1021], [33.8021, -2.1063], [33.7937, -2.1063]]}}, {"type": "Feature", "properties": {"order": 5, "discharge": 17.79}, "geometry": {"type": "LineString", "coordinates": [[33.8437, -2.0979], [33.8354, -2.1063], [33.8312, -2.1063], [33.8271, -2.1021], [33.8187, -2.1021]]}}, {"type": "Feature", "properties": {"order": 5, "discharge": 13.79}, "geometry": {"type": "LineString", "coordinates": [[33.9729, -2.1063], [33.9646, -2.0979], [33.9562, -2.0979], [33.9396, -2.0813]]}}, {"type": "Feature", "properties": {"order": 6, "discharge": 248.14}, "geometry": {"type": "LineString", "coordinates": [[40.1729, -2.0813], [40.1729, -2.1063]]}}, {"type": "Feature", "properties": {"order": 5, "discharge": 22.42}, "geometry": {"type": "LineString", "coordinates": [[36.0354, -2.1021], [36.0271, -2.1104]]}}, {"type": "Feature", "properties": {"order": 5, "discharge": 36.71}, "geometry": {"type": "LineString", "coordinates": [[37.9604, -2.0771], [37.9604, -2.1063], [37.9562, -2.1104]]}}, {"type": "Feature", "properties": {"order": 5, "discharge": 10.58}, "geometry": {"type": "LineString", "coordinates": [[31.3146, -2.1146], [31.3146, -2.1021], [31.3104, -2.0979], [31.3104, -2.0938], [31.3062, -2.0896]]}}, {"type": "Feature", "properties": {"order": 5, "discharge": 10.37}, "geometry": {"type": "LineString", "coordinates": [[31.3146, -2.1188], [31.3146, -2.1146]]}}, {"type": "Feature", "properties": {"order": 5, "discharge": 13.85}, "geometry": {"type": "LineString", "coordinates": [[34.0104, -2.1188], [33.9979, -2.1188], [33.9854, -2.1063], [33.9812, -2.1063], [33.9771, -2.1104], [33.9729, -2.1063]]}}, {"type": "Feature", "properties": {"order": 6, "discharge": 221.73}, "geometry": {"type": "LineString", "coordinates": [[30.8729, -2.1229], [30.8729, -2.1104], [30.8854, -2.0979], [30.8854, -2.0896], [30.8896, -2.0854], [30.8896, -2.0813]]}}, {"type": "Feature", "properties": {"order": 5, "discharge": 17.76}, "geometry": {"type": "LineString", "coordinates": [[33.7937, -2.1063], [33.7896, -2.1063], [33.7854, -2.1104], [33.7771, -2.1104], [33.7729, -2.1146], [33.7687, -2.1146], [33.7646, -2.1188], [33.7604, -2.1188], [33.7562, -2.1229]]}}, {"type": "Feature", "properties": {"order": 5, "discharge": 13.81}, "geometry": {"type": "LineString", "coordinates": [[34.0146, -2.1229], [34.0104, -2.1188]]}}, {"type": "Feature", "properties": {"order": 5, "discharge": 22.44}, "geometry": {"type": "LineString", "coordinates": [[36.0271, -2.1104], [36.0271, -2.1146], [36.0229, -2.1188], [36.0229, -2.1229], [36.0187, -2.1271]]}}, {"type": "Feature", "properties": {"order": 5, "discharge": 17.14}, "geometry": {"type": "LineString", "coordinates": [[37.8187, -2.1229], [37.8229, -2.1271], [37.8271, -2.1229], [37.8312, -2.1229], [37.8396, -2.1146], [37.8437, -2.1188], [37.8479, -2.1146], [37.8562, -2.1146], [37.8604, -2.1188]]}}, {"type": "Feature", "properties": {"order": 5, "discharge": 36.48}, "geometry": {"type": "LineString", "coordinates": [[37.9562, -2.1104], [37.9562, -2.1271]]}}, {"type": "Feature", "properties": {"order": 5, "discharge": 108.64}, "geometry": {"type": "LineString", "coordinates": [[30.2229, -2.0646], [30.2271, -2.0688], [30.2312, -2.0688], [30.2354, -2.0729], [30.2396, -2.0729], [30.2437, -2.0771], [30.2437, -2.0813], [30.2479, -2.0854], [30.2479, -2.0938], [30.2521, -2.0979], [30.2562, -2.0979], [30.2604, -2.1021], [30.2604, -2.1271], [30.2646, -2.1313]]}}, {"type": "Feature", "properties": {"order": 5, "discharge": 18.16}, "geometry": {"type": "LineString", "coordinates": [[33.7562, -2.1229], [33.7479, -2.1313]]}}, {"type": "Feature", "properties": {"order": 5, "discharge": 17.05}, "geometry": {"type": "LineString", "coordinates": [[37.8604, -2.1188], [37.8729, -2.1313], [37.8771, -2.1313], [37.8812, -2.1271], [37.8812, -2.1229], [37.8854, -2.1188]]}}, {"type": "Feature", "properties": {"order": 6, "discharge": 247.2}, "geometry": {"type": "LineString", "coordinates": [[40.1729, -2.1063], [40.1771, -2.1104], [40.1771, -2.1146], [40.1812, -2.1188], [40.1812, -2.1229], [40.1771, -2.1271], [40.1771, -2.1313]]}}, {"type": "Feature", "properties": {"order": 7, "discharge": 56.61}, "geometry": {"type": "LineString", "coordinates": [[32.6812, -2.1354], [32.6729, -2.1271], [32.6729, -2.1229], [32.6687, -2.1188], [32.6687, -2.1146], [32.6646, -2.1104], [32.6646, -2.1063]]}}, {"type": "Feature", "properties": {"order": 5, "discharge": 34.24}, "geometry": {"type": "LineString", "coordinates": [[39.2271, -2.1354], [39.2312, -2.1354], [39.2354, -2.1313], [39.2437, -2.1313], [39.2562, -2.1188], [39.2604, -2.1188], [39.2729, -2.1063], [39.2729, -2.0979], [39.2771, -2.0938]]}}, {"type": "Feature", "properties": {"order": 6, "discharge": 246.85}, "geometry": {"type": "LineString", "coordinates": [[40.1771, -2.1313], [40.1812, -2.1354], [40.1854, -2.1354]]}}, {"type": "Feature", "properties": {"order": 6, "discharge": 221.99}, "geometry": {"type": "LineString", "coordinates": [[30.8687, -2.1396], [30.8729, -2.1354], [30.8729, -2.1229]]}}, {"type": "Feature", "properties": {"order": 5, "discharge": 13.77}, "geometry": {"type": "LineString", "coordinates": [[34.0729, -2.1396], [34.0604, -2.1271], [34.0562, -2.1271], [34.0521, -2.1229], [34.0437, -2.1229], [34.0396, -2.1188], [34.0354, -2.1188], [34.0312, -2.1229], [34.0146, -2.1229]]}}, {"type": "Feature", "properties": {"order": 5, "discharge": 13.69}, "geometry": {"type": "LineString", "coordinates": [[34.1104, -2.1396], [34.0729, -2.1396]]}}, {"type": "Feature", "properties": {"order": 5, "discharge": 22.49}, "geometry": {"type": "LineString", "coordinates": [[36.0187, -2.1271], [36.0187, -2.1354], [36.0146, -2.1396]]}}, {"type": "Feature", "properties": {"order": 5, "discharge": 16.63}, "geometry": {"type": "LineString", "coordinates": [[37.8854, -2.1188], [37.8937, -2.1271], [37.8937, -2.1313], [37.8979, -2.1354], [37.9062, -2.1354], [37.9104, -2.1313], [37.9146, -2.1354], [37.9187, -2.1313], [37.9229, -2.1313], [37.9271, -2.1354], [37.9437, -2.1354], [37.9521, -2.1438]]}}, {"type": "Feature", "properties": {"order": 5, "discharge": 34.64}, "geometry": {"type": "LineString", "coordinates": [[39.2187, -2.1438], [39.2271, -2.1354]]}}, {"type": "Feature", "properties": {"order": 5, "discharge": 13.61}, "geometry": {"type": "LineString", "coordinates": [[34.1812, -2.1479], [34.1646, -2.1479], [34.1604, -2.1438], [34.1396, -2.1438], [34.1354, -2.1396], [34.1271, -2.1396], [34.1229, -2.1354], [34.1146, -2.1354], [34.1104, -2.1396]]}}, {"type": "Feature", "properties": {"order": 5, "discharge": 17.79}, "geometry": {"type": "LineString", "coordinates": [[37.9521, -2.1438], [37.9562, -2.1438], [37.9604, -2.1479], [37.9646, -2.1479]]}}, {"type": "Feature", "properties": {"order": 5, "discharge": 36.3}, "geometry": {"type": "LineString", "coordinates": [[37.9562, -2.1271], [37.9562, -2.1354], [37.9604, -2.1396], [37.9604, -2.1438], [37.9646, -2.1479]]}}, {"type": "Feature", "properties": {"order": 6, "discharge": 246.44}, "geometry": {"type": "LineString", "coordinates": [[40.1854, -2.1354], [40.1854, -2.1479]]}}, {"type": "Feature", "properties": {"order": 6, "discharge": 21.87}, "geometry": {"type": "LineString", "coordinates": [[32.6854, -2.1563], [32.6854, -2.1521], [32.6812, -2.1479], [32.6812, -2.1354]]}}, {"type": "Feature", "properties": {"order": 5, "discharge": 111.97}, "geometry": {"type": "LineString", "coordinates": [[30.2646, -2.1313], [30.2646, -2.1521], [30.2521, -2.1646]]}}, {"type": "Feature", "properties": {"order": 5, "discharge": 10.31}, "geometry": {"type": "LineString", "coordinates": [[31.3062, -2.1646], [31.3104, -2.1604], [31.3104, -2.1479], [31.3146, -2.1438], [31.3146, -2.1188]]}}, {"type": "Feature", "properties": {"order": 6, "discharge": 245.34}, "geometry": {"type": "LineString", "coordinates": [[40.1854, -2.1479], [40.1812, -2.1521], [40.1812, -2.1604], [40.1729, -2.1604], [40.1687, -2.1646]]}}, {"type": "Feature", "properties": {"order": 5, "discharge": 112.09}, "geometry": {"type": "LineString", "coordinates": [[30.2521, -2.1646], [30.2521, -2.1688]]}}, {"type": "Feature", "properties": {"order": 5, "discharge": 9.65}, "geometry": {"type": "LineString", "coordinates": [[31.3021, -2.1688], [31.3062, -2.1646]]}}, {"type": "Feature", "properties": {"order": 5, "discharge": 13.52}, "geometry": {"type": "LineString", "coordinates": [[34.2271, -2.1688], [34.2229, -2.1646], [34.2187, -2.1646], [34.2146, -2.1604], [34.2104, -2.1604], [34.2062, -2.1563], [34.2021, -2.1563], [34.1979, -2.1521], [34.1937, -2.1521], [34.1896, -2.1479], [34.1812, -2.1479]]}}, {"type": "Feature", "properties": {"order": 5, "discharge": 14.01}, "geometry": {"type": "LineString", "coordinates": [[37.7604, -2.1688], [37.7646, -2.1688], [37.7729, -2.1604], [37.7771, -2.1604], [37.7937, -2.1438], [37.7937, -2.1396], [37.8104, -2.1229], [37.8187, -2.1229]]}}, {"type": "Feature", "properties": {"order": 6, "discharge": 53.58}, "geometry": {"type": "LineString", "coordinates": [[37.9646, -2.1479], [37.9646, -2.1646], [37.9687, -2.1688]]}}, {"type": "Feature", "properties": {"order": 6, "discharge": 35.52}, "geometry": {"type": "LineString", "coordinates": [[32.7937, -2.1729], [32.7896, -2.1729], [32.7854, -2.1688], [32.7771, -2.1688], [32.7729, -2.1646], [32.7646, -2.1646], [32.7604, -2.1604], [32.7562, -2.1604], [32.7521, -2.1563], [32.7437, -2.1563], [32.7396, -2.1521], [32.7312, -2.1521], [32.7271, -2.1479], [32.7187, -2.1479], [32.7146, -2.1438], [32.7062, -2.1438], [32.7021, -2.1396], [32.6937, -2.1396], [32.6896, -2.1354], [32.6812, -2.1354]]}}, {"type": "Feature", "properties": {"order": 6, "discharge": 37.15}, "geometry": {"type": "LineString", "coordinates": [[32.7979, -2.1729], [32.7937, -2.1729]]}}, {"type": "Feature", "properties": {"order": 5, "discharge": 13.46}, "geometry": {"type": "LineString", "coordinates": [[34.2437, -2.1771], [34.2396, -2.1729], [34.2312, -2.1729], [34.2271, -2.1688]]}}, {"type": "Feature", "properties": {"order": 5, "discharge": 22.45}, "geometry": {"type": "LineString", "coordinates": [[36.0146, -2.1396], [36.0146, -2.1438], [36.0104, -2.1479], [36.0104, -2.1729], [36.0062, -2.1771]]}}, {"type": "Feature", "properties": {"order": 5, "discharge": 112.12}, "geometry": {"type": "LineString", "coordinates": [[30.2521, -2.1688], [30.2562, -2.1729], [30.2562, -2.1813]]}}, {"type": "Feature", "properties": {"order": 6, "discharge": 221.77}, "geometry": {"type": "LineString", "coordinates": [[30.8521, -2.1813], [30.8521, -2.1646], [30.8562, -2.1604], [30.8562, -2.1563], [30.8646, -2.1479], [30.8646, -2.1438], [30.8687, -2.1396]]}}, {"type": "Feature", "properties": {"order": 5, "discharge": 18.05}, "geometry": {"type": "LineString", "coordinates": [[33.7479, -2.1313], [33.6979, -2.1813], [33.6937, -2.1813]]}}, {"type": "Feature", "properties": {"order": 6, "discharge": 37.12}, "geometry": {"type": "LineString", "coordinates": [[32.8521, -2.1938], [32.8479, -2.1896], [32.8396, -2.1896], [32.8354, -2.1854], [32.8271, -2.1854], [32.8229, -2.1813], [32.8146, -2.1813], [32.8104, -2.1771], [32.8021, -2.1771], [32.7979, -2.1729]]}}, {"type": "Feature", "properties": {"order": 6, "discharge": 37.73}, "geometry": {"type": "LineString", "coordinates": [[32.8604, -2.1938], [32.8521, -2.1938]]}}, {"type": "Feature", "properties": {"order": 5, "discharge": 18.14}, "geometry": {"type": "LineString", "coordinates": [[33.6937, -2.1813], [33.6812, -2.1938], [33.6771, -2.1938], [33.6646, -2.2063]]}}, {"type": "Feature", "properties": {"order": 6, "discharge": 53.54}, "geometry": {"type": "LineString", "coordinates": [[37.9687, -2.1688], [37.9729, -2.1688], [37.9771, -2.1646], [37.9854, -2.1646], [37.9896, -2.1604], [37.9937, -2.1604], [37.9979, -2.1563], [38.0104, -2.1563], [38.0146, -2.1521], [38.0229, -2.1521], [38.0271, -2.1563], [38.0271, -2.1604], [38.0312, -2.1646], [38.0354, -2.1646], [38.0396, -2.1688], [38.0479, -2.1688], [38.0521, -2.1729], [38.0521, -2.1896], [38.0562, -2.1938], [38.0562, -2.2021], [38.0604, -2.2063]]}}, {"type": "Feature", "properties": {"order": 5, "discharge": 112.25}, "geometry": {"type": "LineString", "coordinates": [[30.2562, -2.1813], [30.2562, -2.1854], [30.2604, -2.1896], [30.2604, -2.1938], [30.2771, -2.2104]]}}, {"type": "Feature", "properties": {"order": 6, "discharge": 21.38}, "geometry": {"type": "LineString", "coordinates": [[32.7146, -2.2146], [32.7146, -2.2104], [32.7104, -2.2063], [32.7104, -2.2021], [32.7062, -2.1979], [32.7062, -2.1938], [32.7021, -2.1896], [32.7021, -2.1854], [32.6979, -2.1813], [32.6979, -2.1771], [32.6937, -2.1729], [32.6937, -2.1688], [32.6896, -2.1646], [32.6896, -2.1604], [32.6854, -2.1563]]}}, {"type": "Feature", "properties": {"order": 5, "discharge": 13.4}, "geometry": {"type": "LineString", "coordinates": [[34.3062, -2.2146], [34.2979, -2.2063], [34.2979, -2.1979], [34.2812, -2.1813], [34.2771, -2.1813], [34.2729, -2.1771], [34.2646, -2.1771], [34.2604, -2.1729], [34.2562, -2.1771], [34.2521, -2.1771], [34.2479, -2.1813], [34.2437, -2.1771]]}}, {"type": "Feature", "properties": {"order": 6, "discharge": 222.12}, "geometry": {"type": "LineString", "coordinates": [[30.8437, -2.2188], [30.8437, -2.1938], [30.8521, -2.1854], [30.8521, -2.1813]]}}, {"type": "Feature", "properties": {"order": 6, "discharge": 21.86}, "geometry": {"type": "LineString", "coordinates": [[32.7146, -2.2188], [32.7146, -2.2146]]}}, {"type": "Feature", "properties": {"order": 5, "discharge": 13.27}, "geometry": {"type": "LineString", "coordinates": [[34.3729, -2.2146], [34.3646, -2.2146], [34.3604, -2.2188]]}}, {"type": "Feature", "properties": {"order": 5, "discharge": 13.19}, "geometry": {"type": "LineString", "coordinates": [[34.4271, -2.2188], [34.4229, -2.2146]]}}, {"type": "Feature", "properties": {"order": 5, "discharge": 112.15}, "geometry": {"type": "LineString", "coordinates": [[30.2771, -2.2104], [30.2979, -2.2104], [30.3021, -2.2063], [30.3104, -2.2063], [30.3146, -2.2104], [30.3146, -2.2229]]}}, {"type": "Feature", "properties": {"order": 5, "discharge": 13.34}, "geometry": {"type": "LineString", "coordinates": [[34.3604, -2.2188], [34.3521, -2.2188], [34.3479, -2.2229], [34.3229, -2.2229], [34.3187, -2.2188], [34.3104, -2.2188], [34.3062, -2.2146]]}}, {"type": "Feature", "properties": {"order": 5, "discharge": 13.24}, "geometry": {"type": "LineString", "coordinates": [[34.4229, -2.2146], [34.4187, -2.2146], [34.4104, -2.2229], [34.4062, -2.2229], [34.4021, -2.2188], [34.3896, -2.2188], [34.3854, -2.2146], [34.3729, -2.2146]]}}, {"type": "Feature", "properties": {"order": 6, "discharge": 243.55}, "geometry": {"type": "LineString", "coordinates": [[40.1687, -2.1646], [40.1687, -2.1688], [40.1729, -2.1729], [40.1729, -2.1771], [40.1687, -2.1813], [40.1687, -2.1938], [40.1729, -2.1979], [40.1729, -2.2104], [40.1771, -2.2146], [40.1771, -2.2188], [40.1729, -2.2229]]}}, {"type": "Feature", "properties": {"order": 5, "discharge": 20.89}, "geometry": {"type": "LineString", "coordinates": [[33.6646, -2.2063], [33.6604, -2.2104], [33.6562, -2.2104], [33.6521, -2.2146], [33.6479, -2.2146], [33.6396, -2.2229], [33.6354, -2.2229], [33.6312, -2.2271]]}}, {"type": "Feature", "properties": {"order": 5, "discharge": 9.57}, "geometry": {"type": "LineString", "coordinates": [[31.2979, -2.2313], [31.2979, -2.2229], [31.2937, -2.2188], [31.2937, -2.2104], [31.2979, -2.2063], [31.2979, -2.1813], [31.3021, -2.1771], [31.3021, -2.1688]]}}, {"type": "Feature", "properties": {"order": 6, "discharge": 53.65}, "geometry": {"type": "LineString", "coordinates": [[38.0604, -2.2063], [38.0687, -2.2146], [38.0687, -2.2188], [38.0646, -2.2229], [38.0687, -2.2271], [38.0687, -2.2313]]}}, {"type": "Feature", "properties": {"order": 5, "discharge": 20.91}, "geometry": {"type": "LineString", "coordinates": [[33.6312, -2.2271], [33.6271, -2.2271], [33.6187, -2.2354]]}}, {"type": "Feature", "properties": {"order": 5, "discharge": 13.16}, "geometry": {"type": "LineString", "coordinates": [[34.4354, -2.2354], [34.4312, -2.2354], [34.4271, -2.2313], [34.4271, -2.2188]]}}, {"type": "Feature", "properties": {"order": 6, "discharge": 244.88}, "geometry": {"type": "LineString", "coordinates": [[40.1729, -2.2229], [40.1729, -2.2271], [40.1771, -2.2313], [40.1729, -2.2354]]}}, {"type": "Feature", "properties": {"order": 5, "discharge": 112.51}, "geometry": {"type": "LineString", "coordinates": [[30.3146, -2.2229], [30.3187, -2.2271], [30.3187, -2.2354], [30.3229, -2.2396]]}}, {"type": "Feature", "properties": {"order": 5, "discharge": 13.14}, "geometry": {"type": "LineString", "coordinates": [[34.4646, -2.2438], [34.4604, -2.2438], [34.4562, -2.2396], [34.4521, -2.2396], [34.4479, -2.2354], [34.4354, -2.2354]]}}, {"type": "Feature", "properties": {"order": 6, "discharge": 18.39}, "geometry": {"type": "LineString", "coordinates": [[32.7396, -2.2479], [32.7312, -2.2396], [32.7312, -2.2354], [32.7146, -2.2188]]}}, {"type": "Feature", "properties": {"order": 5, "discharge": 12.94}, "geometry": {"type": "LineString", "coordinates": [[34.5229, -2.2479], [34.5187, -2.2479], [34.5146, -2.2438], [34.5021, -2.2438], [34.4979, -2.2396], [34.4854, -2.2396], [34.4812, -2.2438], [34.4646, -2.2438]]}}, {"type": "Feature", "properties": {"order": 5, "discharge": 8.04}, "geometry": {"type": "LineString", "coordinates": [[34.6646, -2.2479], [34.6521, -2.2354]]}}, {"type": "Feature", "properties": {"order": 5, "discharge": 22.25}, "geometry": {"type": "LineString", "coordinates": [[36.0062, -2.1771], [36.0062, -2.2521]]}}, {"type": "Feature", "properties": {"order": 6, "discharge": 18.57}, "geometry": {"type": "LineString", "coordinates": [[32.7479, -2.2604], [32.7437, -2.2563], [32.7437, -2.2521], [32.7396, -2.2479]]}}, {"type": "Feature", "properties": {"order": 5, "discharge": 7.97}, "geometry": {"type": "LineString", "coordinates": [[34.7562, -2.2604], [34.7396, -2.2604], [34.7312, -2.2521]]}}, {"type": "Feature", "properties": {"order": 6, "discharge": 222.39}, "geometry": {"type": "LineString", "coordinates": [[30.8479, -2.2646], [30.8479, -2.2521], [30.8437, -2.2479], [30.8437, -2.2188]]}}, {"type": "Feature", "properties": {"order": 5, "discharge": 8.49}, "geometry": {"type": "LineString", "coordinates": [[34.5562, -2.2646], [34.5437, -2.2646], [34.5396, -2.2604], [34.5354, -2.2604], [34.5229, -2.2479]]}}, {"type": "Feature", "properties": {"order": 5, "discharge": 8.04}, "geometry": {"type": "LineString", "coordinates": [[34.6521, -2.2354], [34.6437, -2.2438], [34.6396, -2.2438], [34.6354, -2.2479], [34.6021, -2.2479], [34.5854, -2.2646]]}}, {"type": "Feature", "properties": {"order": 6, "discharge": 37.33}, "geometry": {"type": "LineString", "coordinates": [[33.0396, -2.2688], [33.0354, -2.2688], [33.0312, -2.2646], [33.0271, -2.2646], [33.0229, -2.2604], [33.0187, -2.2604], [33.0146, -2.2563], [33.0104, -2.2563], [33.0062, -2.2521], [32.9979, -2.2521], [32.9937, -2.2479], [32.9896, -2.2479], [32.9854, -2.2438], [32.9812, -2.2438], [32.9771, -2.2396], [32.9687, -2.2396], [32.9646, -2.2354], [32.9604, -2.2354], [32.9562, -2.2313], [32.9479, -2.2313], [32.9437, -2.2271], [32.9396, -2.2271], [32.9354, -2.2229], [32.9312, -2.2229], [32.9271, -2.2188], [32.9187, -2.2188], [32.9146, -2.2146], [32.9104, -2.2146], [32.9062, -2.2104], [32.8979, -2.2104], [32.8937, -2.2063], [32.8896, -2.2063], [32.8854, -2.2021], [32.8771, -2.2021], [32.8729, -2.1979], [32.8646, -2.1979], [32.8604, -2.1938]]}}, {"type": "Feature", "properties": {"order": 5, "discharge": 20.9}, "geometry": {"type": "LineString", "coordinates": [[33.6187, -2.2354], [33.6146, -2.2354], [33.6062, -2.2438], [33.6021, -2.2438], [33.5979, -2.2479], [33.5937, -2.2479], [33.5854, -2.2563], [33.5812, -2.2563], [33.5771, -2.2604], [33.5729, -2.2604], [33.5687, -2.2646], [33.5604, -2.2646], [33.5562, -2.2688], [33.5479, -2.2688]]}}, {"type": "Feature", "properties": {"order": 5, "discharge": 8.36}, "geometry": {"type": "LineString", "coordinates": [[34.5812, -2.2688], [34.5771, -2.2646], [34.5687, -2.2646], [34.5646, -2.2688], [34.5604, -2.2646], [34.5562, -2.2646]]}}, {"type": "Feature", "properties": {"order": 5, "discharge": 8.12}, "geometry": {"type": "LineString", "coordinates": [[34.5854, -2.2646], [34.5812, -2.2688]]}}, {"type": "Feature", "properties": {"order": 5, "discharge": 8.0}, "geometry": {"type": "LineString", "coordinates": [[34.7312, -2.2521], [34.7187, -2.2521], [34.7104, -2.2604], [34.6979, -2.2604], [34.6896, -2.2688]]}}, {"type": "Feature", "properties": {"order": 6, "discharge": 53.85}, "geometry": {"type": "LineString", "coordinates": [[38.0687, -2.2313], [38.0729, -2.2354], [38.0729, -2.2521], [38.0771, -2.2563], [38.0771, -2.2604], [38.0854, -2.2688]]}}, {"type": "Feature", "properties": {"order": 6, "discharge": 242.28}, "geometry": {"type": "LineString", "coordinates": [[40.1729, -2.2354], [40.1687, -2.2354], [40.1646, -2.2396], [40.1562, -2.2396], [40.1396, -2.2563], [40.1271, -2.2563], [40.1229, -2.2604], [40.1229, -2.2646], [40.1187, -2.2688]]}}, {"type": "Feature", "properties": {"order": 6, "discharge": 18.6}, "geometry": {"type": "LineString", "coordinates": [[32.7604, -2.2729], [32.7479, -2.2604]]}}, {"type": "Feature", "properties": {"order": 5, "discharge": 21.21}, "geometry": {"type": "LineString", "coordinates": [[33.5479, -2.2688], [33.5437, -2.2729]]}}, {"type": "Feature", "properties": {"order": 5, "discharge": 8.01}, "geometry": {"type": "LineString", "coordinates": [[34.6896, -2.2688], [34.6812, -2.2688], [34.6771, -2.2729], [34.6729, -2.2729], [34.6687, -2.2688], [34.6687, -2.2521], [34.6646, -2.2479]]}}, {"type": "Feature", "properties": {"order": 5, "discharge": 112.66}, "geometry": {"type": "LineString", "coordinates": [[30.3229, -2.2396], [30.3229, -2.2646], [30.3271, -2.2688], [30.3271, -2.2729], [30.3312, -2.2771], [30.3312, -2.2813]]}}, {"type": "Feature", "properties": {"order": 5, "discharge": 22.16}, "geometry": {"type": "LineString", "coordinates": [[33.5229, -2.2813], [33.5146, -2.2813]]}}, {"type": "Feature", "properties": {"order": 5, "discharge": 21.68}, "geometry": {"type": "LineString", "coordinates": [[33.5437, -2.2729], [33.5396, -2.2729], [33.5354, -2.2771], [33.5271, -2.2771], [33.5229, -2.2813]]}}, {"type": "Feature", "properties": {"order": 5, "discharge": 22.15}, "geometry": {"type": "LineString", "coordinates": [[36.0062, -2.2521], [36.0104, -2.2563], [36.0104, -2.2688], [36.0146, -2.2729], [36.0146, -2.2813]]}}, {"type": "Feature", "properties": {"order": 6, "discharge": 244.27}, "geometry": {"type": "LineString", "coordinates": [[40.1187, -2.2688], [40.1229, -2.2729], [40.1271, -2.2729], [40.1312, -2.2771], [40.1271, -2.2813]]}}, {"type": "Feature", "properties": {"order": 5, "discharge": 25.24}, "geometry": {"type": "LineString", "coordinates": [[33.5146, -2.2813], [33.5104, -2.2854]]}}, {"type": "Feature", "properties": {"order": 6, "discharge": 39.81}, "geometry": {"type": "LineString", "coordinates": [[33.0812, -2.2896], [33.0771, -2.2896], [33.0729, -2.2854], [33.0687, -2.2854], [33.0646, -2.2813], [33.0604, -2.2813], [33.0562, -2.2771], [33.0521, -2.2771], [33.0479, -2.2729], [33.0437, -2.2729], [33.0396, -2.2688]]}}, {"type": "Feature", "properties": {"order": 6, "discharge": 18.6}, "geometry": {"type": "LineString", "coordinates": [[32.7729, -2.2938], [32.7687, -2.2896], [32.7687, -2.2854], [32.7604, -2.2771], [32.7604, -2.2729]]}}, {"type": "Feature", "properties": {"order": 5, "discharge": 7.89}, "geometry": {"type": "LineString", "coordinates": [[34.7979, -2.2938], [34.7937, -2.2896], [34.7896, -2.2896], [34.7812, -2.2813], [34.7771, -2.2813], [34.7729, -2.2771], [34.7687, -2.2771], [34.7604, -2.2688], [34.7604, -2.2646], [34.7562, -2.2604]]}}, {"type": "Feature", "properties": {"order": 6, "discharge": 222.4}, "geometry": {"type": "LineString", "coordinates": [[30.8521, -2.2979], [30.8521, -2.2688], [30.8479, -2.2646]]}}, {"type": "Feature", "properties": {"order": 5, "discharge": 7.42}, "geometry": {"type": "LineString", "coordinates": [[34.8354, -2.3021], [34.8229, -2.3021], [34.8146, -2.2938], [34.8062, -2.2938], [34.8021, -2.2896], [34.7979, -2.2938]]}}, {"type": "Feature", "properties": {"order": 6, "discharge": 54.25}, "geometry": {"type": "LineString", "coordinates": [[38.0854, -2.2688], [38.0896, -2.2729], [38.0937, -2.2729], [38.1062, -2.2854], [38.1104, -2.2854], [38.1104, -2.2979], [38.1187, -2.3063], [38.1187, -2.3104]]}}, {"type": "Feature", "properties": {"order": 6, "discharge": 222.64}, "geometry": {"type": "LineString", "coordinates": [[30.8521, -2.3146], [30.8521, -2.2979]]}}, {"type": "Feature", "properties": {"order": 5, "discharge": 25.28}, "geometry": {"type": "LineString", "coordinates": [[33.5104, -2.2854], [33.5062, -2.2854], [33.5021, -2.2896], [33.4937, -2.2896], [33.4896, -2.2938], [33.4854, -2.2938], [33.4812, -2.2979], [33.4729, -2.2979], [33.4687, -2.3021], [33.4604, -2.3021], [33.4562, -2.3063], [33.4521, -2.3063], [33.4479, -2.3104], [33.4312, -2.3104], [33.4271, -2.3146]]}}, {"type": "Feature", "properties": {"order": 6, "discharge": 18.48}, "geometry": {"type": "LineString", "coordinates": [[32.7937, -2.3229], [32.7854, -2.3146], [32.7854, -2.3104], [32.7771, -2.3021], [32.7771, -2.2979], [32.7729, -2.2938]]}}, {"type": "Feature", "properties": {"order": 6, "discharge": 40.38}, "geometry": {"type": "LineString", "coordinates": [[33.1437, -2.3229], [33.1396, -2.3229], [33.1354, -2.3188], [33.1312, -2.3188], [33.1271, -2.3146], [33.1229, -2.3146], [33.1187, -2.3104], [33.1146, -2.3104], [33.1104, -2.3063], [33.1062, -2.3063], [33.1021, -2.3021], [33.0979, -2.3021], [33.0937, -2.2979], [33.0896, -2.2979], [33.0812, -2.2896]]}}, {"type": "Feature", "properties": {"order": 5, "discharge": 24.95}, "geometry": {"type": "LineString", "coordinates": [[33.4271, -2.3146], [33.4104, -2.3146], [33.4062, -2.3188], [33.3896, -2.3188], [33.3854, -2.3229], [33.3771, -2.3229]]}}, {"type": "Feature", "properties": {"order": 6, "discharge": 41.29}, "geometry": {"type": "LineString", "coordinates": [[33.1521, -2.3271], [33.1479, -2.3271], [33.1437, -2.3229]]}}, {"type": "Feature", "properties": {"order": 5, "discharge": 24.89}, "geometry": {"type": "LineString", "coordinates": [[33.3771, -2.3229], [33.3687, -2.3229], [33.3646, -2.3271]]}}, {"type": "Feature", "properties": {"order": 6, "discharge": 54.64}, "geometry": {"type": "LineString", "coordinates": [[38.1187, -2.3104], [38.1187, -2.3146], [38.1312, -2.3271]]}}, {"type": "Feature", "properties": {"order": 5, "discharge": 118.75}, "geometry": {"type": "LineString", "coordinates": [[30.3646, -2.3313], [30.3646, -2.3271], [30.3729, -2.3188], [30.3729, -2.3146], [30.3812, -2.3063], [30.4021, -2.3063], [30.4062, -2.3104]]}}, {"type": "Feature", "properties": {"order": 5, "discharge": 119.06}, "geometry": {"type": "LineString", "coordinates": [[30.4062, -2.3104], [30.4104, -2.3146], [30.4146, -2.3146], [30.4146, -2.3188], [30.4271, -2.3313], [30.4354, -2.3313], [30.4479, -2.3188], [30.4562, -2.3188], [30.4604, -2.3229]]}}, {"type": "Feature", "properties": {"order": 5, "discharge": 24.72}, "geometry": {"type": "LineString", "coordinates": [[33.3646, -2.3271], [33.3521, -2.3271], [33.3479, -2.3313], [33.3396, -2.3313]]}}, {"type": "Feature", "properties": {"order": 5, "discharge": 112.44}, "geometry": {"type": "LineString", "coordinates": [[30.3312, -2.2813], [30.3437, -2.2938], [30.3437, -2.2979], [30.3479, -2.3021], [30.3479, -2.3104], [30.3521, -2.3146], [30.3521, -2.3313], [30.3562, -2.3354], [30.3604, -2.3354], [30.3646, -2.3313]]}}, {"type": "Feature", "properties": {"order": 5, "discharge": 25.57}, "geometry": {"type": "LineString", "coordinates": [[33.3396, -2.3313], [33.3229, -2.3313], [33.3187, -2.3354]]}}, {"type": "Feature", "properties": {"order": 6, "discharge": 41.3}, "geometry": {"type": "LineString", "coordinates": [[33.1729, -2.3396], [33.1687, -2.3354], [33.1646, -2.3354], [33.1604, -2.3313], [33.1562, -2.3313], [33.1521, -2.3271]]}}, {"type": "Feature", "properties": {"order": 6, "discharge": 56.83}, "geometry": {"type": "LineString", "coordinates": [[38.1312, -2.3271], [38.1354, -2.3271], [38.1396, -2.3229], [38.1479, -2.3229], [38.1604, -2.3354], [38.1687, -2.3354], [38.1729, -2.3396]]}}, {"type": "Feature", "properties": {"order": 6, "discharge": 222.73}, "geometry": {"type": "LineString", "coordinates": [[30.8312, -2.3438], [30.8354, -2.3396], [30.8354, -2.3354], [30.8479, -2.3229], [30.8479, -2.3188], [30.8521, -2.3146]]}}, {"type": "Feature", "properties": {"order": 6, "discharge": 38.65}, "geometry": {"type": "LineString", "coordinates": [[33.1854, -2.3438], [33.1812, -2.3438], [33.1771, -2.3396], [33.1729, -2.3396]]}}, {"type": "Feature", "properties": {"order": 5, "discharge": 24.51}, "geometry": {"type": "LineString", "coordinates": [[33.3187, -2.3354], [33.2687, -2.3354], [33.2646, -2.3396], [33.2146, -2.3396], [33.2104, -2.3438], [33.1854, -2.3438]]}}, {"type": "Feature", "properties": {"order": 5, "discharge": 22.09}, "geometry": {"type": "LineString", "coordinates": [[36.0146, -2.2813], [36.0146, -2.2854], [36.0187, -2.2896], [36.0187, -2.3021], [36.0229, -2.3063], [36.0229, -2.3104], [36.0271, -2.3146], [36.0271, -2.3188], [36.0354, -2.3271], [36.0354, -2.3313], [36.0396, -2.3354], [36.0396, -2.3396], [36.0437, -2.3438]]}}, {"type": "Feature", "properties": {"order": 6, "discharge": 241.14}, "geometry": {"type": "LineString", "coordinates": [[40.1271, -2.2813], [40.1354, -2.2896], [40.1354, -2.2938], [40.1396, -2.2979], [40.1437, -2.2979], [40.1479, -2.3021], [40.1479, -2.3063], [40.1521, -2.3104], [40.1521, -2.3146], [40.1562, -2.3188], [40.1604, -2.3188], [40.1646, -2.3229], [40.1521, -2.3354], [40.1437, -2.3354], [40.1354, -2.3438], [40.1396, -2.3479]]}}, {"type": "Feature", "properties": {"order": 6, "discharge": 18.58}, "geometry": {"type": "LineString", "coordinates": [[32.8062, -2.3521], [32.8062, -2.3479], [32.8021, -2.3438], [32.8021, -2.3396], [32.7979, -2.3354], [32.7979, -2.3313], [32.7937, -2.3271], [32.7937, -2.3229]]}}, {"type": "Feature", "properties": {"order": 6, "discharge": 56.96}, "geometry": {"type": "LineString", "coordinates": [[38.1729, -2.3396], [38.1854, -2.3396], [38.2021, -2.3563]]}}, {"type": "Feature", "properties": {"order": 5, "discharge": 122.59}, "geometry": {"type": "LineString", "coordinates": [[30.7187, -2.3563], [30.7229, -2.3563], [30.7271, -2.3604], [30.7312, -2.3604]]}}, {"type": "Feature", "properties": {"order": 5, "discharge": 22.6}, "geometry": {"type": "LineString", "coordinates": [[36.0437, -2.3438], [36.0437, -2.3479], [36.0479, -2.3521], [36.0479, -2.3604]]}}, {"type": "Feature", "properties": {"order": 6, "discharge": 57.88}, "geometry": {"type": "LineString", "coordinates": [[38.2021, -2.3563], [38.2062, -2.3604], [38.2104, -2.3563]]}}, {"type": "Feature", "properties": {"order": 5, "discharge": 121.71}, "geometry": {"type": "LineString", "coordinates": [[30.4604, -2.3229], [30.4604, -2.3396], [30.4646, -2.3438], [30.4646, -2.3521], [30.4687, -2.3563], [30.4687, -2.3604], [30.4729, -2.3646]]}}, {"type": "Feature", "properties": {"order": 6, "discharge": 18.76}, "geometry": {"type": "LineString", "coordinates": [[32.8146, -2.3646], [32.8104, -2.3604], [32.8104, -2.3563], [32.8062, -2.3521]]}}, {"type": "Feature", "properties": {"order": 5, "discharge": 27.59}, "geometry": {"type": "LineString", "coordinates": [[36.0479, -2.3604], [36.0479, -2.3646]]}}, {"type": "Feature", "properties": {"order": 6, "discharge": 240.44}, "geometry": {"type": "LineString", "coordinates": [[40.1396, -2.3479], [40.1562, -2.3646]]}}, {"type": "Feature", "properties": {"order": 5, "discharge": 121.89}, "geometry": {"type": "LineString", "coordinates": [[30.4729, -2.3646], [30.4812, -2.3646], [30.4854, -2.3688]]}}, {"type": "Feature", "properties": {"order": 6, "discharge": 222.74}, "geometry": {"type": "LineString", "coordinates": [[30.7979, -2.3688], [30.8021, -2.3646], [30.8146, -2.3646], [30.8312, -2.3479], [30.8312, -2.3438]]}}, {"type": "Feature", "properties": {"order": 5, "discharge": 27.54}, "geometry": {"type": "LineString", "coordinates": [[36.0479, -2.3646], [36.0521, -2.3688], [36.0521, -2.3813]]}}, {"type": "Feature", "properties": {"order": 6, "discharge": 239.33}, "geometry": {"type": "LineString", "coordinates": [[40.1562, -2.3646], [40.1646, -2.3646], [40.1687, -2.3688], [40.1687, -2.3813]]}}, {"type": "Feature", "properties": {"order": 5, "discharge": 122.52}, "geometry": {"type": "LineString", "coordinates": [[30.7312, -2.3604], [30.7354, -2.3646], [30.7354, -2.3688], [30.7437, -2.3771], [30.7479, -2.3771], [30.7521, -2.3813], [30.7562, -2.3771], [30.7604, -2.3771], [30.7729, -2.3896], [30.7771, -2.3896]]}}, {"type": "Feature", "properties": {"order": 6, "discharge": 223.01}, "geometry": {"type": "LineString", "coordinates": [[30.7771, -2.3896], [30.7979, -2.3688]]}}, {"type": "Feature", "properties": {"order": 6, "discharge": 18.44}, "geometry": {"type": "LineString", "coordinates": [[32.8271, -2.3896], [32.8271, -2.3854], [32.8229, -2.3813], [32.8229, -2.3771], [32.8187, -2.3729], [32.8187, -2.3688], [32.8146, -2.3646]]}}, {"type": "Feature", "properties": {"order": 6, "discharge": 58.04}, "geometry": {"type": "LineString", "coordinates": [[38.2104, -2.3563], [38.2146, -2.3604], [38.2146, -2.3771], [38.2187, -2.3813], [38.2187, -2.3896], [38.2229, -2.3938], [38.2229, -2.3979]]}}, {"type": "Feature", "properties": {"order": 5, "discharge": 121.83}, "geometry": {"type": "LineString", "coordinates": [[30.4854, -2.3688], [30.5187, -2.4021]]}}, {"type": "Feature", "properties": {"order": 5, "discharge": 122.05}, "geometry": {"type": "LineString", "coordinates": [[30.5187, -2.4021], [30.5271, -2.4021]]}}, {"type": "Feature", "properties": {"order": 5, "discharge": 122.66}, "geometry": {"type": "LineString", "coordinates": [[30.6104, -2.4021], [30.6354, -2.4021]]}}, {"type": "Feature", "properties": {"order": 6, "discharge": 237.9}, "geometry": {"type": "LineString", "coordinates": [[40.1687, -2.3813], [40.1729, -2.3854], [40.1729, -2.3896], [40.1812, -2.3979], [40.1937, -2.3979], [40.1979, -2.4021]]}}, {"type": "Feature", "properties": {"order": 5, "discharge": 122.61}, "geometry": {"type": "LineString", "coordinates": [[30.6604, -2.4063], [30.6646, -2.4021], [30.6646, -2.3979], [30.6687, -2.3938], [30.6687, -2.3896], [30.6937, -2.3646], [30.6979, -2.3646], [30.7021, -2.3604], [30.7062, -2.3604], [30.7104, -2.3563], [30.7187, -2.3563]]}}, {"type": "Feature", "properties": {"order": 5, "discharge": 121.98}, "geometry": {"type": "LineString", "coordinates": [[30.5271, -2.4021], [30.5312, -2.4021], [30.5396, -2.4104], [30.5604, -2.4104]]}}, {"type": "Feature", "properties": {"order": 5, "discharge": 122.11}, "geometry": {"type": "LineString", "coordinates": [[30.5604, -2.4104], [30.5729, -2.4104]]}}, {"type": "Feature", "properties": {"order": 5, "discharge": 122.44}, "geometry": {"type": "LineString", "coordinates": [[30.5729, -2.4104], [30.5771, -2.4104]]}}, {"type": "Feature", "properties": {"order": 5, "discharge": 122.69}, "geometry": {"type": "LineString", "coordinates": [[30.5771, -2.4104], [30.5854, -2.4104], [30.5896, -2.4063], [30.5937, -2.4063], [30.5979, -2.4021], [30.6104, -2.4021]]}}, {"type": "Feature", "properties": {"order": 5, "discharge": 122.61}, "geometry": {"type": "LineString", "coordinates": [[30.6354, -2.4021], [30.6396, -2.4063], [30.6437, -2.4063], [30.6479, -2.4104], [30.6562, -2.4104], [30.6604, -2.4063]]}}, {"type": "Feature", "properties": {"order": 6, "discharge": 247.73}, "geometry": {"type": "LineString", "coordinates": [[40.1979, -2.4021], [40.2021, -2.4021], [40.2104, -2.4104]]}}, {"type": "Feature", "properties": {"order": 5, "discharge": 100.71}, "geometry": {"type": "LineString", "coordinates": [[30.7729, -2.4188], [30.7729, -2.4104], [30.7812, -2.4021], [30.7812, -2.3938], [30.7771, -2.3896]]}}, {"type": "Feature", "properties": {"order": 5, "discharge": 14.35}, "geometry": {"type": "LineString", "coordinates": [[33.3062, -2.4188], [33.3021, -2.4188], [33.2937, -2.4104], [33.2896, -2.4104], [33.2812, -2.4021], [33.2771, -2.4021], [33.2729, -2.3979], [33.2687, -2.3979], [33.2604, -2.3896], [33.2562, -2.3896], [33.2479, -2.3813], [33.2437, -2.3813], [33.2396, -2.3771], [33.2354, -2.3771], [33.2271, -2.3688], [33.2229, -2.3688], [33.2187, -2.3646], [33.2146, -2.3646], [33.2062, -2.3563], [33.2021, -2.3563], [33.1979, -2.3521], [33.1937, -2.3521], [33.1854, -2.3438]]}}, {"type": "Feature", "properties": {"order": 6, "discharge": 58.15}, "geometry": {"type": "LineString", "coordinates": [[38.2229, -2.3979], [38.2271, -2.4021], [38.2312, -2.4021], [38.2396, -2.4104], [38.2437, -2.4104], [38.2479, -2.4146], [38.2479, -2.4188]]}}, {"type": "Feature", "properties": {"order": 6, "discharge": 18.46}, "geometry": {"type": "LineString", "coordinates": [[32.8354, -2.4229], [32.8354, -2.4104], [32.8312, -2.4063], [32.8312, -2.3979], [32.8271, -2.3938], [32.8271, -2.3896]]}}, {"type": "Feature", "properties": {"order": 6, "discharge": 58.27}, "geometry": {"type": "LineString", "coordinates": [[38.2479, -2.4188], [38.2521, -2.4229], [38.2562, -2.4229]]}}, {"type": "Feature", "properties": {"order": 6, "discharge": 18.34}, "geometry": {"type": "LineString", "coordinates": [[32.8354, -2.4271], [32.8354, -2.4229]]}}, {"type": "Feature", "properties": {"order": 6, "discharge": 58.48}, "geometry": {"type": "LineString", "coordinates": [[38.2562, -2.4229], [38.2729, -2.4229], [38.2771, -2.4271]]}}, {"type": "Feature", "properties": {"order": 6, "discharge": 17.83}, "geometry": {"type": "LineString", "coordinates": [[32.8396, -2.4438], [32.8396, -2.4313], [32.8354, -2.4271]]}}, {"type": "Feature", "properties": {"order": 5, "discharge": 27.34}, "geometry": {"type": "LineString", "coordinates": [[36.0521, -2.3813], [36.0562, -2.3854], [36.0562, -2.4188], [36.0604, -2.4229], [36.0604, -2.4438]]}}, {"type": "Feature", "properties": {"order": 6, "discharge": 17.81}, "geometry": {"type": "LineString", "coordinates": [[32.8437, -2.4521], [32.8437, -2.4479], [32.8396, -2.4438]]}}, {"type": "Feature", "properties": {"order": 5, "discharge": 33.43}, "geometry": {"type": "LineString", "coordinates": [[36.0604, -2.4438], [36.0604, -2.4646]]}}, {"type": "Feature", "properties": {"order": 5, "discharge": 100.64}, "geometry": {"type": "LineString", "coordinates": [[30.7687, -2.4688], [30.7646, -2.4646], [30.7646, -2.4563], [30.7604, -2.4521], [30.7604, -2.4479], [30.7562, -2.4438], [30.7687, -2.4313], [30.7687, -2.4229], [30.7729, -2.4188]]}}, {"type": "Feature", "properties": {"order": 5, "discharge": 33.73}, "geometry": {"type": "LineString", "coordinates": [[36.0604, -2.4646], [36.0562, -2.4688], [36.0562, -2.4729]]}}, {"type": "Feature", "properties": {"order": 6, "discharge": 244.6}, "geometry": {"type": "LineString", "coordinates": [[40.2104, -2.4104], [40.2104, -2.4188], [40.2062, -2.4229], [40.2062, -2.4313], [40.1979, -2.4396], [40.1979, -2.4521], [40.2021, -2.4563], [40.2062, -2.4563], [40.2104, -2.4604], [40.2104, -2.4646], [40.2062, -2.4688], [40.2104, -2.4729]]}}, {"type": "Feature", "properties": {"order": 6, "discharge": 17.76}, "geometry": {"type": "LineString", "coordinates": [[32.8479, -2.4771], [32.8479, -2.4646], [32.8437, -2.4604], [32.8437, -2.4521]]}}, {"type": "Feature", "properties": {"order": 5, "discharge": 33.7}, "geometry": {"type": "LineString", "coordinates": [[36.0562, -2.4729], [36.0562, -2.4771], [36.0521, -2.4813], [36.0521, -2.4854]]}}, {"type": "Feature", "properties": {"order": 6, "discharge": 59.01}, "geometry": {"type": "LineString", "coordinates": [[38.2771, -2.4271], [38.2771, -2.4396], [38.2812, -2.4438], [38.2812, -2.4521], [38.2854, -2.4563], [38.2854, -2.4729], [38.2896, -2.4771], [38.2896, -2.4813], [38.2937, -2.4854]]}}, {"type": "Feature", "properties": {"order": 5, "discharge": 100.67}, "geometry": {"type": "LineString", "coordinates": [[30.7646, -2.4896], [30.7687, -2.4854], [30.7687, -2.4813], [30.7729, -2.4771], [30.7729, -2.4729], [30.7687, -2.4688]]}}, {"type": "Feature", "properties": {"order": 6, "discharge": 59.1}, "geometry": {"type": "LineString", "coordinates": [[38.2937, -2.4854], [38.2979, -2.4896]]}}, {"type": "Feature", "properties": {"order": 6, "discharge": 242.86}, "geometry": {"type": "LineString", "coordinates": [[40.2104, -2.4729], [40.2146, -2.4729], [40.2187, -2.4688], [40.2271, -2.4688], [40.2312, -2.4729], [40.2312, -2.4771], [40.2354, -2.4813], [40.2354, -2.4854], [40.2396, -2.4896]]}}, {"type": "Feature", "properties": {"order": 6, "discharge": 16.88}, "geometry": {"type": "LineString", "coordinates": [[32.8521, -2.4979], [32.8521, -2.4813], [32.8479, -2.4771]]}}, {"type": "Feature", "properties": {"order": 6, "discharge": 59.15}, "geometry": {"type": "LineString", "coordinates": [[38.2979, -2.4896], [38.2979, -2.4938], [38.3021, -2.4979]]}}, {"type": "Feature", "properties": {"order": 6, "discharge": 242.7}, "geometry": {"type": "LineString", "coordinates": [[40.4312, -2.4854], [40.4396, -2.4854], [40.4437, -2.4896], [40.4521, -2.4896], [40.4604, -2.4979], [40.4687, -2.4979]]}}, {"type": "Feature", "properties": {"order": 6, "discharge": 240.8}, "geometry": {"type": "LineString", "coordinates": [[40.2396, -2.4896], [40.2437, -2.4854], [40.2479, -2.4854], [40.2521, -2.4896], [40.2562, -2.4896], [40.2604, -2.4938], [40.2646, -2.4938], [40.2687, -2.4979], [40.2729, -2.4979], [40.2771, -2.5021], [40.2812, -2.4979], [40.2854, -2.4979], [40.2896, -2.5021]]}}, {"type": "Feature", "properties": {"order": 6, "discharge": 240.72}, "geometry": {"type": "LineString", "coordinates": [[40.2896, -2.5021], [40.2979, -2.5021]]}}, {"type": "Feature", "properties": {"order": 6, "discharge": 243.66}, "geometry": {"type": "LineString", "coordinates": [[40.3937, -2.4979], [40.4062, -2.4979], [40.4104, -2.5021], [40.4146, -2.5021], [40.4229, -2.4938], [40.4229, -2.4896], [40.4271, -2.4854], [40.4312, -2.4854]]}}, {"type": "Feature", "properties": {"order": 5, "discharge": 100.59}, "geometry": {"type": "LineString", "coordinates": [[30.7521, -2.5063], [30.7562, -2.5063], [30.7646, -2.4979], [30.7646, -2.4896]]}}, {"type": "Feature", "properties": {"order": 5, "discharge": 12.97}, "geometry": {"type": "LineString", "coordinates": [[33.3979, -2.5104], [33.3979, -2.5063], [33.3437, -2.4521], [33.3396, -2.4521], [33.3062, -2.4188]]}}, {"type": "Feature", "properties": {"order": 6, "discharge": 240.7}, "geometry": {"type": "LineString", "coordinates": [[40.2979, -2.5021], [40.3062, -2.5104], [40.3187, -2.5104]]}}, {"type": "Feature", "properties": {"order": 6, "discharge": 239.97}, "geometry": {"type": "LineString", "coordinates": [[40.3187, -2.5104], [40.3229, -2.5146], [40.3312, -2.5146], [40.3354, -2.5188], [40.3479, -2.5188], [40.3521, -2.5146], [40.3562, -2.5146], [40.3604, -2.5104], [40.3646, -2.5104], [40.3687, -2.5063], [40.3729, -2.5104], [40.3771, -2.5104], [40.3812, -2.5063], [40.3854, -2.5063], [40.3937, -2.4979]]}}, {"type": "Feature", "properties": {"order": 5, "discharge": 100.61}, "geometry": {"type": "LineString", "coordinates": [[30.7229, -2.5229], [30.7312, -2.5146], [30.7354, -2.5146], [30.7437, -2.5063], [30.7521, -2.5063]]}}, {"type": "Feature", "properties": {"order": 6, "discharge": 16.86}, "geometry": {"type": "LineString", "coordinates": [[32.8562, -2.5229], [32.8562, -2.5104], [32.8521, -2.5063], [32.8521, -2.4979]]}}, {"type": "Feature", "properties": {"order": 5, "discharge": 13.14}, "geometry": {"type": "LineString", "coordinates": [[33.4062, -2.5229], [33.4021, -2.5188], [33.4021, -2.5146], [33.3979, -2.5104]]}}, {"type": "Feature", "properties": {"order": 6, "discharge": 241.94}, "geometry": {"type": "LineString", "coordinates": [[40.4687, -2.4979], [40.4771, -2.5063], [40.4771, -2.5104], [40.4687, -2.5188], [40.4771, -2.5271], [40.4854, -2.5188], [40.4896, -2.5188], [40.4937, -2.5146], [40.4979, -2.5146], [40.5021, -2.5188], [40.5104, -2.5188]]}}, {"type": "Feature", "properties": {"order": 6, "discharge": 242.08}, "geometry": {"type": "LineString", "coordinates": [[40.5104, -2.5188], [40.5187, -2.5271], [40.5187, -2.5313]]}}, {"type": "Feature", "properties": {"order": 5, "discharge": 32.69}, "geometry": {"type": "LineString", "coordinates": [[36.0521, -2.4854], [36.0479, -2.4896], [36.0479, -2.4938], [36.0437, -2.4979], [36.0437, -2.5021], [36.0396, -2.5063], [36.0396, -2.5104], [36.0354, -2.5146], [36.0354, -2.5188], [36.0312, -2.5229], [36.0312, -2.5271], [36.0271, -2.5313], [36.0271, -2.5354]]}}, {"type": "Feature", "properties": {"order": 5, "discharge": 100.6}, "geometry": {"type": "LineString", "coordinates": [[30.7229, -2.5438], [30.7229, -2.5229]]}}, {"type": "Feature", "properties": {"order": 6, "discharge": 16.74}, "geometry": {"type": "LineString", "coordinates": [[32.8562, -2.5479], [32.8562, -2.5229]]}}, {"type": "Feature", "properties": {"order": 5, "discharge": 12.87}, "geometry": {"type": "LineString", "coordinates": [[33.4021, -2.5479], [33.4021, -2.5396], [33.4062, -2.5354], [33.4062, -2.5229]]}}, {"type": "Feature", "properties": {"order": 5, "discharge": 32.35}, "geometry": {"type": "LineString", "coordinates": [[36.0271, -2.5354], [36.0146, -2.5479]]}}, {"type": "Feature", "properties": {"order": 6, "discharge": 59.65}, "geometry": {"type": "LineString", "coordinates": [[38.3021, -2.4979], [38.3062, -2.5021], [38.3104, -2.5021], [38.3146, -2.5063], [38.3146, -2.5146], [38.3187, -2.5188], [38.3187, -2.5354], [38.3229, -2.5396], [38.3229, -2.5479]]}}, {"type": "Feature", "properties": {"order": 5, "discharge": 31.02}, "geometry": {"type": "LineString", "coordinates": [[36.0146, -2.5479], [36.0062, -2.5479], [36.0021, -2.5521], [35.9729, -2.5521]]}}, {"type": "Feature", "properties": {"order": 5, "discharge": 100.63}, "geometry": {"type": "LineString", "coordinates": [[30.6979, -2.5646], [30.6979, -2.5604], [30.7062, -2.5521], [30.7104, -2.5521], [30.7146, -2.5479], [30.7187, -2.5479], [30.7229, -2.5438]]}}, {"type": "Feature", "properties": {"order": 5, "discharge": 12.85}, "geometry": {"type": "LineString", "coordinates": [[33.4312, -2.5646], [33.4312, -2.5604], [33.4271, -2.5563], [33.4229, -2.5563], [33.4187, -2.5521], [33.4062, -2.5521], [33.4021, -2.5479]]}}, {"type": "Feature", "properties": {"order": 6, "discharge": 59.83}, "geometry": {"type": "LineString", "coordinates": [[38.3229, -2.5479], [38.3271, -2.5521], [38.3354, -2.5521], [38.3396, -2.5563], [38.3396, -2.5604], [38.3354, -2.5646]]}}, {"type": "Feature", "properties": {"order": 5, "discharge": 96.58}, "geometry": {"type": "LineString", "coordinates": [[30.6729, -2.5729], [30.6771, -2.5688], [30.6812, -2.5729], [30.6854, -2.5729]]}}, {"type": "Feature", "properties": {"order": 5, "discharge": 100.77}, "geometry": {"type": "LineString", "coordinates": [[30.6854, -2.5729], [30.6896, -2.5729], [30.6979, -2.5646]]}}, {"type": "Feature", "properties": {"order": 5, "discharge": 12.74}, "geometry": {"type": "LineString", "coordinates": [[33.4604, -2.5813], [33.4562, -2.5813], [33.4521, -2.5771], [33.4479, -2.5771], [33.4437, -2.5813], [33.4354, -2.5729], [33.4354, -2.5688], [33.4312, -2.5646]]}}, {"type": "Feature", "properties": {"order": 5, "discharge": 12.67}, "geometry": {"type": "LineString", "coordinates": [[33.4646, -2.5854], [33.4604, -2.5813]]}}, {"type": "Feature", "properties": {"order": 5, "discharge": 96.55}, "geometry": {"type": "LineString", "coordinates": [[30.6271, -2.5896], [30.6312, -2.5854], [30.6354, -2.5854], [30.6396, -2.5896], [30.6479, -2.5813], [30.6687, -2.5813], [30.6729, -2.5771], [30.6729, -2.5729]]}}, {"type": "Feature", "properties": {"order": 6, "discharge": 16.8}, "geometry": {"type": "LineString", "coordinates": [[32.8521, -2.5896], [32.8521, -2.5854], [32.8562, -2.5813], [32.8562, -2.5479]]}}, {"type": "Feature", "properties": {"order": 5, "discharge": 12.01}, "geometry": {"type": "LineString", "coordinates": [[33.5062, -2.5979], [33.5021, -2.5979], [33.4979, -2.5938], [33.4896, -2.5938], [33.4854, -2.5896], [33.4812, -2.5896], [33.4771, -2.5854], [33.4646, -2.5854]]}}, {"type": "Feature", "properties": {"order": 6, "discharge": 59.84}, "geometry": {"type": "LineString", "coordinates": [[38.3354, -2.5646], [38.3354, -2.5771], [38.3396, -2.5813], [38.3396, -2.5854], [38.3479, -2.5938], [38.3479, -2.5979]]}}, {"type": "Feature", "properties": {"order": 6, "discharge": 16.97}, "geometry": {"type": "LineString", "coordinates": [[32.8479, -2.6188], [32.8479, -2.6146], [32.8521, -2.6104], [32.8521, -2.5896]]}}, {"type": "Feature", "properties": {"order": 5, "discharge": 19.13}, "geometry": {"type": "LineString", "coordinates": [[37.1354, -2.6188], [37.1437, -2.6104], [37.1479, -2.6104]]}}, {"type": "Feature", "properties": {"order": 5, "discharge": 96.75}, "geometry": {"type": "LineString", "coordinates": [[30.5729, -2.6188], [30.5937, -2.6188], [30.5979, -2.6229], [30.6104, -2.6104], [30.6187, -2.6104], [30.6229, -2.6063], [30.6229, -2.5979], [30.6271, -2.5938], [30.6271, -2.5896]]}}, {"type": "Feature", "properties": {"order": 5, "discharge": 19.57}, "geometry": {"type": "LineString", "coordinates": [[37.1271, -2.6271], [37.1354, -2.6188]]}}, {"type": "Feature", "properties": {"order": 5, "discharge": 97.04}, "geometry": {"type": "LineString", "coordinates": [[30.5562, -2.6313], [30.5646, -2.6229], [30.5687, -2.6229], [30.5729, -2.6188]]}}, {"type": "Feature", "properties": {"order": 6, "discharge": 61.77}, "geometry": {"type": "LineString", "coordinates": [[38.3479, -2.5979], [38.3521, -2.6021], [38.3521, -2.6104], [38.3562, -2.6146], [38.3562, -2.6229], [38.3604, -2.6271], [38.3604, -2.6313]]}}, {"type": "Feature", "properties": {"order": 5, "discharge": 97.01}, "geometry": {"type": "LineString", "coordinates": [[30.5521, -2.6354], [30.5562, -2.6313]]}}, {"type": "Feature", "properties": {"order": 6, "discharge": 17.09}, "geometry": {"type": "LineString", "coordinates": [[32.8521, -2.6438], [32.8521, -2.6229], [32.8479, -2.6188]]}}, {"type": "Feature", "properties": {"order": 5, "discharge": 19.68}, "geometry": {"type": "LineString", "coordinates": [[37.0979, -2.6521], [37.1021, -2.6479], [37.1062, -2.6479], [37.1271, -2.6271]]}}, {"type": "Feature", "properties": {"order": 6, "discharge": 61.84}, "geometry": {"type": "LineString", "coordinates": [[38.3604, -2.6313], [38.3604, -2.6354], [38.3687, -2.6438], [38.3687, -2.6521]]}}, {"type": "Feature", "properties": {"order": 5, "discharge": 95.89}, "geometry": {"type": "LineString", "coordinates": [[30.5312, -2.6563], [30.5521, -2.6354]]}}, {"type": "Feature", "properties": {"order": 5, "discharge": 20.12}, "geometry": {"type": "LineString", "coordinates": [[37.0812, -2.6688], [37.0979, -2.6521]]}}, {"type": "Feature", "properties": {"order": 6, "discharge": 61.85}, "geometry": {"type": "LineString", "coordinates": [[38.3687, -2.6521], [38.3812, -2.6646], [38.3812, -2.6729]]}}, {"type": "Feature", "properties": {"order": 5, "discharge": 93.07}, "geometry": {"type": "LineString", "coordinates": [[30.5187, -2.6896], [30.5229, -2.6854], [30.5229, -2.6729], [30.5271, -2.6688], [30.5271, -2.6604], [30.5312, -2.6563]]}}, {"type": "Feature", "properties": {"order": 5, "discharge": 18.86}, "geometry": {"type": "LineString", "coordinates": [[37.0479, -2.6896], [37.0562, -2.6813], [37.0604, -2.6813], [37.0646, -2.6771], [37.0687, -2.6771], [37.0771, -2.6688], [37.0812, -2.6688]]}}, {"type": "Feature", "properties": {"order": 6, "discharge": 15.7}, "geometry": {"type": "LineString", "coordinates": [[32.8729, -2.6938], [32.8687, -2.6896], [32.8687, -2.6854], [32.8646, -2.6813], [32.8646, -2.6771], [32.8604, -2.6729], [32.8604, -2.6646], [32.8562, -2.6604], [32.8562, -2.6479], [32.8521, -2.6438]]}}, {"type": "Feature", "properties": {"order": 6, "discharge": 15.91}, "geometry": {"type": "LineString", "coordinates": [[32.8729, -2.7063], [32.8729, -2.6938]]}}, {"type": "Feature", "properties": {"order": 5, "discharge": 18.83}, "geometry": {"type": "LineString", "coordinates": [[37.0104, -2.7063], [37.0271, -2.7063], [37.0396, -2.6938], [37.0437, -2.6938], [37.0479, -2.6896]]}}, {"type": "Feature", "properties": {"order": 6, "discharge": 63.45}, "geometry": {"type": "LineString", "coordinates": [[38.3812, -2.6729], [38.3854, -2.6771], [38.3854, -2.6813], [38.3896, -2.6854], [38.3896, -2.6938], [38.3937, -2.6979], [38.3937, -2.7021], [38.3979, -2.7063], [38.3979, -2.7146]]}}, {"type": "Feature", "properties": {"order": 6, "discharge": 63.51}, "geometry": {"type": "LineString", "coordinates": [[38.3979, -2.7146], [38.4021, -2.7188], [38.4021, -2.7229]]}}, {"type": "Feature", "properties": {"order": 6, "discharge": 15.75}, "geometry": {"type": "LineString", "coordinates": [[32.8854, -2.7313], [32.8812, -2.7271], [32.8812, -2.7229], [32.8771, -2.7188], [32.8771, -2.7104], [32.8729, -2.7063]]}}, {"type": "Feature", "properties": {"order": 5, "discharge": 18.15}, "geometry": {"type": "LineString", "coordinates": [[36.9729, -2.7396], [36.9812, -2.7313], [36.9896, -2.7313], [37.0062, -2.7146], [37.0062, -2.7104], [37.0104, -2.7063]]}}, {"type": "Feature", "properties": {"order": 5, "discharge": 92.92}, "geometry": {"type": "LineString", "coordinates": [[30.4437, -2.7438], [30.4521, -2.7438]]}}, {"type": "Feature", "properties": {"order": 5, "discharge": 93.18}, "geometry": {"type": "LineString", "coordinates": [[30.4521, -2.7438], [30.4646, -2.7313], [30.4646, -2.7229], [30.4687, -2.7188], [30.4729, -2.7188], [30.4771, -2.7146], [30.4812, -2.7188], [30.4854, -2.7188], [30.4937, -2.7104], [30.4979, -2.7104], [30.5021, -2.7063], [30.5021, -2.7021], [30.5104, -2.6938], [30.5146, -2.6938], [30.5187, -2.6896]]}}, {"type": "Feature", "properties": {"order": 6, "discharge": 15.83}, "geometry": {"type": "LineString", "coordinates": [[32.8896, -2.7521], [32.8896, -2.7479], [32.8854, -2.7438], [32.8854, -2.7313]]}}, {"type": "Feature", "properties": {"order": 5, "discharge": 17.92}, "geometry": {"type": "LineString", "coordinates": [[36.9521, -2.7563], [36.9687, -2.7396], [36.9729, -2.7396]]}}, {"type": "Feature", "properties": {"order": 6, "discharge": 15.93}, "geometry": {"type": "LineString", "coordinates": [[32.8937, -2.7688], [32.8937, -2.7604], [32.8896, -2.7563], [32.8896, -2.7521]]}}, {"type": "Feature", "properties": {"order": 5, "discharge": 16.58}, "geometry": {"type": "LineString", "coordinates": [[36.9271, -2.7771], [36.9437, -2.7604], [36.9479, -2.7604], [36.9521, -2.7563]]}}, {"type": "Feature", "properties": {"order": 5, "discharge": 16.3}, "geometry": {"type": "LineString", "coordinates": [[36.9271, -2.7979], [36.9271, -2.7771]]}}, {"type": "Feature", "properties": {"order": 5, "discharge": 5.68}, "geometry": {"type": "LineString", "coordinates": [[32.9229, -2.8063], [32.9229, -2.7938], [32.9187, -2.7896], [32.9187, -2.7854], [32.9104, -2.7771], [32.9062, -2.7771], [32.9021, -2.7729], [32.8979, -2.7729], [32.8937, -2.7688]]}}, {"type": "Feature", "properties": {"order": 5, "discharge": 16.18}, "geometry": {"type": "LineString", "coordinates": [[36.9187, -2.8063], [36.9271, -2.7979]]}}, {"type": "Feature", "properties": {"order": 6, "discharge": 63.69}, "geometry": {"type": "LineString", "coordinates": [[38.4021, -2.7229], [38.4062, -2.7271], [38.4062, -2.7313], [38.4104, -2.7354], [38.4104, -2.7438], [38.4146, -2.7479], [38.4146, -2.7521], [38.4187, -2.7563], [38.4187, -2.7604], [38.4229, -2.7646], [38.4229, -2.7688], [38.4312, -2.7771], [38.4271, -2.7813], [38.4312, -2.7854], [38.4312, -2.7938], [38.4271, -2.7938], [38.4229, -2.7979], [38.4229, -2.8104], [38.4187, -2.8146]]}}, {"type": "Feature", "properties": {"order": 5, "discharge": 92.57}, "geometry": {"type": "LineString", "coordinates": [[30.4229, -2.8188], [30.4271, -2.8146], [30.4271, -2.8104], [30.4354, -2.8021], [30.4354, -2.7979], [30.4396, -2.7938], [30.4396, -2.7854], [30.4437, -2.7813], [30.4437, -2.7646], [30.4354, -2.7563], [30.4396, -2.7521], [30.4396, -2.7479], [30.4437, -2.7438]]}}, {"type": "Feature", "properties": {"order": 5, "discharge": 10.36}, "geometry": {"type": "LineString", "coordinates": [[32.8729, -2.8229], [32.8771, -2.8229], [32.8896, -2.8104], [32.8896, -2.8021], [32.8937, -2.7979], [32.8937, -2.7688]]}}, {"type": "Feature", "properties": {"order": 5, "discharge": 5.3}, "geometry": {"type": "LineString", "coordinates": [[32.9271, -2.8271], [32.9271, -2.8188], [32.9229, -2.8146], [32.9229, -2.8063]]}}, {"type": "Feature", "properties": {"order": 5, "discharge": 92.24}, "geometry": {"type": "LineString", "coordinates": [[30.4187, -2.8313], [30.4229, -2.8271], [30.4229, -2.8188]]}}, {"type": "Feature", "properties": {"order": 5, "discharge": 10.52}, "geometry": {"type": "LineString", "coordinates": [[32.8562, -2.8354], [32.8604, -2.8313], [32.8646, -2.8313], [32.8729, -2.8229]]}}, {"type": "Feature", "properties": {"order": 6, "discharge": 64.81}, "geometry": {"type": "LineString", "coordinates": [[38.4187, -2.8146], [38.4271, -2.8229], [38.4271, -2.8313], [38.4312, -2.8354]]}}, {"type": "Feature", "properties": {"order": 5, "discharge": 10.57}, "geometry": {"type": "LineString", "coordinates": [[32.8479, -2.8396], [32.8521, -2.8354], [32.8562, -2.8354]]}}, {"type": "Feature", "properties": {"order": 5, "discharge": 5.27}, "geometry": {"type": "LineString", "coordinates": [[32.9479, -2.8396], [32.9437, -2.8396], [32.9396, -2.8354], [32.9354, -2.8354], [32.9271, -2.8271]]}}, {"type": "Feature", "properties": {"order": 5, "discharge": 5.25}, "geometry": {"type": "LineString", "coordinates": [[32.9562, -2.8438], [32.9521, -2.8438], [32.9479, -2.8396]]}}, {"type": "Feature", "properties": {"order": 6, "discharge": 64.84}, "geometry": {"type": "LineString", "coordinates": [[38.4312, -2.8354], [38.4312, -2.8438]]}}, {"type": "Feature", "properties": {"order": 5, "discharge": 15.54}, "geometry": {"type": "LineString", "coordinates": [[36.8979, -2.8563], [36.9104, -2.8438], [36.9104, -2.8396], [36.9146, -2.8354], [36.9146, -2.8313], [36.9229, -2.8229], [36.9146, -2.8146], [36.9146, -2.8104], [36.9187, -2.8063]]}}, {"type": "Feature", "properties": {"order": 5, "discharge": 92.04}, "geometry": {"type": "LineString", "coordinates": [[30.4146, -2.8604], [30.4146, -2.8438], [30.4187, -2.8396], [30.4187, -2.8313]]}}, {"type": "Feature", "properties": {"order": 5, "discharge": 10.56}, "geometry": {"type": "LineString", "coordinates": [[32.8271, -2.8604], [32.8479, -2.8396]]}}, {"type": "Feature", "properties": {"order": 5, "discharge": 5.21}, "geometry": {"type": "LineString", "coordinates": [[32.9979, -2.8604], [32.9771, -2.8604], [32.9729, -2.8563], [32.9687, -2.8563], [32.9562, -2.8438]]}}, {"type": "Feature", "properties": {"order": 5, "discharge": 5.07}, "geometry": {"type": "LineString", "coordinates": [[33.0146, -2.8604], [32.9979, -2.8604]]}}, {"type": "Feature", "properties": {"order": 6, "discharge": 64.88}, "geometry": {"type": "LineString", "coordinates": [[38.4312, -2.8438], [38.4312, -2.8521], [38.4396, -2.8604], [38.4396, -2.8646]]}}, {"type": "Feature", "properties": {"order": 5, "discharge": 90.2}, "geometry": {"type": "LineString", "coordinates": [[30.4354, -2.8771], [30.4271, -2.8688], [30.4229, -2.8729], [30.4187, -2.8729], [30.4146, -2.8688], [30.4146, -2.8604]]}}, {"type": "Feature", "properties": {"order": 6, "discharge": 65.28}, "geometry": {"type": "LineString", "coordinates": [[38.4396, -2.8646], [38.4479, -2.8729], [38.4479, -2.8771]]}}, {"type": "Feature", "properties": {"order": 5, "discharge": 8.55}, "geometry": {"type": "LineString", "coordinates": [[32.8229, -2.8854], [32.8229, -2.8729], [32.8271, -2.8688], [32.8271, -2.8604]]}}, {"type": "Feature", "properties": {"order": 5, "discharge": 4.98}, "geometry": {"type": "LineString", "coordinates": [[33.0562, -2.8854], [33.0521, -2.8813], [33.0479, -2.8813], [33.0437, -2.8771], [33.0354, -2.8771], [33.0187, -2.8604], [33.0146, -2.8604]]}}, {"type": "Feature", "properties": {"order": 5, "discharge": 8.47}, "geometry": {"type": "LineString", "coordinates": [[32.8187, -2.8938], [32.8187, -2.8896], [32.8229, -2.8854]]}}, {"type": "Feature", "properties": {"order": 6, "discharge": 65.28}, "geometry": {"type": "LineString", "coordinates": [[38.4479, -2.8771], [38.4562, -2.8854], [38.4562, -2.8979]]}}, {"type": "Feature", "properties": {"order": 5, "discharge": 90.05}, "geometry": {"type": "LineString", "coordinates": [[30.4396, -2.9021], [30.4396, -2.8979], [30.4354, -2.8938], [30.4354, -2.8771]]}}, {"type": "Feature", "properties": {"order": 5, "discharge": 4.9}, "geometry": {"type": "LineString", "coordinates": [[33.0687, -2.9104], [33.0687, -2.9063], [33.0646, -2.9021], [33.0646, -2.8938], [33.0562, -2.8854]]}}, {"type": "Feature", "properties": {"order": 5, "discharge": 89.93}, "geometry": {"type": "LineString", "coordinates": [[30.4604, -2.9146], [30.4562, -2.9146], [30.4521, -2.9104], [30.4479, -2.9104], [30.4396, -2.9021]]}}, {"type": "Feature", "properties": {"order": 5, "discharge": 89.24}, "geometry": {"type": "LineString", "coordinates": [[30.4687, -2.9229], [30.4604, -2.9146]]}}, {"type": "Feature", "properties": {"order": 5, "discharge": 4.69}, "geometry": {"type": "LineString", "coordinates": [[33.0812, -2.9229], [33.0687, -2.9104]]}}, {"type": "Feature", "properties": {"order": 5, "discharge": 4.65}, "geometry": {"type": "LineString", "coordinates": [[33.0854, -2.9229], [33.0812, -2.9229]]}}, {"type": "Feature", "properties": {"order": 6, "discharge": 65.28}, "geometry": {"type": "LineString", "coordinates": [[38.4562, -2.8979], [38.4687, -2.9104], [38.4687, -2.9188], [38.4729, -2.9229]]}}, {"type": "Feature", "properties": {"order": 5, "discharge": 4.63}, "geometry": {"type": "LineString", "coordinates": [[33.0937, -2.9271], [33.0896, -2.9229], [33.0854, -2.9229]]}}, {"type": "Feature", "properties": {"order": 5, "discharge": 8.48}, "geometry": {"type": "LineString", "coordinates": [[32.8062, -2.9313], [32.8062, -2.9271], [32.8104, -2.9229], [32.8104, -2.9146], [32.8146, -2.9104], [32.8146, -2.9063], [32.8187, -2.9021], [32.8187, -2.8938]]}}, {"type": "Feature", "properties": {"order": 5, "discharge": 8.57}, "geometry": {"type": "LineString", "coordinates": [[32.8021, -2.9354], [32.8062, -2.9313]]}}, {"type": "Feature", "properties": {"order": 5, "discharge": 4.34}, "geometry": {"type": "LineString", "coordinates": [[33.1021, -2.9354], [33.0937, -2.9271]]}}, {"type": "Feature", "properties": {"order": 5, "discharge": 89.07}, "geometry": {"type": "LineString", "coordinates": [[30.4812, -2.9479], [30.4812, -2.9354], [30.4687, -2.9229]]}}, {"type": "Feature", "properties": {"order": 5, "discharge": 8.51}, "geometry": {"type": "LineString", "coordinates": [[32.7979, -2.9521], [32.7979, -2.9479], [32.8021, -2.9438], [32.8021, -2.9354]]}}, {"type": "Feature", "properties": {"order": 5, "discharge": 8.51}, "geometry": {"type": "LineString", "coordinates": [[32.7896, -2.9729], [32.7896, -2.9688], [32.7937, -2.9646], [32.7937, -2.9563], [32.7979, -2.9521]]}}, {"type": "Feature", "properties": {"order": 6, "discharge": 65.13}, "geometry": {"type": "LineString", "coordinates": [[38.4729, -2.9229], [38.4729, -2.9271], [38.4771, -2.9313], [38.4771, -2.9354], [38.4812, -2.9396], [38.4854, -2.9396], [38.4896, -2.9438], [38.4896, -2.9479], [38.5021, -2.9604], [38.5021, -2.9646], [38.5062, -2.9688], [38.5104, -2.9688], [38.5187, -2.9771]]}}, {"type": "Feature", "properties": {"order": 5, "discharge": 26.73}, "geometry": {"type": "LineString", "coordinates": [[38.5021, -2.9854], [38.5104, -2.9854], [38.5187, -2.9771]]}}, {"type": "Feature", "properties": {"order": 5, "discharge": 87.35}, "geometry": {"type": "LineString", "coordinates": [[30.4604, -2.9896], [30.4687, -2.9813], [30.4687, -2.9688], [30.4771, -2.9604], [30.4771, -2.9563], [30.4812, -2.9521], [30.4812, -2.9479]]}}, {"type": "Feature", "properties": {"order": 5, "discharge": 86.8}, "geometry": {"type": "LineString", "coordinates": [[30.4437, -2.9938], [30.4479, -2.9896], [30.4604, -2.9896]]}}, {"type": "Feature", "properties": {"order": 6, "discharge": 91.15}, "geometry": {"type": "LineString", "coordinates": [[38.5187, -2.9771], [38.5396, -2.9771], [38.5437, -2.9813], [38.5521, -2.9813], [38.5562, -2.9854], [38.5604, -2.9854], [38.5646, -2.9896], [38.5854, -2.9896], [38.5896, -2.9938]]}}, {"type": "Feature", "properties": {"order": 5, "discharge": 8.54}, "geometry": {"type": "LineString", "coordinates": [[32.7687, -2.9979], [32.7854, -2.9813], [32.7854, -2.9771], [32.7896, -2.9729]]}}, {"type": "Feature", "properties": {"order": 5, "discharge": 26.65}, "geometry": {"type": "LineString", "coordinates": [[38.4521, -2.9979], [38.4562, -2.9979]]}}, {"type": "Feature", "properties": {"order": 5, "discharge": 26.71}, "geometry": {"type": "LineString", "coordinates": [[38.4562, -2.9979], [38.4646, -2.9896], [38.4687, -2.9896], [38.4729, -2.9854], [38.4771, -2.9896], [38.4854, -2.9813], [38.4896, -2.9813], [38.4937, -2.9854], [38.5021, -2.9854]]}}, {"type": "Feature", "properties": {"order": 5, "discharge": 86.64}, "geometry": {"type": "LineString", "coordinates": [[30.4354, -3.0021], [30.4437, -2.9938]]}}, {"type": "Feature", "properties": {"order": 5, "discharge": 86.46}, "geometry": {"type": "LineString", "coordinates": [[30.4312, -3.0063], [30.4354, -3.0021]]}}, {"type": "Feature", "properties": {"order": 5, "discharge": 18.78}, "geometry": {"type": "LineString", "coordinates": [[37.9812, -3.0104], [38.0062, -3.0104]]}}, {"type": "Feature", "properties": {"order": 5, "discharge": 26.09}, "geometry": {"type": "LineString", "coordinates": [[38.4146, -3.0021], [38.4187, -3.0021], [38.4229, -3.0063], [38.4312, -3.0063], [38.4354, -3.0104]]}}, {"type": "Feature", "properties": {"order": 5, "discharge": 26.62}, "geometry": {"type": "LineString", "coordinates": [[38.4354, -3.0104], [38.4437, -3.0104], [38.4479, -3.0063], [38.4479, -3.0021], [38.4521, -2.9979]]}}, {"type": "Feature", "properties": {"order": 6, "discharge": 91.04}, "geometry": {"type": "LineString", "coordinates": [[38.5896, -2.9938], [38.5979, -3.0021], [38.6021, -3.0021], [38.6104, -3.0104]]}}, {"type": "Feature", "properties": {"order": 5, "discharge": 18.4}, "geometry": {"type": "LineString", "coordinates": [[37.9562, -3.0021], [37.9687, -3.0146]]}}, {"type": "Feature", "properties": {"order": 5, "discharge": 18.58}, "geometry": {"type": "LineString", "coordinates": [[37.9687, -3.0146], [37.9729, -3.0104], [37.9812, -3.0104]]}}, {"type": "Feature", "properties": {"order": 5, "discharge": 25.93}, "geometry": {"type": "LineString", "coordinates": [[38.3771, -3.0104], [38.3812, -3.0146], [38.3896, -3.0146], [38.3937, -3.0104], [38.3979, -3.0104], [38.4021, -3.0063], [38.4062, -3.0063], [38.4104, -3.0021], [38.4146, -3.0021]]}}, {"type": "Feature", "properties": {"order": 5, "discharge": 18.91}, "geometry": {"type": "LineString", "coordinates": [[38.0062, -3.0104], [38.0146, -3.0104], [38.0229, -3.0188]]}}, {"type": "Feature", "properties": {"order": 5, "discharge": 19.05}, "geometry": {"type": "LineString", "coordinates": [[38.0229, -3.0188], [38.0271, -3.0146]]}}, {"type": "Feature", "properties": {"order": 5, "discharge": 25.78}, "geometry": {"type": "LineString", "coordinates": [[38.3687, -3.0188], [38.3771, -3.0104]]}}, {"type": "Feature", "properties": {"order": 5, "discharge": 86.14}, "geometry": {"type": "LineString", "coordinates": [[30.4229, -3.0229], [30.4229, -3.0146], [30.4312, -3.0063]]}}, {"type": "Feature", "properties": {"order": 6, "discharge": 89.28}, "geometry": {"type": "LineString", "coordinates": [[39.1229, -3.0229], [39.1271, -3.0229]]}}, {"type": "Feature", "properties": {"order": 5, "discharge": 20.26}, "geometry": {"type": "LineString", "coordinates": [[38.0271, -3.0146], [38.0312, -3.0146], [38.0437, -3.0271]]}}, {"type": "Feature", "properties": {"order": 5, "discharge": 20.38}, "geometry": {"type": "LineString", "coordinates": [[38.0437, -3.0271], [38.0479, -3.0229], [38.0521, -3.0229], [38.0562, -3.0188]]}}, {"type": "Feature", "properties": {"order": 6, "discharge": 90.75}, "geometry": {"type": "LineString", "coordinates": [[38.6104, -3.0104], [38.6271, -3.0104], [38.6312, -3.0146], [38.6437, -3.0146], [38.6562, -3.0271]]}}, {"type": "Feature", "properties": {"order": 6, "discharge": 90.11}, "geometry": {"type": "LineString", "coordinates": [[38.9979, -3.0271], [39.0146, -3.0271]]}}, {"type": "Feature", "properties": {"order": 6, "discharge": 90.05}, "geometry": {"type": "LineString", "coordinates": [[39.0146, -3.0271], [39.0229, -3.0271]]}}, {"type": "Feature", "properties": {"order": 6, "discharge": 89.85}, "geometry": {"type": "LineString", "coordinates": [[39.0229, -3.0271], [39.0271, -3.0229], [39.0312, -3.0229], [39.0354, -3.0271], [39.0437, -3.0271], [39.0479, -3.0313]]}}, {"type": "Feature", "properties": {"order": 5, "discharge": 20.56}, "geometry": {"type": "LineString", "coordinates": [[38.0562, -3.0188], [38.0604, -3.0229], [38.0604, -3.0271], [38.0687, -3.0354]]}}, {"type": "Feature", "properties": {"order": 5, "discharge": 7.54}, "geometry": {"type": "LineString", "coordinates": [[32.7687, -3.0396], [32.7646, -3.0354], [32.7646, -3.0271], [32.7687, -3.0229], [32.7646, -3.0188], [32.7646, -3.0021], [32.7687, -2.9979]]}}, {"type": "Feature", "properties": {"order": 5, "discharge": 20.8}, "geometry": {"type": "LineString", "coordinates": [[38.0687, -3.0354], [38.0729, -3.0354], [38.0771, -3.0396], [38.0812, -3.0396]]}}, {"type": "Feature", "properties": {"order": 5, "discharge": 25.53}, "geometry": {"type": "LineString", "coordinates": [[38.3521, -3.0396], [38.3646, -3.0271], [38.3646, -3.0229], [38.3687, -3.0188]]}}, {"type": "Feature", "properties": {"order": 6, "discharge": 90.96}, "geometry": {"type": "LineString", "coordinates": [[38.6562, -3.0271], [38.6687, -3.0396]]}}, {"type": "Feature", "properties": {"order": 6, "discharge": 90.94}, "geometry": {"type": "LineString", "coordinates": [[38.6687, -3.0396], [38.6771, -3.0396]]}}, {"type": "Feature", "properties": {"order": 6, "discharge": 90.6}, "geometry": {"type": "LineString", "coordinates": [[38.6771, -3.0396], [38.6979, -3.0396], [38.7021, -3.0354], [38.7187, -3.0354], [38.7229, -3.0396], [38.7271, -3.0396]]}}, {"type": "Feature", "properties": {"order": 6, "discharge": 90.21}, "geometry": {"type": "LineString", "coordinates": [[38.9396, -3.0354], [38.9437, -3.0354], [38.9479, -3.0396], [38.9646, -3.0396]]}}, {"type": "Feature", "properties": {"order": 5, "discharge": 25.46}, "geometry": {"type": "LineString", "coordinates": [[38.3396, -3.0438], [38.3479, -3.0354], [38.3521, -3.0396]]}}, {"type": "Feature", "properties": {"order": 6, "discharge": 90.36}, "geometry": {"type": "LineString", "coordinates": [[38.9229, -3.0438], [38.9312, -3.0438], [38.9396, -3.0354]]}}, {"type": "Feature", "properties": {"order": 6, "discharge": 90.41}, "geometry": {"type": "LineString", "coordinates": [[38.9646, -3.0396], [38.9687, -3.0438], [38.9729, -3.0438]]}}, {"type": "Feature", "properties": {"order": 6, "discharge": 90.24}, "geometry": {"type": "LineString", "coordinates": [[38.9729, -3.0438], [38.9771, -3.0396], [38.9812, -3.0396], [38.9937, -3.0271], [38.9979, -3.0271]]}}, {"type": "Feature", "properties": {"order": 5, "discharge": 20.94}, "geometry": {"type": "LineString", "coordinates": [[38.0812, -3.0396], [38.0854, -3.0354], [38.0896, -3.0354], [38.0979, -3.0438], [38.1021, -3.0438], [38.1062, -3.0479], [38.1146, -3.0479]]}}, {"type": "Feature", "properties": {"order": 5, "discharge": 7.84}, "geometry": {"type": "LineString", "coordinates": [[32.7771, -3.0521], [32.7771, -3.0479], [32.7687, -3.0396]]}}, {"type": "Feature", "properties": {"order": 6, "discharge": 89.52}, "geometry": {"type": "LineString", "coordinates": [[39.0479, -3.0313], [39.0521, -3.0354], [39.0562, -3.0354], [39.0646, -3.0438], [39.0771, -3.0438], [39.0812, -3.0479], [39.0812, -3.0521]]}}, {"type": "Feature", "properties": {"order": 6, "discharge": 89.01}, "geometry": {"type": "LineString", "coordinates": [[39.1271, -3.0229], [39.1312, -3.0271], [39.1312, -3.0313], [39.1354, -3.0354], [39.1354, -3.0396], [39.1479, -3.0521]]}}, {"type": "Feature", "properties": {"order": 6, "discharge": 88.98}, "geometry": {"type": "LineString", "coordinates": [[39.1479, -3.0521], [39.1521, -3.0479]]}}, {"type": "Feature", "properties": {"order": 5, "discharge": 25.29}, "geometry": {"type": "LineString", "coordinates": [[38.3062, -3.0563], [38.3229, -3.0563]]}}, {"type": "Feature", "properties": {"order": 5, "discharge": 25.39}, "geometry": {"type": "LineString", "coordinates": [[38.3229, -3.0563], [38.3354, -3.0438], [38.3396, -3.0438]]}}, {"type": "Feature", "properties": {"order": 6, "discharge": 90.44}, "geometry": {"type": "LineString", "coordinates": [[38.8687, -3.0563], [38.8729, -3.0563], [38.8854, -3.0438], [38.8896, -3.0438], [38.8937, -3.0396], [38.8979, -3.0396], [38.9021, -3.0438], [38.9104, -3.0438], [38.9146, -3.0479], [38.9187, -3.0479], [38.9229, -3.0438]]}}, {"type": "Feature", "properties": {"order": 6, "discharge": 89.64}, "geometry": {"type": "LineString", "coordinates": [[39.0812, -3.0521], [39.0854, -3.0563]]}}, {"type": "Feature", "properties": {"order": 6, "discharge": 89.27}, "geometry": {"type": "LineString", "coordinates": [[39.0854, -3.0563], [39.0896, -3.0521], [39.0896, -3.0479], [39.0937, -3.0438], [39.0979, -3.0438], [39.1146, -3.0271], [39.1187, -3.0271], [39.1229, -3.0229]]}}, {"type": "Feature", "properties": {"order": 5, "discharge": 21.53}, "geometry": {"type": "LineString", "coordinates": [[38.1146, -3.0479], [38.1187, -3.0521], [38.1271, -3.0521], [38.1312, -3.0563], [38.1396, -3.0563], [38.1437, -3.0604]]}}, {"type": "Feature", "properties": {"order": 5, "discharge": 25.12}, "geometry": {"type": "LineString", "coordinates": [[38.3021, -3.0604], [38.3062, -3.0563]]}}, {"type": "Feature", "properties": {"order": 6, "discharge": 90.78}, "geometry": {"type": "LineString", "coordinates": [[38.8646, -3.0604], [38.8687, -3.0563]]}}, {"type": "Feature", "properties": {"order": 5, "discharge": 22.2}, "geometry": {"type": "LineString", "coordinates": [[38.1729, -3.0604], [38.1771, -3.0646], [38.1937, -3.0646]]}}, {"type": "Feature", "properties": {"order": 6, "discharge": 90.78}, "geometry": {"type": "LineString", "coordinates": [[38.8396, -3.0563], [38.8437, -3.0563], [38.8521, -3.0646], [38.8562, -3.0604], [38.8646, -3.0604]]}}, {"type": "Feature", "properties": {"order": 5, "discharge": 22.03}, "geometry": {"type": "LineString", "coordinates": [[38.1437, -3.0604], [38.1479, -3.0646], [38.1521, -3.0604], [38.1604, -3.0688]]}}, {"type": "Feature", "properties": {"order": 5, "discharge": 22.13}, "geometry": {"type": "LineString", "coordinates": [[38.1604, -3.0688], [38.1687, -3.0688], [38.1729, -3.0646], [38.1729, -3.0604]]}}, {"type": "Feature", "properties": {"order": 5, "discharge": 22.29}, "geometry": {"type": "LineString", "coordinates": [[38.1937, -3.0646], [38.1979, -3.0604], [38.2021, -3.0604], [38.2104, -3.0688], [38.2146, -3.0688]]}}, {"type": "Feature", "properties": {"order": 5, "discharge": 24.46}, "geometry": {"type": "LineString", "coordinates": [[38.2562, -3.0646], [38.2604, -3.0646], [38.2646, -3.0688], [38.2687, -3.0646], [38.2729, -3.0688], [38.2812, -3.0604], [38.2854, -3.0604], [38.2896, -3.0646], [38.2937, -3.0604], [38.3021, -3.0604]]}}, {"type": "Feature", "properties": {"order": 6, "discharge": 90.9}, "geometry": {"type": "LineString", "coordinates": [[38.7271, -3.0396], [38.7312, -3.0438], [38.7479, -3.0438], [38.7521, -3.0479], [38.7687, -3.0479], [38.7729, -3.0438], [38.7812, -3.0521], [38.8062, -3.0521], [38.8104, -3.0563], [38.8062, -3.0604], [38.8021, -3.0604], [38.7979, -3.0646], [38.8021, -3.0688]]}}, {"type": "Feature", "properties": {"order": 6, "discharge": 90.92}, "geometry": {"type": "LineString", "coordinates": [[38.8021, -3.0688], [38.8229, -3.0688]]}}, {"type": "Feature", "properties": {"order": 6, "discharge": 90.94}, "geometry": {"type": "LineString", "coordinates": [[38.8229, -3.0688], [38.8271, -3.0646], [38.8312, -3.0646], [38.8396, -3.0563]]}}, {"type": "Feature", "properties": {"order": 6, "discharge": 88.8}, "geometry": {"type": "LineString", "coordinates": [[39.1521, -3.0479], [39.1646, -3.0604], [39.1646, -3.0646], [39.1687, -3.0688]]}}, {"type": "Feature", "properties": {"order": 6, "discharge": 88.5}, "geometry": {"type": "LineString", "coordinates": [[39.1687, -3.0688], [39.1771, -3.0604], [39.1812, -3.0604], [39.1854, -3.0646], [39.2021, -3.0646]]}}, {"type": "Feature", "properties": {"order": 5, "discharge": 85.59}, "geometry": {"type": "LineString", "coordinates": [[30.3937, -3.0729], [30.3979, -3.0729], [30.4146, -3.0563], [30.4187, -3.0563], [30.4229, -3.0521], [30.4229, -3.0229]]}}, {"type": "Feature", "properties": {"order": 5, "discharge": 5.97}, "geometry": {"type": "LineString", "coordinates": [[36.3062, -3.0521], [36.3021, -3.0521], [36.2979, -3.0563], [36.2854, -3.0563], [36.2812, -3.0604], [36.2771, -3.0604], [36.2646, -3.0729], [36.2604, -3.0729]]}}, {"type": "Feature", "properties": {"order": 5, "discharge": 22.36}, "geometry": {"type": "LineString", "coordinates": [[38.2146, -3.0688], [38.2229, -3.0688], [38.2312, -3.0771], [38.2354, -3.0771]]}}, {"type": "Feature", "properties": {"order": 6, "discharge": 88.28}, "geometry": {"type": "LineString", "coordinates": [[39.2021, -3.0646], [39.2062, -3.0688], [39.2146, -3.0688], [39.2229, -3.0771], [39.2312, -3.0771], [39.2354, -3.0729]]}}, {"type": "Feature", "properties": {"order": 6, "discharge": 87.63}, "geometry": {"type": "LineString", "coordinates": [[39.2854, -3.0688], [39.2937, -3.0771], [39.3021, -3.0771], [39.3062, -3.0729], [39.3187, -3.0729], [39.3229, -3.0688]]}}, {"type": "Feature", "properties": {"order": 5, "discharge": 22.42}, "geometry": {"type": "LineString", "coordinates": [[38.2354, -3.0771], [38.2437, -3.0771], [38.2479, -3.0813]]}}, {"type": "Feature", "properties": {"order": 5, "discharge": 24.21}, "geometry": {"type": "LineString", "coordinates": [[38.2479, -3.0813], [38.2521, -3.0813], [38.2562, -3.0771], [38.2521, -3.0729], [38.2521, -3.0688], [38.2562, -3.0646]]}}, {"type": "Feature", "properties": {"order": 6, "discharge": 86.39}, "geometry": {"type": "LineString", "coordinates": [[39.4437, -3.0813], [39.4479, -3.0813], [39.4521, -3.0771], [39.4604, -3.0771], [39.4646, -3.0729], [39.4687, -3.0729], [39.4729, -3.0771], [39.4729, -3.0813]]}}, {"type": "Feature", "properties": {"order": 5, "discharge": 5.95}, "geometry": {"type": "LineString", "coordinates": [[36.2604, -3.0729], [36.2521, -3.0813], [36.2479, -3.0813], [36.2437, -3.0854]]}}, {"type": "Feature", "properties": {"order": 6, "discharge": 86.64}, "geometry": {"type": "LineString", "coordinates": [[39.3979, -3.0854], [39.4229, -3.0854], [39.4312, -3.0771], [39.4354, -3.0771], [39.4396, -3.0813], [39.4437, -3.0813]]}}, {"type": "Feature", "properties": {"order": 6, "discharge": 88.02}, "geometry": {"type": "LineString", "coordinates": [[39.2354, -3.0729], [39.2479, -3.0729], [39.2646, -3.0896]]}}, {"type": "Feature", "properties": {"order": 6, "discharge": 87.96}, "geometry": {"type": "LineString", "coordinates": [[39.2646, -3.0896], [39.2854, -3.0688]]}}, {"type": "Feature", "properties": {"order": 6, "discharge": 87.39}, "geometry": {"type": "LineString", "coordinates": [[39.3229, -3.0688], [39.3271, -3.0688], [39.3312, -3.0729], [39.3354, -3.0729], [39.3521, -3.0896]]}}, {"type": "Feature", "properties": {"order": 6, "discharge": 86.33}, "geometry": {"type": "LineString", "coordinates": [[39.4729, -3.0813], [39.4812, -3.0896]]}}, {"type": "Feature", "properties": {"order": 5, "discharge": 7.79}, "geometry": {"type": "LineString", "coordinates": [[32.7729, -3.0938], [32.7729, -3.0896], [32.7771, -3.0854], [32.7771, -3.0771], [32.7812, -3.0729], [32.7812, -3.0563], [32.7771, -3.0521]]}}, {"type": "Feature", "properties": {"order": 5, "discharge": 6.32}, "geometry": {"type": "LineString", "coordinates": [[36.1854, -3.0938], [36.1812, -3.0938], [36.1771, -3.0896], [36.1687, -3.0896], [36.1646, -3.0854], [36.1604, -3.0896], [36.1562, -3.0854]]}}, {"type": "Feature", "properties": {"order": 6, "discharge": 87.16}, "geometry": {"type": "LineString", "coordinates": [[39.3521, -3.0896], [39.3562, -3.0854], [39.3687, -3.0854], [39.3729, -3.0896], [39.3771, -3.0896], [39.3812, -3.0938]]}}, {"type": "Feature", "properties": {"order": 6, "discharge": 87.05}, "geometry": {"type": "LineString", "coordinates": [[39.3812, -3.0938], [39.3854, -3.0938], [39.3937, -3.0854], [39.3979, -3.0854]]}}, {"type": "Feature", "properties": {"order": 5, "discharge": 6.15}, "geometry": {"type": "LineString", "coordinates": [[36.2437, -3.0854], [36.2396, -3.0854], [36.2312, -3.0938], [36.2271, -3.0896], [36.2229, -3.0938], [36.2146, -3.0938], [36.2104, -3.0979], [36.2062, -3.0938], [36.2021, -3.0979], [36.1979, -3.0979], [36.1937, -3.0938], [36.1854, -3.0938]]}}, {"type": "Feature", "properties": {"order": 6, "discharge": 86.1}, "geometry": {"type": "LineString", "coordinates": [[39.4812, -3.0896], [39.4896, -3.0896], [39.4979, -3.0979], [39.5021, -3.0979], [39.5062, -3.1021], [39.5104, -3.0979]]}}, {"type": "Feature", "properties": {"order": 5, "discharge": 8.04}, "geometry": {"type": "LineString", "coordinates": [[32.7646, -3.1104], [32.7687, -3.1063], [32.7687, -3.0979], [32.7729, -3.0938]]}}, {"type": "Feature", "properties": {"order": 6, "discharge": 85.83}, "geometry": {"type": "LineString", "coordinates": [[39.5104, -3.0979], [39.5187, -3.0896], [39.5271, -3.0979], [39.5312, -3.0979], [39.5354, -3.1021], [39.5354, -3.1063], [39.5396, -3.1104], [39.5479, -3.1104]]}}, {"type": "Feature", "properties": {"order": 6, "discharge": 85.62}, "geometry": {"type": "LineString", "coordinates": [[39.5479, -3.1104], [39.5521, -3.1063], [39.5604, -3.1063], [39.5646, -3.1104], [39.5812, -3.1104]]}}, {"type": "Feature", "properties": {"order": 6, "discharge": 85.35}, "geometry": {"type": "LineString", "coordinates": [[39.5812, -3.1104], [39.6062, -3.1104], [39.6104, -3.1063], [39.6062, -3.1021], [39.6104, -3.0979], [39.6146, -3.0979]]}}, {"type": "Feature", "properties": {"order": 6, "discharge": 85.1}, "geometry": {"type": "LineString", "coordinates": [[39.6146, -3.0979], [39.6229, -3.0979], [39.6271, -3.0938], [39.6312, -3.0979], [39.6312, -3.1021], [39.6437, -3.1146], [39.6521, -3.1146], [39.6562, -3.1104]]}}, {"type": "Feature", "properties": {"order": 6, "discharge": 84.66}, "geometry": {"type": "LineString", "coordinates": [[39.6562, -3.1104], [39.6604, -3.1104], [39.6646, -3.1146], [39.6687, -3.1146], [39.6729, -3.1188], [39.6771, -3.1146], [39.6896, -3.1146], [39.6937, -3.1188], [39.7146, -3.1188], [39.7229, -3.1271]]}}, {"type": "Feature", "properties": {"order": 6, "discharge": 84.59}, "geometry": {"type": "LineString", "coordinates": [[39.7229, -3.1271], [39.7271, -3.1229], [39.7312, -3.1271], [39.7354, -3.1229], [39.7479, -3.1229], [39.7521, -3.1271], [39.7646, -3.1271]]}}, {"type": "Feature", "properties": {"order": 6, "discharge": 84.15}, "geometry": {"type": "LineString", "coordinates": [[39.7646, -3.1271], [39.7687, -3.1271], [39.7729, -3.1229], [39.7771, -3.1229], [39.7812, -3.1188], [39.7979, -3.1188], [39.8021, -3.1146], [39.8104, -3.1146], [39.8187, -3.1063], [39.8229, -3.1063], [39.8271, -3.1104], [39.8271, -3.1188], [39.8312, -3.1229]]}}, {"type": "Feature", "properties": {"order": 5, "discharge": 84.71}, "geometry": {"type": "LineString", "coordinates": [[30.3604, -3.1479], [30.3604, -3.1396], [30.3771, -3.1229], [30.3771, -3.1146], [30.3854, -3.1063], [30.3771, -3.0979], [30.3771, -3.0896], [30.3812, -3.0854], [30.3812, -3.0813], [30.3896, -3.0729], [30.3937, -3.0729]]}}, {"type": "Feature", "properties": {"order": 6, "discharge": 89.92}, "geometry": {"type": "LineString", "coordinates": [[40.1104, -3.1438], [40.1146, -3.1479], [40.1229, -3.1479]]}}, {"type": "Feature", "properties": {"order": 5, "discharge": 28.55}, "geometry": {"type": "LineString", "coordinates": [[29.9479, -3.1563], [29.9562, -3.1563]]}}, {"type": "Feature", "properties": {"order": 5, "discharge": 83.78}, "geometry": {"type": "LineString", "coordinates": [[30.3521, -3.1521], [30.3562, -3.1563], [30.3604, -3.1521], [30.3604, -3.1479]]}}, {"type": "Feature", "properties": {"order": 6, "discharge": 83.9}, "geometry": {"type": "LineString", "coordinates": [[39.8312, -3.1229], [39.8354, -3.1229], [39.8521, -3.1396], [39.8562, -3.1396], [39.8687, -3.1521], [39.8687, -3.1563], [39.8729, -3.1604]]}}, {"type": "Feature", "properties": {"order": 6, "discharge": 84.13}, "geometry": {"type": "LineString", "coordinates": [[40.0062, -3.1521], [40.0146, -3.1604]]}}, {"type": "Feature", "properties": {"order": 6, "discharge": 83.74}, "geometry": {"type": "LineString", "coordinates": [[40.0146, -3.1604], [40.0187, -3.1604], [40.0229, -3.1563], [40.0229, -3.1521], [40.0271, -3.1479], [40.0396, -3.1604], [40.0521, -3.1604], [40.0562, -3.1563], [40.0646, -3.1563], [40.0687, -3.1604], [40.0729, -3.1604]]}}, {"type": "Feature", "properties": {"order": 6, "discharge": 89.87}, "geometry": {"type": "LineString", "coordinates": [[40.1229, -3.1479], [40.1354, -3.1604]]}}, {"type": "Feature", "properties": {"order": 5, "discharge": 82.16}, "geometry": {"type": "LineString", "coordinates": [[30.3396, -3.1646], [30.3521, -3.1521]]}}, {"type": "Feature", "properties": {"order": 6, "discharge": 83.58}, "geometry": {"type": "LineString", "coordinates": [[40.0729, -3.1604], [40.0771, -3.1646], [40.0896, -3.1646], [40.1021, -3.1521], [40.1021, -3.1479], [40.1062, -3.1438], [40.1104, -3.1438]]}}, {"type": "Feature", "properties": {"order": 5, "discharge": 19.06}, "geometry": {"type": "LineString", "coordinates": [[29.9271, -3.0896], [29.9146, -3.1021], [29.9146, -3.1188], [29.9062, -3.1271], [29.9062, -3.1313], [29.9021, -3.1354], [29.9021, -3.1396], [29.8979, -3.1438], [29.8979, -3.1479], [29.9021, -3.1521], [29.9021, -3.1688]]}}, {"type": "Feature", "properties": {"order": 6, "discharge": 83.66}, "geometry": {"type": "LineString", "coordinates": [[39.8729, -3.1604], [39.8771, -3.1604], [39.8812, -3.1646], [39.8979, -3.1646], [39.9021, -3.1688], [39.9104, -3.1688]]}}, {"type": "Feature", "properties": {"order": 6, "discharge": 89.85}, "geometry": {"type": "LineString", "coordinates": [[40.1354, -3.1604], [40.1437, -3.1688]]}}, {"type": "Feature", "properties": {"order": 6, "discharge": 84.14}, "geometry": {"type": "LineString", "coordinates": [[39.9729, -3.1729], [39.9937, -3.1521], [40.0062, -3.1521]]}}, {"type": "Feature", "properties": {"order": 5, "discharge": 19.27}, "geometry": {"type": "LineString", "coordinates": [[29.9021, -3.1688], [29.9021, -3.1729], [29.9062, -3.1771], [29.9104, -3.1771], [29.9146, -3.1813]]}}, {"type": "Feature", "properties": {"order": 5, "discharge": 28.07}, "geometry": {"type": "LineString", "coordinates": [[29.9146, -3.1813], [29.9229, -3.1813]]}}, {"type": "Feature", "properties": {"order": 5, "discharge": 28.39}, "geometry": {"type": "LineString", "coordinates": [[29.9229, -3.1813], [29.9479, -3.1563]]}}, {"type": "Feature", "properties": {"order": 5, "discharge": 81.96}, "geometry": {"type": "LineString", "coordinates": [[30.3187, -3.1896], [30.3271, -3.1813], [30.3271, -3.1729], [30.3312, -3.1688], [30.3354, -3.1688], [30.3396, -3.1646]]}}, {"type": "Feature", "properties": {"order": 6, "discharge": 83.58}, "geometry": {"type": "LineString", "coordinates": [[39.9104, -3.1688], [39.9146, -3.1729], [39.9146, -3.1813], [39.9271, -3.1938]]}}, {"type": "Feature", "properties": {"order": 6, "discharge": 84.23}, "geometry": {"type": "LineString", "coordinates": [[39.9271, -3.1938], [39.9354, -3.1938], [39.9437, -3.1854], [39.9479, -3.1896], [39.9604, -3.1896], [39.9687, -3.1813], [39.9687, -3.1771], [39.9729, -3.1729]]}}, {"type": "Feature", "properties": {"order": 5, "discharge": 29.34}, "geometry": {"type": "LineString", "coordinates": [[29.9562, -3.1563], [29.9646, -3.1646], [29.9646, -3.1688], [29.9687, -3.1729], [29.9687, -3.1771], [29.9771, -3.1854], [29.9771, -3.1896], [29.9979, -3.2104], [29.9979, -3.2146]]}}, {"type": "Feature", "properties": {"order": 5, "discharge": 81.61}, "geometry": {"type": "LineString", "coordinates": [[30.2729, -3.2229], [30.2771, -3.2188], [30.2812, -3.2188], [30.2896, -3.2104], [30.2937, -3.2104], [30.2979, -3.2063], [30.2979, -3.1979], [30.3021, -3.1938], [30.3062, -3.1938], [30.3104, -3.1896], [30.3187, -3.1896]]}}, {"type": "Feature", "properties": {"order": 5, "discharge": 29.78}, "geometry": {"type": "LineString", "coordinates": [[29.9979, -3.2146], [29.9979, -3.2188], [30.0021, -3.2229], [30.0104, -3.2229], [30.0187, -3.2313], [30.0187, -3.2396], [30.0229, -3.2438]]}}, {"type": "Feature", "properties": {"order": 5, "discharge": 80.83}, "geometry": {"type": "LineString", "coordinates": [[30.2521, -3.2438], [30.2729, -3.2229]]}}, {"type": "Feature", "properties": {"order": 5, "discharge": 29.9}, "geometry": {"type": "LineString", "coordinates": [[30.0229, -3.2438], [30.0271, -3.2479]]}}, {"type": "Feature", "properties": {"order": 5, "discharge": 80.52}, "geometry": {"type": "LineString", "coordinates": [[30.2479, -3.2479], [30.2521, -3.2438]]}}, {"type": "Feature", "properties": {"order": 5, "discharge": 74.14}, "geometry": {"type": "LineString", "coordinates": [[30.2354, -3.2813], [30.2312, -3.2771], [30.2312, -3.2729], [30.2354, -3.2688], [30.2396, -3.2688], [30.2437, -3.2646], [30.2437, -3.2604], [30.2479, -3.2563], [30.2479, -3.2479]]}}, {"type": "Feature", "properties": {"order": 5, "discharge": 73.78}, "geometry": {"type": "LineString", "coordinates": [[30.1979, -3.3063], [30.2062, -3.2979], [30.2146, -3.2979], [30.2187, -3.2938], [30.2187, -3.2854], [30.2229, -3.2813], [30.2271, -3.2854], [30.2312, -3.2854], [30.2354, -3.2813]]}}, {"type": "Feature", "properties": {"order": 5, "discharge": 73.17}, "geometry": {"type": "LineString", "coordinates": [[30.1896, -3.3188], [30.1937, -3.3146], [30.1937, -3.3104], [30.1979, -3.3063]]}}, {"type": "Feature", "properties": {"order": 5, "discharge": 36.82}, "geometry": {"type": "LineString", "coordinates": [[30.0271, -3.2479], [30.0271, -3.2854], [30.0062, -3.3063], [30.0062, -3.3104], [30.0021, -3.3104], [30.0021, -3.3229]]}}, {"type": "Feature", "properties": {"order": 5, "discharge": 72.36}, "geometry": {"type": "LineString", "coordinates": [[30.1396, -3.3396], [30.1437, -3.3354], [30.1562, -3.3354], [30.1646, -3.3271], [30.1646, -3.3229], [30.1687, -3.3188], [30.1729, -3.3188], [30.1771, -3.3229], [30.1854, -3.3229], [30.1896, -3.3188]]}}, {"type": "Feature", "properties": {"order": 5, "discharge": 37.08}, "geometry": {"type": "LineString", "coordinates": [[30.0021, -3.3229], [30.0021, -3.3271], [29.9979, -3.3313], [29.9979, -3.3396], [29.9937, -3.3438]]}}, {"type": "Feature", "properties": {"order": 5, "discharge": 71.23}, "geometry": {"type": "LineString", "coordinates": [[30.0979, -3.3438], [30.1062, -3.3438]]}}, {"type": "Feature", "properties": {"order": 5, "discharge": 71.58}, "geometry": {"type": "LineString", "coordinates": [[30.1062, -3.3438], [30.1104, -3.3396], [30.1187, -3.3396], [30.1229, -3.3438], [30.1271, -3.3438], [30.1312, -3.3396], [30.1396, -3.3396]]}}, {"type": "Feature", "properties": {"order": 5, "discharge": 69.7}, "geometry": {"type": "LineString", "coordinates": [[30.0896, -3.3479], [30.0937, -3.3438], [30.0979, -3.3438]]}}, {"type": "Feature", "properties": {"order": 5, "discharge": 59.19}, "geometry": {"type": "LineString", "coordinates": [[29.9937, -3.3438], [29.9896, -3.3479], [29.9854, -3.3479], [29.9812, -3.3521], [29.9854, -3.3563]]}}, {"type": "Feature", "properties": {"order": 5, "discharge": 69.55}, "geometry": {"type": "LineString", "coordinates": [[30.0396, -3.3729], [30.0479, -3.3646], [30.0521, -3.3646], [30.0562, -3.3604], [30.0562, -3.3563], [30.0604, -3.3521], [30.0771, -3.3521], [30.0812, -3.3479], [30.0896, -3.3479]]}}, {"type": "Feature", "properties": {"order": 5, "discharge": 60.18}, "geometry": {"type": "LineString", "coordinates": [[29.9854, -3.3563], [29.9979, -3.3688], [30.0021, -3.3688], [30.0062, -3.3729], [30.0062, -3.3771], [30.0104, -3.3813], [30.0104, -3.3854]]}}, {"type": "Feature", "properties": {"order": 5, "discharge": 60.83}, "geometry": {"type": "LineString", "coordinates": [[30.0229, -3.3854], [30.0229, -3.3813], [30.0271, -3.3771], [30.0354, -3.3771], [30.0396, -3.3729]]}}, {"type": "Feature", "properties": {"order": 5, "discharge": 60.45}, "geometry": {"type": "LineString", "coordinates": [[30.0104, -3.3854], [30.0104, -3.3896], [30.0146, -3.3938], [30.0229, -3.3854]]}}, {"type": "Feature", "properties": {"order": 5, "discharge": 10.25}, "geometry": {"type": "LineString", "coordinates": [[31.6771, -3.4354], [31.6771, -3.4396], [31.6812, -3.4438], [31.6812, -3.4479], [31.6896, -3.4563]]}}, {"type": "Feature", "properties": {"order": 5, "discharge": 26.19}, "geometry": {"type": "LineString", "coordinates": [[37.1604, -3.4563], [37.1646, -3.4521]]}}, {"type": "Feature", "properties": {"order": 5, "discharge": 32.89}, "geometry": {"type": "LineString", "coordinates": [[37.1646, -3.4521], [37.1812, -3.4521], [37.1854, -3.4563], [37.1896, -3.4563], [37.1937, -3.4521], [37.2021, -3.4521], [37.2062, -3.4479]]}}, {"type": "Feature", "properties": {"order": 5, "discharge": 34.67}, "geometry": {"type": "LineString", "coordinates": [[37.2062, -3.4479], [37.2146, -3.4563]]}}, {"type": "Feature", "properties": {"order": 5, "discharge": 25.72}, "geometry": {"type": "LineString", "coordinates": [[37.1271, -3.4646], [37.1312, -3.4646], [37.1354, -3.4604], [37.1396, -3.4646], [37.1479, -3.4563], [37.1604, -3.4563]]}}, {"type": "Feature", "properties": {"order": 5, "discharge": 24.67}, "geometry": {"type": "LineString", "coordinates": [[37.1104, -3.4688], [37.1146, -3.4688]]}}, {"type": "Feature", "properties": {"order": 5, "discharge": 24.95}, "geometry": {"type": "LineString", "coordinates": [[37.1146, -3.4688], [37.1229, -3.4604], [37.1271, -3.4646]]}}, {"type": "Feature", "properties": {"order": 5, "discharge": 10.39}, "geometry": {"type": "LineString", "coordinates": [[31.6896, -3.4563], [31.6937, -3.4604], [31.6937, -3.4729]]}}, {"type": "Feature", "properties": {"order": 5, "discharge": 23.45}, "geometry": {"type": "LineString", "coordinates": [[37.0729, -3.4688], [37.0812, -3.4688], [37.0854, -3.4729]]}}, {"type": "Feature", "properties": {"order": 5, "discharge": 24.08}, "geometry": {"type": "LineString", "coordinates": [[37.0854, -3.4729], [37.0937, -3.4729], [37.0979, -3.4688], [37.1104, -3.4688]]}}, {"type": "Feature", "properties": {"order": 5, "discharge": 22.63}, "geometry": {"type": "LineString", "coordinates": [[37.0604, -3.4771], [37.0646, -3.4771]]}}, {"type": "Feature", "properties": {"order": 5, "discharge": 22.96}, "geometry": {"type": "LineString", "coordinates": [[37.0646, -3.4771], [37.0729, -3.4688]]}}, {"type": "Feature", "properties": {"order": 5, "discharge": 20.47}, "geometry": {"type": "LineString", "coordinates": [[37.0396, -3.4771], [37.0437, -3.4813]]}}, {"type": "Feature", "properties": {"order": 5, "discharge": 20.81}, "geometry": {"type": "LineString", "coordinates": [[37.0437, -3.4813], [37.0521, -3.4813], [37.0562, -3.4771], [37.0604, -3.4771]]}}, {"type": "Feature", "properties": {"order": 5, "discharge": 36.07}, "geometry": {"type": "LineString", "coordinates": [[37.2146, -3.4563], [37.2187, -3.4604], [37.2187, -3.4688], [37.2229, -3.4729], [37.2229, -3.4771], [37.2312, -3.4854], [37.2312, -3.4896], [37.2396, -3.4896], [37.2437, -3.4938], [37.2521, -3.4938], [37.2562, -3.4979]]}}, {"type": "Feature", "properties": {"order": 5, "discharge": 37.24}, "geometry": {"type": "LineString", "coordinates": [[37.2562, -3.4979], [37.2646, -3.4979], [37.2687, -3.4938], [37.2812, -3.4938], [37.2854, -3.4979], [37.2979, -3.4979]]}}, {"type": "Feature", "properties": {"order": 5, "discharge": 19.23}, "geometry": {"type": "LineString", "coordinates": [[37.0104, -3.5021], [37.0146, -3.4979], [37.0187, -3.4979], [37.0271, -3.4896], [37.0271, -3.4854], [37.0354, -3.4771], [37.0396, -3.4771]]}}, {"type": "Feature", "properties": {"order": 5, "discharge": 10.54}, "geometry": {"type": "LineString", "coordinates": [[31.6937, -3.4729], [31.6937, -3.4854], [31.6896, -3.4896], [31.6896, -3.4938], [31.6854, -3.4979], [31.6854, -3.5063]]}}, {"type": "Feature", "properties": {"order": 5, "discharge": 44.65}, "geometry": {"type": "LineString", "coordinates": [[37.2979, -3.4979], [37.2979, -3.5104]]}}, {"type": "Feature", "properties": {"order": 5, "discharge": 11.02}, "geometry": {"type": "LineString", "coordinates": [[31.6854, -3.5063], [31.6854, -3.5271]]}}, {"type": "Feature", "properties": {"order": 5, "discharge": 18.74}, "geometry": {"type": "LineString", "coordinates": [[36.9937, -3.5271], [37.0062, -3.5146], [37.0062, -3.5063], [37.0104, -3.5021]]}}, {"type": "Feature", "properties": {"order": 5, "discharge": 18.31}, "geometry": {"type": "LineString", "coordinates": [[36.9896, -3.5396], [36.9937, -3.5354], [36.9937, -3.5271]]}}, {"type": "Feature", "properties": {"order": 5, "discharge": 44.85}, "geometry": {"type": "LineString", "coordinates": [[37.2979, -3.5104], [37.3021, -3.5146], [37.3021, -3.5188], [37.3062, -3.5229], [37.3062, -3.5396]]}}, {"type": "Feature", "properties": {"order": 5, "discharge": 11.05}, "geometry": {"type": "LineString", "coordinates": [[31.6854, -3.5271], [31.6812, -3.5313], [31.6812, -3.5438]]}}, {"type": "Feature", "properties": {"order": 5, "discharge": 10.89}, "geometry": {"type": "LineString", "coordinates": [[35.8437, -3.5396], [35.8437, -3.5438]]}}, {"type": "Feature", "properties": {"order": 5, "discharge": 45.0}, "geometry": {"type": "LineString", "coordinates": [[37.3062, -3.5396], [37.3104, -3.5438], [37.3104, -3.5479], [37.3146, -3.5521]]}}, {"type": "Feature", "properties": {"order": 5, "discharge": 15.62}, "geometry": {"type": "LineString", "coordinates": [[36.9687, -3.5646], [36.9812, -3.5521], [36.9812, -3.5479], [36.9896, -3.5396]]}}, {"type": "Feature", "properties": {"order": 5, "discharge": 9.53}, "geometry": {"type": "LineString", "coordinates": [[35.1854, -3.5813], [35.1646, -3.5813]]}}, {"type": "Feature", "properties": {"order": 5, "discharge": 7.79}, "geometry": {"type": "LineString", "coordinates": [[35.2146, -3.5813], [35.1854, -3.5813]]}}, {"type": "Feature", "properties": {"order": 5, "discharge": 10.05}, "geometry": {"type": "LineString", "coordinates": [[35.8437, -3.5438], [35.8396, -3.5479], [35.8396, -3.5563], [35.8354, -3.5604], [35.8354, -3.5729], [35.8312, -3.5771], [35.8312, -3.5813]]}}, {"type": "Feature", "properties": {"order": 5, "discharge": 45.67}, "geometry": {"type": "LineString", "coordinates": [[37.3146, -3.5521], [37.3146, -3.5688], [37.3229, -3.5771], [37.3229, -3.5813]]}}, {"type": "Feature", "properties": {"order": 5, "discharge": 10.28}, "geometry": {"type": "LineString", "coordinates": [[35.1646, -3.5813], [35.1312, -3.5813], [35.1271, -3.5854]]}}, {"type": "Feature", "properties": {"order": 5, "discharge": 11.68}, "geometry": {"type": "LineString", "coordinates": [[35.1187, -3.5938], [35.1146, -3.5938]]}}, {"type": "Feature", "properties": {"order": 5, "discharge": 10.6}, "geometry": {"type": "LineString", "coordinates": [[35.1271, -3.5854], [35.1187, -3.5938]]}}, {"type": "Feature", "properties": {"order": 5, "discharge": 45.88}, "geometry": {"type": "LineString", "coordinates": [[37.3229, -3.5813], [37.3271, -3.5854], [37.3312, -3.5854], [37.3396, -3.5938], [37.3437, -3.5938]]}}, {"type": "Feature", "properties": {"order": 5, "discharge": 14.53}, "geometry": {"type": "LineString", "coordinates": [[36.9479, -3.5979], [36.9646, -3.5813], [36.9646, -3.5771], [36.9687, -3.5729], [36.9687, -3.5646]]}}, {"type": "Feature", "properties": {"order": 5, "discharge": 11.41}, "geometry": {"type": "LineString", "coordinates": [[31.6812, -3.5438], [31.6812, -3.5563], [31.6896, -3.5646], [31.6896, -3.5688], [31.6937, -3.5729], [31.6937, -3.5854], [31.6979, -3.5896], [31.6979, -3.6021]]}}, {"type": "Feature", "properties": {"order": 7, "discharge": 174.06}, "geometry": {"type": "LineString", "coordinates": [[35.0854, -3.6021], [35.0979, -3.5896], [35.1021, -3.5896], [35.1062, -3.5854], [35.1104, -3.5854], [35.1146, -3.5896], [35.1146, -3.5938]]}}, {"type": "Feature", "properties": {"order": 5, "discharge": 11.44}, "geometry": {"type": "LineString", "coordinates": [[31.6979, -3.6021], [31.7021, -3.6063]]}}, {"type": "Feature", "properties": {"order": 7, "discharge": 172.83}, "geometry": {"type": "LineString", "coordinates": [[35.0771, -3.6104], [35.0854, -3.6021]]}}, {"type": "Feature", "properties": {"order": 7, "discharge": 172.55}, "geometry": {"type": "LineString", "coordinates": [[35.0729, -3.6146], [35.0771, -3.6104]]}}, {"type": "Feature", "properties": {"order": 5, "discharge": 9.35}, "geometry": {"type": "LineString", "coordinates": [[35.8312, -3.5813], [35.8312, -3.5854], [35.8271, -3.5896], [35.8271, -3.6021], [35.8229, -3.6063], [35.8229, -3.6146]]}}, {"type": "Feature", "properties": {"order": 5, "discharge": 46.17}, "geometry": {"type": "LineString", "coordinates": [[37.3437, -3.5938], [37.3479, -3.5938], [37.3604, -3.6063], [37.3771, -3.6063], [37.3812, -3.6104], [37.3896, -3.6104], [37.3979, -3.6188], [37.4021, -3.6188], [37.4062, -3.6146]]}}, {"type": "Feature", "properties": {"order": 7, "discharge": 172.1}, "geometry": {"type": "LineString", "coordinates": [[35.0646, -3.6229], [35.0729, -3.6146]]}}, {"type": "Feature", "properties": {"order": 5, "discharge": 14.33}, "geometry": {"type": "LineString", "coordinates": [[36.9312, -3.6229], [36.9396, -3.6146], [36.9396, -3.6104], [36.9479, -3.6021], [36.9479, -3.5979]]}}, {"type": "Feature", "properties": {"order": 7, "discharge": 171.97}, "geometry": {"type": "LineString", "coordinates": [[35.0521, -3.6354], [35.0646, -3.6229]]}}, {"type": "Feature", "properties": {"order": 5, "discharge": 12.0}, "geometry": {"type": "LineString", "coordinates": [[31.7021, -3.6063], [31.7021, -3.6188], [31.7062, -3.6229], [31.7062, -3.6438]]}}, {"type": "Feature", "properties": {"order": 5, "discharge": 47.23}, "geometry": {"type": "LineString", "coordinates": [[37.4062, -3.6146], [37.4104, -3.6146], [37.4396, -3.6438]]}}, {"type": "Feature", "properties": {"order": 5, "discharge": 8.64}, "geometry": {"type": "LineString", "coordinates": [[35.8229, -3.6146], [35.8187, -3.6188], [35.8187, -3.6271], [35.8146, -3.6313], [35.8146, -3.6438], [35.8104, -3.6479]]}}, {"type": "Feature", "properties": {"order": 5, "discharge": 14.0}, "geometry": {"type": "LineString", "coordinates": [[36.9146, -3.6479], [36.9187, -3.6438], [36.9229, -3.6438], [36.9312, -3.6354], [36.9312, -3.6229]]}}, {"type": "Feature", "properties": {"order": 5, "discharge": 12.01}, "geometry": {"type": "LineString", "coordinates": [[31.7062, -3.6438], [31.7021, -3.6479], [31.7021, -3.6521]]}}, {"type": "Feature", "properties": {"order": 5, "discharge": 9.71}, "geometry": {"type": "LineString", "coordinates": [[35.8104, -3.6479], [35.8104, -3.6521]]}}, {"type": "Feature", "properties": {"order": 5, "discharge": 13.78}, "geometry": {"type": "LineString", "coordinates": [[36.8979, -3.6688], [36.8979, -3.6646], [36.9146, -3.6479]]}}, {"type": "Feature", "properties": {"order": 5, "discharge": 69.77}, "geometry": {"type": "LineString", "coordinates": [[37.4396, -3.6438], [37.4396, -3.6729]]}}, {"type": "Feature", "properties": {"order": 5, "discharge": 39.9}, "geometry": {"type": "LineString", "coordinates": [[31.2187, -3.6479], [31.2271, -3.6563], [31.2271, -3.6729], [31.2312, -3.6771]]}}, {"type": "Feature", "properties": {"order": 5, "discharge": 40.13}, "geometry": {"type": "LineString", "coordinates": [[31.2312, -3.6771], [31.2312, -3.6813], [31.2354, -3.6854]]}}, {"type": "Feature", "properties": {"order": 5, "discharge": 12.15}, "geometry": {"type": "LineString", "coordinates": [[31.7021, -3.6521], [31.6937, -3.6604], [31.6937, -3.6688], [31.6896, -3.6729], [31.6937, -3.6771], [31.6896, -3.6813], [31.6896, -3.6854], [31.6854, -3.6896]]}}, {"type": "Feature", "properties": {"order": 7, "discharge": 169.81}, "geometry": {"type": "LineString", "coordinates": [[34.9979, -3.6896], [35.0521, -3.6354]]}}, {"type": "Feature", "properties": {"order": 5, "discharge": 12.22}, "geometry": {"type": "LineString", "coordinates": [[31.6854, -3.6896], [31.6812, -3.6938], [31.6771, -3.6938], [31.6729, -3.6896], [31.6687, -3.6938]]}}, {"type": "Feature", "properties": {"order": 7, "discharge": 168.68}, "geometry": {"type": "LineString", "coordinates": [[34.9937, -3.6938], [34.9979, -3.6896]]}}, {"type": "Feature", "properties": {"order": 5, "discharge": 70.1}, "geometry": {"type": "LineString", "coordinates": [[37.4396, -3.6729], [37.4354, -3.6771], [37.4354, -3.6813], [37.4271, -3.6896], [37.4271, -3.6938], [37.4229, -3.6979]]}}, {"type": "Feature", "properties": {"order": 5, "discharge": 12.37}, "geometry": {"type": "LineString", "coordinates": [[31.6687, -3.6938], [31.6646, -3.6979], [31.6646, -3.7021]]}}, {"type": "Feature", "properties": {"order": 5, "discharge": 71.08}, "geometry": {"type": "LineString", "coordinates": [[37.4229, -3.6979], [37.4187, -3.7021], [37.4187, -3.7063], [37.4146, -3.7104]]}}, {"type": "Feature", "properties": {"order": 5, "discharge": 12.39}, "geometry": {"type": "LineString", "coordinates": [[31.6646, -3.7021], [31.6687, -3.7063], [31.6646, -3.7104], [31.6646, -3.7146]]}}, {"type": "Feature", "properties": {"order": 7, "discharge": 168.54}, "geometry": {"type": "LineString", "coordinates": [[34.9729, -3.7146], [34.9937, -3.6938]]}}, {"type": "Feature", "properties": {"order": 5, "discharge": 11.43}, "geometry": {"type": "LineString", "coordinates": [[36.8812, -3.7146], [36.8854, -3.7104], [36.8854, -3.7063], [36.8937, -3.6979], [36.8937, -3.6938], [36.8979, -3.6896], [36.8979, -3.6688]]}}, {"type": "Feature", "properties": {"order": 7, "discharge": 167.34}, "geometry": {"type": "LineString", "coordinates": [[34.9687, -3.7188], [34.9729, -3.7146]]}}, {"type": "Feature", "properties": {"order": 5, "discharge": 11.03}, "geometry": {"type": "LineString", "coordinates": [[36.8687, -3.7271], [36.8729, -3.7271], [36.8812, -3.7188], [36.8812, -3.7146]]}}, {"type": "Feature", "properties": {"order": 5, "discharge": 71.31}, "geometry": {"type": "LineString", "coordinates": [[37.4146, -3.7104], [37.4187, -3.7146], [37.4187, -3.7271]]}}, {"type": "Feature", "properties": {"order": 5, "discharge": 41.08}, "geometry": {"type": "LineString", "coordinates": [[31.2354, -3.6854], [31.2396, -3.6896], [31.2396, -3.7021], [31.2521, -3.7146], [31.2521, -3.7188], [31.2604, -3.7271], [31.2604, -3.7354]]}}, {"type": "Feature", "properties": {"order": 7, "discharge": 166.98}, "geometry": {"type": "LineString", "coordinates": [[34.9521, -3.7354], [34.9687, -3.7188]]}}, {"type": "Feature", "properties": {"order": 5, "discharge": 71.8}, "geometry": {"type": "LineString", "coordinates": [[37.4187, -3.7271], [37.4187, -3.7313], [37.4229, -3.7354]]}}, {"type": "Feature", "properties": {"order": 5, "discharge": 41.31}, "geometry": {"type": "LineString", "coordinates": [[31.2604, -3.7354], [31.2646, -3.7396]]}}, {"type": "Feature", "properties": {"order": 5, "discharge": 41.75}, "geometry": {"type": "LineString", "coordinates": [[31.2646, -3.7396], [31.2687, -3.7396], [31.2729, -3.7438], [31.2812, -3.7438]]}}, {"type": "Feature", "properties": {"order": 7, "discharge": 166.51}, "geometry": {"type": "LineString", "coordinates": [[34.9271, -3.7438], [34.9312, -3.7396], [34.9396, -3.7396], [34.9437, -3.7354], [34.9521, -3.7354]]}}, {"type": "Feature", "properties": {"order": 5, "discharge": 46.03}, "geometry": {"type": "LineString", "coordinates": [[31.2812, -3.7438], [31.2854, -3.7479], [31.2854, -3.7521]]}}, {"type": "Feature", "properties": {"order": 5, "discharge": 12.44}, "geometry": {"type": "LineString", "coordinates": [[31.6646, -3.7146], [31.6521, -3.7271], [31.6521, -3.7313], [31.6562, -3.7354], [31.6521, -3.7396], [31.6521, -3.7479], [31.6479, -3.7521], [31.6479, -3.7563], [31.6437, -3.7604]]}}, {"type": "Feature", "properties": {"order": 5, "discharge": 12.45}, "geometry": {"type": "LineString", "coordinates": [[31.6437, -3.7604], [31.6396, -3.7646]]}}, {"type": "Feature", "properties": {"order": 7, "discharge": 165.39}, "geometry": {"type": "LineString", "coordinates": [[34.8729, -3.7688], [34.8771, -3.7646], [34.8812, -3.7646], [34.8854, -3.7604], [34.8896, -3.7604], [34.8937, -3.7563], [34.8979, -3.7563], [34.9021, -3.7521], [34.9062, -3.7521], [34.9104, -3.7479], [34.9146, -3.7479], [34.9187, -3.7438], [34.9271, -3.7438]]}}, {"type": "Feature", "properties": {"order": 5, "discharge": 72.02}, "geometry": {"type": "LineString", "coordinates": [[37.4229, -3.7354], [37.4229, -3.7438], [37.4396, -3.7604], [37.4396, -3.7688]]}}, {"type": "Feature", "properties": {"order": 5, "discharge": 72.16}, "geometry": {"type": "LineString", "coordinates": [[37.4396, -3.7688], [37.4479, -3.7771]]}}, {"type": "Feature", "properties": {"order": 7, "discharge": 163.87}, "geometry": {"type": "LineString", "coordinates": [[34.8396, -3.7813], [34.8437, -3.7771], [34.8479, -3.7771], [34.8521, -3.7729], [34.8687, -3.7729], [34.8729, -3.7688]]}}, {"type": "Feature", "properties": {"order": 5, "discharge": 46.7}, "geometry": {"type": "LineString", "coordinates": [[31.2854, -3.7521], [31.2854, -3.7646], [31.2896, -3.7688], [31.2896, -3.7771], [31.2979, -3.7854]]}}, {"type": "Feature", "properties": {"order": 5, "discharge": 72.32}, "geometry": {"type": "LineString", "coordinates": [[37.4479, -3.7771], [37.4479, -3.7813], [37.4562, -3.7896], [37.4562, -3.7938], [37.4604, -3.7979]]}}, {"type": "Feature", "properties": {"order": 7, "discharge": 161.98}, "geometry": {"type": "LineString", "coordinates": [[34.8021, -3.8021], [34.8062, -3.8021]]}}, {"type": "Feature", "properties": {"order": 7, "discharge": 162.78}, "geometry": {"type": "LineString", "coordinates": [[34.8062, -3.8021], [34.8146, -3.7938], [34.8229, -3.7938], [34.8312, -3.7854], [34.8354, -3.7854], [34.8396, -3.7813]]}}, {"type": "Feature", "properties": {"order": 5, "discharge": 9.17}, "geometry": {"type": "LineString", "coordinates": [[36.0521, -3.8021], [36.0437, -3.7938], [36.0479, -3.7896], [36.0437, -3.7854]]}}, {"type": "Feature", "properties": {"order": 7, "discharge": 160.31}, "geometry": {"type": "LineString", "coordinates": [[34.7187, -3.8063], [34.7437, -3.8063], [34.7479, -3.8104], [34.7604, -3.8104]]}}, {"type": "Feature", "properties": {"order": 7, "discharge": 161.84}, "geometry": {"type": "LineString", "coordinates": [[34.7604, -3.8104], [34.7646, -3.8104], [34.7729, -3.8021], [34.8021, -3.8021]]}}, {"type": "Feature", "properties": {"order": 5, "discharge": 12.5}, "geometry": {"type": "LineString", "coordinates": [[31.6396, -3.7646], [31.6396, -3.7688], [31.6354, -3.7729], [31.6354, -3.7813], [31.6271, -3.7896], [31.6271, -3.8021], [31.6187, -3.8104], [31.6187, -3.8146]]}}, {"type": "Feature", "properties": {"order": 5, "discharge": 72.46}, "geometry": {"type": "LineString", "coordinates": [[37.4604, -3.7979], [37.4604, -3.8021], [37.4646, -3.8063], [37.4646, -3.8146]]}}, {"type": "Feature", "properties": {"order": 5, "discharge": 8.56}, "geometry": {"type": "LineString", "coordinates": [[36.0562, -3.8188], [36.0562, -3.8063], [36.0521, -3.8021]]}}, {"type": "Feature", "properties": {"order": 5, "discharge": 72.64}, "geometry": {"type": "LineString", "coordinates": [[37.4646, -3.8146], [37.4687, -3.8188]]}}, {"type": "Feature", "properties": {"order": 5, "discharge": 47.48}, "geometry": {"type": "LineString", "coordinates": [[31.2979, -3.7854], [31.2979, -3.7896], [31.3021, -3.7938], [31.3021, -3.8229]]}}, {"type": "Feature", "properties": {"order": 5, "discharge": 8.57}, "geometry": {"type": "LineString", "coordinates": [[36.0604, -3.8271], [36.0604, -3.8229], [36.0562, -3.8188]]}}, {"type": "Feature", "properties": {"order": 5, "discharge": 72.72}, "geometry": {"type": "LineString", "coordinates": [[37.4687, -3.8188], [37.4687, -3.8271]]}}, {"type": "Feature", "properties": {"order": 5, "discharge": 47.97}, "geometry": {"type": "LineString", "coordinates": [[31.3021, -3.8229], [31.3104, -3.8313]]}}, {"type": "Feature", "properties": {"order": 7, "discharge": 159.09}, "geometry": {"type": "LineString", "coordinates": [[34.7021, -3.8313], [34.7062, -3.8271], [34.7062, -3.8188], [34.7104, -3.8146], [34.7146, -3.8146], [34.7146, -3.8104], [34.7187, -3.8063]]}}, {"type": "Feature", "properties": {"order": 5, "discharge": 59.68}, "geometry": {"type": "LineString", "coordinates": [[30.4021, -3.7938], [30.4021, -3.8021], [30.4062, -3.8063], [30.4062, -3.8188], [30.4104, -3.8229], [30.4104, -3.8354], [30.4062, -3.8396], [30.4062, -3.8438]]}}, {"type": "Feature", "properties": {"order": 5, "discharge": 5.72}, "geometry": {"type": "LineString", "coordinates": [[33.9771, -3.8271], [33.9771, -3.8313], [33.9812, -3.8354], [33.9812, -3.8396], [33.9854, -3.8438]]}}, {"type": "Feature", "properties": {"order": 5, "discharge": 8.53}, "geometry": {"type": "LineString", "coordinates": [[36.0646, -3.8438], [36.0646, -3.8354], [36.0604, -3.8313], [36.0604, -3.8271]]}}, {"type": "Feature", "properties": {"order": 5, "discharge": 59.81}, "geometry": {"type": "LineString", "coordinates": [[30.4062, -3.8438], [30.4062, -3.8479]]}}, {"type": "Feature", "properties": {"order": 5, "discharge": 48.3}, "geometry": {"type": "LineString", "coordinates": [[31.3104, -3.8313], [31.3104, -3.8438], [31.3146, -3.8479]]}}, {"type": "Feature", "properties": {"order": 5, "discharge": 12.61}, "geometry": {"type": "LineString", "coordinates": [[31.6187, -3.8146], [31.6146, -3.8188], [31.6146, -3.8229], [31.6187, -3.8271], [31.6187, -3.8313], [31.6062, -3.8438], [31.6062, -3.8521]]}}, {"type": "Feature", "properties": {"order": 5, "discharge": 73.3}, "geometry": {"type": "LineString", "coordinates": [[37.4687, -3.8271], [37.4604, -3.8354], [37.4604, -3.8563], [37.4562, -3.8604]]}}, {"type": "Feature", "properties": {"order": 5, "discharge": 48.68}, "geometry": {"type": "LineString", "coordinates": [[31.3146, -3.8479], [31.3104, -3.8521], [31.3104, -3.8646]]}}, {"type": "Feature", "properties": {"order": 5, "discharge": 8.51}, "geometry": {"type": "LineString", "coordinates": [[36.0604, -3.8646], [36.0604, -3.8563], [36.0646, -3.8521], [36.0646, -3.8438]]}}, {"type": "Feature", "properties": {"order": 5, "discharge": 73.37}, "geometry": {"type": "LineString", "coordinates": [[37.4562, -3.8604], [37.4562, -3.8688]]}}, {"type": "Feature", "properties": {"order": 5, "discharge": 12.64}, "geometry": {"type": "LineString", "coordinates": [[31.6062, -3.8521], [31.6062, -3.8604], [31.6021, -3.8646], [31.6021, -3.8688], [31.5979, -3.8729], [31.5937, -3.8729]]}}, {"type": "Feature", "properties": {"order": 5, "discharge": 5.82}, "geometry": {"type": "LineString", "coordinates": [[33.9854, -3.8438], [33.9854, -3.8521], [33.9896, -3.8563], [33.9896, -3.8688], [33.9854, -3.8729]]}}, {"type": "Feature", "properties": {"order": 5, "discharge": 4.25}, "geometry": {"type": "LineString", "coordinates": [[36.0437, -3.7854], [36.0396, -3.7854], [36.0354, -3.7813], [36.0312, -3.7813], [36.0229, -3.7729], [36.0187, -3.7729], [36.0146, -3.7771], [36.0104, -3.7771], [36.0062, -3.7813], [36.0021, -3.7813], [35.9937, -3.7896], [35.9854, -3.7813], [35.9771, -3.7896], [35.9729, -3.7854], [35.9687, -3.7896], [35.9646, -3.7896], [35.9604, -3.7854], [35.9562, -3.7896], [35.9437, -3.7771], [35.9396, -3.7771], [35.9354, -3.7813], [35.9312, -3.7813], [35.9229, -3.7896], [35.9187, -3.7854], [35.9104, -3.7938], [35.9062, -3.7938], [35.9021, -3.7979], [35.8937, -3.7979], [35.8896, -3.8021], [35.8896, -3.8063], [35.8854, -3.8104], [35.8854, -3.8396], [35.8812, -3.8438], [35.8812, -3.8563], [35.8771, -3.8604], [35.8771, -3.8646], [35.8812, -3.8688], [35.8812, -3.8729]]}}, {"type": "Feature", "properties": {"order": 5, "discharge": 8.47}, "geometry": {"type": "LineString", "coordinates": [[36.0687, -3.8771], [36.0646, -3.8729], [36.0646, -3.8688], [36.0604, -3.8646]]}}, {"type": "Feature", "properties": {"order": 5, "discharge": 60.19}, "geometry": {"type": "LineString", "coordinates": [[30.4062, -3.8479], [30.4062, -3.8521], [30.4104, -3.8563], [30.4104, -3.8646], [30.4062, -3.8688], [30.4062, -3.8771], [30.4104, -3.8813]]}}, {"type": "Feature", "properties": {"order": 5, "discharge": 49.01}, "geometry": {"type": "LineString", "coordinates": [[31.3104, -3.8646], [31.3146, -3.8688], [31.3146, -3.8771], [31.3187, -3.8813]]}}, {"type": "Feature", "properties": {"order": 5, "discharge": 13.39}, "geometry": {"type": "LineString", "coordinates": [[31.5937, -3.8729], [31.5854, -3.8813]]}}, {"type": "Feature", "properties": {"order": 5, "discharge": 10.39}, "geometry": {"type": "LineString", "coordinates": [[33.5771, -3.8771], [33.5812, -3.8813], [33.5896, -3.8813]]}}, {"type": "Feature", "properties": {"order": 5, "discharge": 10.49}, "geometry": {"type": "LineString", "coordinates": [[33.5896, -3.8813], [33.5937, -3.8771]]}}, {"type": "Feature", "properties": {"order": 5, "discharge": 73.5}, "geometry": {"type": "LineString", "coordinates": [[37.4562, -3.8688], [37.4562, -3.8813]]}}, {"type": "Feature", "properties": {"order": 5, "discharge": 10.71}, "geometry": {"type": "LineString", "coordinates": [[33.5937, -3.8771], [33.5979, -3.8771], [33.6021, -3.8813], [33.6062, -3.8813], [33.6104, -3.8854], [33.6146, -3.8854], [33.6187, -3.8813], [33.6271, -3.8813]]}}, {"type": "Feature", "properties": {"order": 5, "discharge": 12.23}, "geometry": {"type": "LineString", "coordinates": [[33.6271, -3.8813], [33.6312, -3.8854]]}}, {"type": "Feature", "properties": {"order": 5, "discharge": 12.33}, "geometry": {"type": "LineString", "coordinates": [[33.6312, -3.8854], [33.6354, -3.8854], [33.6396, -3.8896], [33.6437, -3.8896]]}}, {"type": "Feature", "properties": {"order": 5, "discharge": 49.28}, "geometry": {"type": "LineString", "coordinates": [[31.3187, -3.8813], [31.3187, -3.8938]]}}, {"type": "Feature", "properties": {"order": 7, "discharge": 157.29}, "geometry": {"type": "LineString", "coordinates": [[34.6312, -3.8938], [34.6354, -3.8896], [34.6354, -3.8813], [34.6396, -3.8771], [34.6396, -3.8688], [34.6479, -3.8604], [34.6687, -3.8604], [34.6729, -3.8563], [34.6812, -3.8563], [34.6854, -3.8604], [34.6937, -3.8604], [34.6979, -3.8563], [34.6979, -3.8396], [34.7021, -3.8354], [34.7021, -3.8313]]}}, {"type": "Feature", "properties": {"order": 5, "discharge": 73.68}, "geometry": {"type": "LineString", "coordinates": [[37.4562, -3.8813], [37.4646, -3.8896], [37.4646, -3.8938], [37.4687, -3.8979]]}}, {"type": "Feature", "properties": {"order": 5, "discharge": 5.89}, "geometry": {"type": "LineString", "coordinates": [[33.9854, -3.8729], [33.9896, -3.8771], [33.9896, -3.8979], [33.9937, -3.9021]]}}, {"type": "Feature", "properties": {"order": 7, "discharge": 154.46}, "geometry": {"type": "LineString", "coordinates": [[34.6229, -3.9021], [34.6312, -3.8938]]}}, {"type": "Feature", "properties": {"order": 5, "discharge": 12.43}, "geometry": {"type": "LineString", "coordinates": [[33.6437, -3.8896], [33.6479, -3.8938], [33.6479, -3.8979], [33.6521, -3.9021], [33.6521, -3.9063]]}}, {"type": "Feature", "properties": {"order": 7, "discharge": 153.18}, "geometry": {"type": "LineString", "coordinates": [[34.6146, -3.9063], [34.6187, -3.9063]]}}, {"type": "Feature", "properties": {"order": 7, "discharge": 153.52}, "geometry": {"type": "LineString", "coordinates": [[34.6187, -3.9063], [34.6229, -3.9021]]}}, {"type": "Feature", "properties": {"order": 5, "discharge": 8.41}, "geometry": {"type": "LineString", "coordinates": [[36.0729, -3.9104], [36.0687, -3.9063], [36.0729, -3.9021], [36.0729, -3.8938], [36.0687, -3.8896], [36.0729, -3.8854], [36.0687, -3.8813], [36.0687, -3.8771]]}}, {"type": "Feature", "properties": {"order": 7, "discharge": 149.27}, "geometry": {"type": "LineString", "coordinates": [[34.5979, -3.9146], [34.6021, -3.9146], [34.6062, -3.9104], [34.6104, -3.9104], [34.6146, -3.9063]]}}, {"type": "Feature", "properties": {"order": 5, "discharge": 13.44}, "geometry": {"type": "LineString", "coordinates": [[31.5854, -3.8813], [31.5729, -3.8938], [31.5771, -3.8979], [31.5771, -3.9188]]}}, {"type": "Feature", "properties": {"order": 5, "discharge": 8.41}, "geometry": {"type": "LineString", "coordinates": [[36.0729, -3.9188], [36.0729, -3.9104]]}}, {"type": "Feature", "properties": {"order": 5, "discharge": 73.87}, "geometry": {"type": "LineString", "coordinates": [[37.4687, -3.8979], [37.4604, -3.9063], [37.4604, -3.9188]]}}, {"type": "Feature", "properties": {"order": 5, "discharge": 50.89}, "geometry": {"type": "LineString", "coordinates": [[31.3187, -3.8938], [31.3312, -3.9063], [31.3312, -3.9188], [31.3354, -3.9229]]}}, {"type": "Feature", "properties": {"order": 7, "discharge": 148.88}, "geometry": {"type": "LineString", "coordinates": [[34.5896, -3.9229], [34.5979, -3.9146]]}}, {"type": "Feature", "properties": {"order": 5, "discharge": 13.51}, "geometry": {"type": "LineString", "coordinates": [[31.5771, -3.9188], [31.5687, -3.9271]]}}, {"type": "Feature", "properties": {"order": 5, "discharge": 12.51}, "geometry": {"type": "LineString", "coordinates": [[33.6521, -3.9063], [33.6521, -3.9188], [33.6604, -3.9271]]}}, {"type": "Feature", "properties": {"order": 7, "discharge": 148.04}, "geometry": {"type": "LineString", "coordinates": [[34.5687, -3.9271], [34.5729, -3.9271], [34.5771, -3.9229], [34.5896, -3.9229]]}}, {"type": "Feature", "properties": {"order": 5, "discharge": 62.42}, "geometry": {"type": "LineString", "coordinates": [[30.4104, -3.8813], [30.4062, -3.8854], [30.4062, -3.8979], [30.4104, -3.9021], [30.4104, -3.9271], [30.4062, -3.9313]]}}, {"type": "Feature", "properties": {"order": 5, "discharge": 13.6}, "geometry": {"type": "LineString", "coordinates": [[33.7146, -3.9313], [33.7187, -3.9271], [33.7271, -3.9271], [33.7312, -3.9313], [33.7396, -3.9313]]}}, {"type": "Feature", "properties": {"order": 5, "discharge": 13.68}, "geometry": {"type": "LineString", "coordinates": [[33.7396, -3.9313], [33.7562, -3.9313]]}}, {"type": "Feature", "properties": {"order": 7, "discharge": 128.63}, "geometry": {"type": "LineString", "coordinates": [[34.5021, -3.9271], [34.5062, -3.9271], [34.5104, -3.9313]]}}, {"type": "Feature", "properties": {"order": 7, "discharge": 129.15}, "geometry": {"type": "LineString", "coordinates": [[34.5104, -3.9313], [34.5146, -3.9271], [34.5187, -3.9313], [34.5354, -3.9313]]}}, {"type": "Feature", "properties": {"order": 7, "discharge": 146.15}, "geometry": {"type": "LineString", "coordinates": [[34.5354, -3.9313], [34.5396, -3.9313]]}}, {"type": "Feature", "properties": {"order": 7, "discharge": 146.94}, "geometry": {"type": "LineString", "coordinates": [[34.5396, -3.9313], [34.5479, -3.9313]]}}, {"type": "Feature", "properties": {"order": 7, "discharge": 147.45}, "geometry": {"type": "LineString", "coordinates": [[34.5479, -3.9313], [34.5646, -3.9313]]}}, {"type": "Feature", "properties": {"order": 7, "discharge": 147.57}, "geometry": {"type": "LineString", "coordinates": [[34.5646, -3.9313], [34.5687, -3.9271]]}}, {"type": "Feature", "properties": {"order": 5, "discharge": 51.56}, "geometry": {"type": "LineString", "coordinates": [[31.3354, -3.9229], [31.3396, -3.9271], [31.3396, -3.9354]]}}, {"type": "Feature", "properties": {"order": 5, "discharge": 5.98}, "geometry": {"type": "LineString", "coordinates": [[33.9937, -3.9021], [33.9979, -3.9063], [33.9979, -3.9188], [34.0021, -3.9229], [33.9979, -3.9271], [33.9979, -3.9313], [34.0021, -3.9354]]}}, {"type": "Feature", "properties": {"order": 5, "discharge": 13.55}, "geometry": {"type": "LineString", "coordinates": [[31.5687, -3.9271], [31.5562, -3.9396]]}}, {"type": "Feature", "properties": {"order": 5, "discharge": 13.52}, "geometry": {"type": "LineString", "coordinates": [[33.6896, -3.9396], [33.6937, -3.9354], [33.7104, -3.9354], [33.7146, -3.9313]]}}, {"type": "Feature", "properties": {"order": 5, "discharge": 74.08}, "geometry": {"type": "LineString", "coordinates": [[37.4604, -3.9188], [37.4646, -3.9229], [37.4646, -3.9313], [37.4729, -3.9396]]}}, {"type": "Feature", "properties": {"order": 5, "discharge": 62.98}, "geometry": {"type": "LineString", "coordinates": [[30.4062, -3.9313], [30.4062, -3.9396], [30.4104, -3.9438]]}}, {"type": "Feature", "properties": {"order": 5, "discharge": 12.59}, "geometry": {"type": "LineString", "coordinates": [[33.6604, -3.9271], [33.6771, -3.9438]]}}, {"type": "Feature", "properties": {"order": 5, "discharge": 12.7}, "geometry": {"type": "LineString", "coordinates": [[33.6771, -3.9438], [33.6812, -3.9438]]}}, {"type": "Feature", "properties": {"order": 5, "discharge": 12.74}, "geometry": {"type": "LineString", "coordinates": [[33.6812, -3.9438], [33.6854, -3.9396], [33.6896, -3.9396]]}}, {"type": "Feature", "properties": {"order": 7, "discharge": 128.46}, "geometry": {"type": "LineString", "coordinates": [[34.4604, -3.9438], [34.4646, -3.9438], [34.4687, -3.9396], [34.4729, -3.9396], [34.4812, -3.9313], [34.4937, -3.9313], [34.4979, -3.9271], [34.5021, -3.9271]]}}, {"type": "Feature", "properties": {"order": 5, "discharge": 13.85}, "geometry": {"type": "LineString", "coordinates": [[33.7562, -3.9313], [33.7646, -3.9313], [33.7812, -3.9479], [33.7854, -3.9479]]}}, {"type": "Feature", "properties": {"order": 5, "discharge": 6.02}, "geometry": {"type": "LineString", "coordinates": [[34.0021, -3.9354], [34.0062, -3.9396], [34.0062, -3.9479]]}}, {"type": "Feature", "properties": {"order": 5, "discharge": 74.32}, "geometry": {"type": "LineString", "coordinates": [[37.4729, -3.9396], [37.4687, -3.9438], [37.4729, -3.9479]]}}, {"type": "Feature", "properties": {"order": 5, "discharge": 63.26}, "geometry": {"type": "LineString", "coordinates": [[30.4104, -3.9438], [30.4104, -3.9479], [30.4146, -3.9521]]}}, {"type": "Feature", "properties": {"order": 5, "discharge": 13.91}, "geometry": {"type": "LineString", "coordinates": [[33.7854, -3.9479], [33.7937, -3.9479], [33.7979, -3.9521], [33.8062, -3.9521]]}}, {"type": "Feature", "properties": {"order": 5, "discharge": 14.77}, "geometry": {"type": "LineString", "coordinates": [[33.8687, -3.9563], [33.8771, -3.9563], [33.8812, -3.9521], [33.8854, -3.9521], [33.8896, -3.9479], [33.8979, -3.9479], [33.9062, -3.9563], [33.9104, -3.9563]]}}, {"type": "Feature", "properties": {"order": 5, "discharge": 15.2}, "geometry": {"type": "LineString", "coordinates": [[33.9104, -3.9563], [33.9271, -3.9563]]}}, {"type": "Feature", "properties": {"order": 5, "discharge": 4.14}, "geometry": {"type": "LineString", "coordinates": [[39.4812, -3.9521], [39.4854, -3.9563], [39.4896, -3.9563], [39.4979, -3.9479], [39.5021, -3.9479], [39.5062, -3.9438]]}}, {"type": "Feature", "properties": {"order": 5, "discharge": 63.57}, "geometry": {"type": "LineString", "coordinates": [[30.4146, -3.9521], [30.4229, -3.9604]]}}, {"type": "Feature", "properties": {"order": 5, "discharge": 14.02}, "geometry": {"type": "LineString", "coordinates": [[33.8062, -3.9521], [33.8104, -3.9521], [33.8146, -3.9479], [33.8312, -3.9479], [33.8396, -3.9563], [33.8396, -3.9604]]}}, {"type": "Feature", "properties": {"order": 5, "discharge": 8.37}, "geometry": {"type": "LineString", "coordinates": [[36.0854, -3.9604], [36.0854, -3.9521], [36.0771, -3.9438], [36.0771, -3.9229], [36.0729, -3.9188]]}}, {"type": "Feature", "properties": {"order": 5, "discharge": 4.2}, "geometry": {"type": "LineString", "coordinates": [[39.4604, -3.9563], [39.4646, -3.9521], [39.4729, -3.9604], [39.4771, -3.9604], [39.4771, -3.9563], [39.4812, -3.9521]]}}, {"type": "Feature", "properties": {"order": 5, "discharge": 14.19}, "geometry": {"type": "LineString", "coordinates": [[33.8396, -3.9604], [33.8479, -3.9604], [33.8521, -3.9646], [33.8562, -3.9646], [33.8646, -3.9563], [33.8687, -3.9563]]}}, {"type": "Feature", "properties": {"order": 5, "discharge": 74.45}, "geometry": {"type": "LineString", "coordinates": [[37.4729, -3.9479], [37.4771, -3.9521], [37.4771, -3.9646]]}}, {"type": "Feature", "properties": {"order": 7, "discharge": 125.86}, "geometry": {"type": "LineString", "coordinates": [[34.4104, -3.9688], [34.4187, -3.9688], [34.4229, -3.9646], [34.4271, -3.9646], [34.4437, -3.9479], [34.4479, -3.9479], [34.4521, -3.9438], [34.4604, -3.9438]]}}, {"type": "Feature", "properties": {"order": 5, "discharge": 64.8}, "geometry": {"type": "LineString", "coordinates": [[30.4229, -3.9604], [30.4312, -3.9604], [30.4437, -3.9729]]}}, {"type": "Feature", "properties": {"order": 7, "discharge": 123.73}, "geometry": {"type": "LineString", "coordinates": [[34.3937, -3.9813], [34.4021, -3.9729], [34.4062, -3.9729], [34.4104, -3.9688]]}}, {"type": "Feature", "properties": {"order": 5, "discharge": 4.51}, "geometry": {"type": "LineString", "coordinates": [[39.5062, -3.9438], [39.5146, -3.9521], [39.5104, -3.9563], [39.5104, -3.9646], [39.5187, -3.9729], [39.5146, -3.9771], [39.5187, -3.9813]]}}, {"type": "Feature", "properties": {"order": 5, "discharge": 65.3}, "geometry": {"type": "LineString", "coordinates": [[30.4437, -3.9729], [30.4437, -3.9771], [30.4521, -3.9854]]}}, {"type": "Feature", "properties": {"order": 5, "discharge": 74.6}, "geometry": {"type": "LineString", "coordinates": [[37.4771, -3.9646], [37.4771, -3.9854]]}}, {"type": "Feature", "properties": {"order": 5, "discharge": 53.2}, "geometry": {"type": "LineString", "coordinates": [[31.3396, -3.9354], [31.3396, -3.9438], [31.3437, -3.9479], [31.3437, -3.9521], [31.3479, -3.9563], [31.3479, -3.9604], [31.3521, -3.9646], [31.3521, -3.9688], [31.3562, -3.9729], [31.3562, -3.9771], [31.3604, -3.9813], [31.3604, -3.9854], [31.3646, -3.9896]]}}, {"type": "Feature", "properties": {"order": 5, "discharge": 13.6}, "geometry": {"type": "LineString", "coordinates": [[31.5562, -3.9396], [31.5562, -3.9438], [31.5521, -3.9438], [31.5312, -3.9646], [31.5271, -3.9646], [31.5229, -3.9688], [31.5229, -3.9771], [31.5187, -3.9813], [31.5229, -3.9854], [31.5229, -3.9896]]}}, {"type": "Feature", "properties": {"order": 5, "discharge": 65.82}, "geometry": {"type": "LineString", "coordinates": [[30.4521, -3.9854], [30.4604, -3.9854], [30.4687, -3.9938], [30.4854, -3.9938]]}}, {"type": "Feature", "properties": {"order": 5, "discharge": 15.48}, "geometry": {"type": "LineString", "coordinates": [[33.9271, -3.9563], [33.9437, -3.9729], [33.9437, -3.9896], [33.9479, -3.9938]]}}, {"type": "Feature", "properties": {"order": 5, "discharge": 66.58}, "geometry": {"type": "LineString", "coordinates": [[30.4854, -3.9938], [30.4896, -3.9979], [30.5104, -3.9979]]}}, {"type": "Feature", "properties": {"order": 5, "discharge": 74.69}, "geometry": {"type": "LineString", "coordinates": [[37.4771, -3.9854], [37.4771, -3.9896], [37.4812, -3.9938], [37.4812, -3.9979]]}}, {"type": "Feature", "properties": {"order": 5, "discharge": 13.7}, "geometry": {"type": "LineString", "coordinates": [[31.5187, -4.0021], [31.5146, -4.0021]]}}, {"type": "Feature", "properties": {"order": 5, "discharge": 13.67}, "geometry": {"type": "LineString", "coordinates": [[31.5229, -3.9896], [31.5229, -3.9979], [31.5187, -4.0021]]}}, {"type": "Feature", "properties": {"order": 5, "discharge": 15.52}, "geometry": {"type": "LineString", "coordinates": [[33.9479, -3.9938], [33.9521, -3.9979], [33.9562, -3.9979], [33.9604, -4.0021]]}}, {"type": "Feature", "properties": {"order": 5, "discharge": 74.31}, "geometry": {"type": "LineString", "coordinates": [[37.4812, -3.9979], [37.4854, -4.0021], [37.4854, -4.0063], [37.4896, -4.0104]]}}, {"type": "Feature", "properties": {"order": 5, "discharge": 66.9}, "geometry": {"type": "LineString", "coordinates": [[30.5104, -3.9979], [30.5146, -3.9979], [30.5187, -4.0021], [30.5229, -4.0021], [30.5271, -4.0063], [30.5271, -4.0104], [30.5312, -4.0146]]}}, {"type": "Feature", "properties": {"order": 5, "discharge": 53.7}, "geometry": {"type": "LineString", "coordinates": [[31.3646, -3.9896], [31.3604, -3.9938], [31.3604, -4.0146]]}}, {"type": "Feature", "properties": {"order": 5, "discharge": 15.59}, "geometry": {"type": "LineString", "coordinates": [[33.9604, -4.0021], [33.9729, -4.0146], [33.9812, -4.0146]]}}, {"type": "Feature", "properties": {"order": 5, "discharge": 6.11}, "geometry": {"type": "LineString", "coordinates": [[34.0062, -3.9479], [34.0062, -3.9563], [33.9937, -3.9688], [33.9979, -3.9729], [33.9937, -3.9771], [33.9937, -3.9813], [33.9896, -3.9854], [33.9896, -3.9896], [33.9854, -3.9938], [33.9854, -4.0063], [33.9812, -4.0104], [33.9812, -4.0146]]}}, {"type": "Feature", "properties": {"order": 7, "discharge": 123.53}, "geometry": {"type": "LineString", "coordinates": [[34.3687, -4.0146], [34.3771, -4.0063], [34.3771, -3.9979], [34.3937, -3.9813]]}}, {"type": "Feature", "properties": {"order": 5, "discharge": 4.7}, "geometry": {"type": "LineString", "coordinates": [[39.5187, -3.9813], [39.5229, -3.9854], [39.5187, -3.9896], [39.5271, -3.9979], [39.5271, -4.0146]]}}, {"type": "Feature", "properties": {"order": 5, "discharge": 67.01}, "geometry": {"type": "LineString", "coordinates": [[30.5312, -4.0146], [30.5354, -4.0188], [30.5396, -4.0188]]}}, {"type": "Feature", "properties": {"order": 7, "discharge": 122.97}, "geometry": {"type": "LineString", "coordinates": [[34.3646, -4.0188], [34.3687, -4.0146]]}}, {"type": "Feature", "properties": {"order": 7, "discharge": 117.81}, "geometry": {"type": "LineString", "coordinates": [[34.3604, -4.0229], [34.3646, -4.0188]]}}, {"type": "Feature", "properties": {"order": 5, "discharge": 8.26}, "geometry": {"type": "LineString", "coordinates": [[36.0854, -4.0229], [36.0896, -4.0188], [36.0896, -3.9896], [36.0854, -3.9854], [36.0854, -3.9604]]}}, {"type": "Feature", "properties": {"order": 5, "discharge": 73.74}, "geometry": {"type": "LineString", "coordinates": [[37.4896, -4.0104], [37.4937, -4.0146], [37.4979, -4.0146], [37.5021, -4.0188], [37.5021, -4.0229]]}}, {"type": "Feature", "properties": {"order": 5, "discharge": 67.35}, "geometry": {"type": "LineString", "coordinates": [[30.5396, -4.0188], [30.5437, -4.0229], [30.5479, -4.0229], [30.5521, -4.0271]]}}, {"type": "Feature", "properties": {"order": 6, "discharge": 21.7}, "geometry": {"type": "LineString", "coordinates": [[33.9812, -4.0146], [33.9854, -4.0146], [33.9896, -4.0188], [33.9937, -4.0188], [33.9979, -4.0229], [34.0021, -4.0229], [34.0062, -4.0271], [34.0062, -4.0313]]}}, {"type": "Feature", "properties": {"order": 5, "discharge": 16.91}, "geometry": {"type": "LineString", "coordinates": [[34.4979, -4.0313], [34.5062, -4.0229], [34.5062, -4.0188], [34.5104, -4.0146], [34.5104, -4.0063], [34.5146, -4.0021], [34.5146, -3.9938], [34.5187, -3.9896], [34.5187, -3.9813], [34.5146, -3.9771], [34.5146, -3.9729], [34.5187, -3.9688], [34.5187, -3.9646], [34.5229, -3.9604], [34.5229, -3.9563], [34.5312, -3.9479], [34.5312, -3.9438], [34.5354, -3.9396], [34.5354, -3.9313]]}}, {"type": "Feature", "properties": {"order": 5, "discharge": 73.49}, "geometry": {"type": "LineString", "coordinates": [[37.5021, -4.0229], [37.5062, -4.0271], [37.5062, -4.0313], [37.5104, -4.0354]]}}, {"type": "Feature", "properties": {"order": 5, "discharge": 5.3}, "geometry": {"type": "LineString", "coordinates": [[39.5271, -4.0146], [39.5479, -4.0354], [39.5604, -4.0354]]}}, {"type": "Feature", "properties": {"order": 5, "discharge": 5.35}, "geometry": {"type": "LineString", "coordinates": [[39.5604, -4.0354], [39.5646, -4.0396]]}}, {"type": "Feature", "properties": {"order": 5, "discharge": 5.72}, "geometry": {"type": "LineString", "coordinates": [[39.5646, -4.0396], [39.5687, -4.0438]]}}, {"type": "Feature", "properties": {"order": 5, "discharge": 54.32}, "geometry": {"type": "LineString", "coordinates": [[31.3604, -4.0146], [31.3604, -4.0271], [31.3562, -4.0313], [31.3562, -4.0354], [31.3604, -4.0396], [31.3604, -4.0438], [31.3562, -4.0479]]}}, {"type": "Feature", "properties": {"order": 5, "discharge": 73.48}, "geometry": {"type": "LineString", "coordinates": [[37.5104, -4.0354], [37.5104, -4.0396], [37.5062, -4.0438], [37.5062, -4.0479]]}}, {"type": "Feature", "properties": {"order": 5, "discharge": 67.92}, "geometry": {"type": "LineString", "coordinates": [[30.5521, -4.0271], [30.5562, -4.0271], [30.5646, -4.0354], [30.5646, -4.0396], [30.5729, -4.0479], [30.5896, -4.0479], [30.5937, -4.0521], [30.5979, -4.0479]]}}, {"type": "Feature", "properties": {"order": 5, "discharge": 68.08}, "geometry": {"type": "LineString", "coordinates": [[30.5979, -4.0479], [30.6021, -4.0521], [30.6104, -4.0521]]}}, {"type": "Feature", "properties": {"order": 6, "discharge": 21.95}, "geometry": {"type": "LineString", "coordinates": [[34.0062, -4.0313], [34.0104, -4.0354], [34.0104, -4.0396], [34.0187, -4.0479], [34.0271, -4.0479], [34.0354, -4.0563], [34.0437, -4.0563]]}}, {"type": "Feature", "properties": {"order": 5, "discharge": 8.45}, "geometry": {"type": "LineString", "coordinates": [[36.0729, -4.0563], [36.0729, -4.0479], [36.0771, -4.0438], [36.0771, -4.0354], [36.0854, -4.0271], [36.0854, -4.0229]]}}, {"type": "Feature", "properties": {"order": 5, "discharge": 54.52}, "geometry": {"type": "LineString", "coordinates": [[31.3562, -4.0479], [31.3604, -4.0521], [31.3604, -4.0604]]}}, {"type": "Feature", "properties": {"order": 5, "discharge": 68.58}, "geometry": {"type": "LineString", "coordinates": [[30.6104, -4.0521], [30.6146, -4.0563], [30.6229, -4.0563], [30.6312, -4.0646]]}}, {"type": "Feature", "properties": {"order": 7, "discharge": 111.62}, "geometry": {"type": "LineString", "coordinates": [[34.3187, -4.0646], [34.3604, -4.0229]]}}, {"type": "Feature", "properties": {"order": 5, "discharge": 69.7}, "geometry": {"type": "LineString", "coordinates": [[30.6312, -4.0646], [30.6354, -4.0688], [30.6396, -4.0688]]}}, {"type": "Feature", "properties": {"order": 5, "discharge": 54.67}, "geometry": {"type": "LineString", "coordinates": [[31.3604, -4.0604], [31.3646, -4.0646], [31.3646, -4.0688]]}}, {"type": "Feature", "properties": {"order": 6, "discharge": 22.12}, "geometry": {"type": "LineString", "coordinates": [[34.1104, -4.0729], [34.1229, -4.0729]]}}, {"type": "Feature", "properties": {"order": 7, "discharge": 111.48}, "geometry": {"type": "LineString", "coordinates": [[34.3104, -4.0729], [34.3187, -4.0646]]}}, {"type": "Feature", "properties": {"order": 5, "discharge": 70.02}, "geometry": {"type": "LineString", "coordinates": [[30.6396, -4.0688], [30.6479, -4.0771]]}}, {"type": "Feature", "properties": {"order": 5, "discharge": 14.06}, "geometry": {"type": "LineString", "coordinates": [[31.5146, -4.0021], [31.5062, -4.0104], [31.5062, -4.0271], [31.5021, -4.0313], [31.4979, -4.0313], [31.4937, -4.0354], [31.4896, -4.0354], [31.4812, -4.0438], [31.4812, -4.0771]]}}, {"type": "Feature", "properties": {"order": 6, "discharge": 22.07}, "geometry": {"type": "LineString", "coordinates": [[34.0437, -4.0563], [34.0479, -4.0604], [34.0521, -4.0604], [34.0646, -4.0729], [34.0812, -4.0729], [34.0854, -4.0688], [34.0896, -4.0729], [34.0937, -4.0729], [34.0979, -4.0771], [34.1021, -4.0771], [34.1062, -4.0729], [34.1104, -4.0729]]}}, {"type": "Feature", "properties": {"order": 7, "discharge": 111.39}, "geometry": {"type": "LineString", "coordinates": [[34.3062, -4.0771], [34.3104, -4.0729]]}}, {"type": "Feature", "properties": {"order": 5, "discharge": 54.87}, "geometry": {"type": "LineString", "coordinates": [[31.3646, -4.0688], [31.3646, -4.0813]]}}, {"type": "Feature", "properties": {"order": 5, "discharge": 16.01}, "geometry": {"type": "LineString", "coordinates": [[34.5146, -4.0854], [34.5104, -4.0813], [34.5104, -4.0729], [34.5062, -4.0688], [34.5062, -4.0521], [34.5021, -4.0479], [34.5021, -4.0438], [34.4979, -4.0396], [34.4979, -4.0313]]}}, {"type": "Feature", "properties": {"order": 5, "discharge": 72.54}, "geometry": {"type": "LineString", "coordinates": [[37.5062, -4.0479], [37.5104, -4.0521], [37.5104, -4.0563], [37.5187, -4.0646], [37.5229, -4.0646], [37.5271, -4.0688], [37.5271, -4.0729], [37.5312, -4.0771], [37.5312, -4.0813], [37.5354, -4.0854]]}}, {"type": "Feature", "properties": {"order": 7, "discharge": 111.27}, "geometry": {"type": "LineString", "coordinates": [[34.2937, -4.0896], [34.3062, -4.0771]]}}, {"type": "Feature", "properties": {"order": 5, "discharge": 72.6}, "geometry": {"type": "LineString", "coordinates": [[37.5354, -4.0854], [37.5354, -4.0896]]}}, {"type": "Feature", "properties": {"order": 5, "discharge": 70.41}, "geometry": {"type": "LineString", "coordinates": [[30.6479, -4.0771], [30.6521, -4.0813], [30.6521, -4.0854], [30.6562, -4.0896], [30.6604, -4.0896], [30.6646, -4.0938], [30.6646, -4.1021], [30.6687, -4.1063]]}}, {"type": "Feature", "properties": {"order": 6, "discharge": 22.29}, "geometry": {"type": "LineString", "coordinates": [[34.1229, -4.0729], [34.1312, -4.0729], [34.1354, -4.0771], [34.1312, -4.0813], [34.1312, -4.0854], [34.1396, -4.0938], [34.1437, -4.0938], [34.1521, -4.1021], [34.1562, -4.1021], [34.1604, -4.1063], [34.1729, -4.1063]]}}, {"type": "Feature", "properties": {"order": 5, "discharge": 55.39}, "geometry": {"type": "LineString", "coordinates": [[31.3646, -4.0813], [31.3646, -4.1021], [31.3604, -4.1063], [31.3604, -4.1146]]}}, {"type": "Feature", "properties": {"order": 5, "discharge": 8.71}, "geometry": {"type": "LineString", "coordinates": [[36.0729, -4.1146], [36.0729, -4.0563]]}}, {"type": "Feature", "properties": {"order": 5, "discharge": 71.98}, "geometry": {"type": "LineString", "coordinates": [[37.5354, -4.0896], [37.5354, -4.1063], [37.5312, -4.1104], [37.5312, -4.1146], [37.5354, -4.1188]]}}, {"type": "Feature", "properties": {"order": 6, "discharge": 22.49}, "geometry": {"type": "LineString", "coordinates": [[34.1729, -4.1063], [34.1771, -4.1104], [34.1771, -4.1146], [34.1854, -4.1229], [34.1854, -4.1271]]}}, {"type": "Feature", "properties": {"order": 7, "discharge": 111.19}, "geometry": {"type": "LineString", "coordinates": [[34.2771, -4.1271], [34.2812, -4.1229], [34.2812, -4.1146], [34.2854, -4.1104], [34.2854, -4.0979], [34.2937, -4.0896]]}}, {"type": "Feature", "properties": {"order": 5, "discharge": 72.02}, "geometry": {"type": "LineString", "coordinates": [[37.5354, -4.1188], [37.5354, -4.1229], [37.5312, -4.1271]]}}, {"type": "Feature", "properties": {"order": 5, "discharge": 9.17}, "geometry": {"type": "LineString", "coordinates": [[36.0646, -4.1354], [36.0771, -4.1229], [36.0771, -4.1188], [36.0729, -4.1146]]}}, {"type": "Feature", "properties": {"order": 5, "discharge": 14.49}, "geometry": {"type": "LineString", "coordinates": [[31.4812, -4.0771], [31.4604, -4.0979], [31.4604, -4.1021], [31.4646, -4.1063], [31.4687, -4.1063], [31.4729, -4.1104], [31.4771, -4.1104], [31.4812, -4.1146], [31.4812, -4.1313], [31.4729, -4.1396]]}}, {"type": "Feature", "properties": {"order": 5, "discharge": 55.85}, "geometry": {"type": "LineString", "coordinates": [[31.3604, -4.1146], [31.3604, -4.1313], [31.3646, -4.1354], [31.3646, -4.1396], [31.3687, -4.1438]]}}, {"type": "Feature", "properties": {"order": 5, "discharge": 14.54}, "geometry": {"type": "LineString", "coordinates": [[31.4729, -4.1396], [31.4771, -4.1438]]}}, {"type": "Feature", "properties": {"order": 6, "discharge": 22.66}, "geometry": {"type": "LineString", "coordinates": [[34.1854, -4.1271], [34.1896, -4.1271], [34.2062, -4.1438]]}}, {"type": "Feature", "properties": {"order": 5, "discharge": 55.94}, "geometry": {"type": "LineString", "coordinates": [[31.3687, -4.1438], [31.3729, -4.1479]]}}, {"type": "Feature", "properties": {"order": 6, "discharge": 22.73}, "geometry": {"type": "LineString", "coordinates": [[34.2062, -4.1438], [34.2104, -4.1479]]}}, {"type": "Feature", "properties": {"order": 5, "discharge": 71.57}, "geometry": {"type": "LineString", "coordinates": [[37.5312, -4.1271], [37.5312, -4.1354], [37.5271, -4.1396], [37.5271, -4.1479]]}}, {"type": "Feature", "properties": {"order": 5, "discharge": 70.68}, "geometry": {"type": "LineString", "coordinates": [[30.6687, -4.1063], [30.6729, -4.1104], [30.6729, -4.1146], [30.6896, -4.1313], [30.6896, -4.1479], [30.6937, -4.1521]]}}, {"type": "Feature", "properties": {"order": 7, "discharge": 110.58}, "geometry": {"type": "LineString", "coordinates": [[34.2104, -4.1479], [34.2229, -4.1479], [34.2271, -4.1521], [34.2396, -4.1521]]}}, {"type": "Feature", "properties": {"order": 7, "discharge": 111.05}, "geometry": {"type": "LineString", "coordinates": [[34.2396, -4.1521], [34.2646, -4.1521], [34.2687, -4.1479], [34.2687, -4.1313], [34.2729, -4.1271], [34.2771, -4.1271]]}}, {"type": "Feature", "properties": {"order": 5, "discharge": 8.66}, "geometry": {"type": "LineString", "coordinates": [[36.0646, -4.1563], [36.0604, -4.1521], [36.0604, -4.1479], [36.0646, -4.1438], [36.0646, -4.1354]]}}, {"type": "Feature", "properties": {"order": 5, "discharge": 56.22}, "geometry": {"type": "LineString", "coordinates": [[31.3729, -4.1479], [31.3729, -4.1604], [31.3771, -4.1646]]}}, {"type": "Feature", "properties": {"order": 5, "discharge": 15.48}, "geometry": {"type": "LineString", "coordinates": [[34.5104, -4.1646], [34.5062, -4.1604], [34.5062, -4.1563], [34.4979, -4.1479], [34.4979, -4.1438], [34.4937, -4.1396], [34.4937, -4.1229], [34.4979, -4.1188], [34.4979, -4.1146], [34.5062, -4.1063], [34.5062, -4.0979], [34.5104, -4.0938], [34.5104, -4.0896], [34.5146, -4.0854]]}}, {"type": "Feature", "properties": {"order": 5, "discharge": 56.31}, "geometry": {"type": "LineString", "coordinates": [[31.3771, -4.1646], [31.3771, -4.1688]]}}, {"type": "Feature", "properties": {"order": 5, "discharge": 15.28}, "geometry": {"type": "LineString", "coordinates": [[34.5062, -4.1688], [34.5104, -4.1646]]}}, {"type": "Feature", "properties": {"order": 5, "discharge": 71.11}, "geometry": {"type": "LineString", "coordinates": [[37.5271, -4.1479], [37.5312, -4.1521], [37.5312, -4.1604], [37.5354, -4.1646], [37.5354, -4.1688]]}}, {"type": "Feature", "properties": {"order": 5, "discharge": 141.19}, "geometry": {"type": "LineString", "coordinates": [[29.3146, -4.0146], [29.3146, -4.0229], [29.3187, -4.0271], [29.3187, -4.0354], [29.3229, -4.0396], [29.3229, -4.0479], [29.3271, -4.0521], [29.3271, -4.0604], [29.3312, -4.0646], [29.3312, -4.0729], [29.3354, -4.0771], [29.3354, -4.0896], [29.3396, -4.0938], [29.3396, -4.1021], [29.3437, -4.1063], [29.3437, -4.1146], [29.3479, -4.1188], [29.3479, -4.1271], [29.3521, -4.1313], [29.3521, -4.1438], [29.3562, -4.1479], [29.3562, -4.1688], [29.3604, -4.1729], [29.3604, -4.1771]]}}, {"type": "Feature", "properties": {"order": 5, "discharge": 14.81}, "geometry": {"type": "LineString", "coordinates": [[31.4771, -4.1438], [31.4771, -4.1521], [31.4729, -4.1563], [31.4729, -4.1771]]}}, {"type": "Feature", "properties": {"order": 6, "discharge": 87.82}, "geometry": {"type": "LineString", "coordinates": [[34.1687, -4.1771], [34.1812, -4.1646], [34.1896, -4.1646], [34.2062, -4.1479], [34.2104, -4.1479]]}}, {"type": "Feature", "properties": {"order": 5, "discharge": 71.07}, "geometry": {"type": "LineString", "coordinates": [[30.6937, -4.1521], [30.7104, -4.1688], [30.7104, -4.1729], [30.7146, -4.1771], [30.7187, -4.1771], [30.7229, -4.1813]]}}, {"type": "Feature", "properties": {"order": 5, "discharge": 8.8}, "geometry": {"type": "LineString", "coordinates": [[36.0479, -4.1854], [36.0479, -4.1813], [36.0521, -4.1771], [36.0521, -4.1729], [36.0646, -4.1604], [36.0646, -4.1563]]}}, {"type": "Feature", "properties": {"order": 5, "discharge": 71.92}, "geometry": {"type": "LineString", "coordinates": [[37.5354, -4.1688], [37.5396, -4.1729], [37.5396, -4.1813], [37.5437, -4.1854]]}}, {"type": "Feature", "properties": {"order": 5, "discharge": 8.92}, "geometry": {"type": "LineString", "coordinates": [[36.0354, -4.1938], [36.0396, -4.1938], [36.0479, -4.1854]]}}, {"type": "Feature", "properties": {"order": 6, "discharge": 86.23}, "geometry": {"type": "LineString", "coordinates": [[34.1604, -4.1979], [34.1604, -4.1854], [34.1687, -4.1771]]}}, {"type": "Feature", "properties": {"order": 5, "discharge": 71.49}, "geometry": {"type": "LineString", "coordinates": [[37.5437, -4.1854], [37.5479, -4.1896], [37.5562, -4.1896], [37.5604, -4.1938], [37.5604, -4.1979]]}}, {"type": "Feature", "properties": {"order": 5, "discharge": 75.7}, "geometry": {"type": "LineString", "coordinates": [[30.7229, -4.1813], [30.7229, -4.1896], [30.7271, -4.1938], [30.7271, -4.2021]]}}, {"type": "Feature", "properties": {"order": 5, "discharge": 56.82}, "geometry": {"type": "LineString", "coordinates": [[31.3771, -4.1688], [31.3771, -4.1979], [31.3729, -4.2021]]}}, {"type": "Feature", "properties": {"order": 5, "discharge": 6.8}, "geometry": {"type": "LineString", "coordinates": [[32.0271, -4.2021], [32.0187, -4.1938], [32.0146, -4.1938], [32.0104, -4.1896], [32.0021, -4.1896], [31.9979, -4.1854], [31.9937, -4.1896]]}}, {"type": "Feature", "properties": {"order": 5, "discharge": 8.99}, "geometry": {"type": "LineString", "coordinates": [[36.0271, -4.2021], [36.0354, -4.1938]]}}, {"type": "Feature", "properties": {"order": 5, "discharge": 143.28}, "geometry": {"type": "LineString", "coordinates": [[29.3604, -4.1771], [29.3604, -4.1896], [29.3646, -4.1938], [29.3646, -4.2063]]}}, {"type": "Feature", "properties": {"order": 5, "discharge": 56.98}, "geometry": {"type": "LineString", "coordinates": [[31.3729, -4.2021], [31.3729, -4.2063], [31.3687, -4.2104]]}}, {"type": "Feature", "properties": {"order": 6, "discharge": 86.13}, "geometry": {"type": "LineString", "coordinates": [[34.1437, -4.2104], [34.1479, -4.2104], [34.1604, -4.1979]]}}, {"type": "Feature", "properties": {"order": 5, "discharge": 76.15}, "geometry": {"type": "LineString", "coordinates": [[30.7271, -4.2021], [30.7271, -4.2063], [30.7187, -4.2146]]}}, {"type": "Feature", "properties": {"order": 5, "discharge": 76.22}, "geometry": {"type": "LineString", "coordinates": [[30.7187, -4.2146], [30.7187, -4.2188]]}}, {"type": "Feature", "properties": {"order": 6, "discharge": 86.03}, "geometry": {"type": "LineString", "coordinates": [[34.1354, -4.2188], [34.1437, -4.2104]]}}, {"type": "Feature", "properties": {"order": 5, "discharge": 57.18}, "geometry": {"type": "LineString", "coordinates": [[31.3687, -4.2104], [31.3729, -4.2146], [31.3729, -4.2188], [31.3687, -4.2229]]}}, {"type": "Feature", "properties": {"order": 5, "discharge": 6.92}, "geometry": {"type": "LineString", "coordinates": [[31.9937, -4.1896], [31.9854, -4.1979], [31.9854, -4.2146], [31.9812, -4.2188], [31.9812, -4.2229]]}}, {"type": "Feature", "properties": {"order": 5, "discharge": 143.04}, "geometry": {"type": "LineString", "coordinates": [[29.3646, -4.2063], [29.3687, -4.2104], [29.3687, -4.2313]]}}, {"type": "Feature", "properties": {"order": 5, "discharge": 6.95}, "geometry": {"type": "LineString", "coordinates": [[31.9812, -4.2229], [31.9854, -4.2271], [31.9812, -4.2313]]}}, {"type": "Feature", "properties": {"order": 6, "discharge": 83.37}, "geometry": {"type": "LineString", "coordinates": [[34.1229, -4.2313], [34.1354, -4.2188]]}}, {"type": "Feature", "properties": {"order": 5, "discharge": 9.02}, "geometry": {"type": "LineString", "coordinates": [[36.0437, -4.2354], [36.0437, -4.2313], [36.0396, -4.2271], [36.0396, -4.2229], [36.0354, -4.2188], [36.0354, -4.2104], [36.0271, -4.2021]]}}, {"type": "Feature", "properties": {"order": 5, "discharge": 76.34}, "geometry": {"type": "LineString", "coordinates": [[30.7187, -4.2188], [30.7187, -4.2271], [30.7146, -4.2313], [30.7146, -4.2354], [30.7187, -4.2396]]}}, {"type": "Feature", "properties": {"order": 5, "discharge": 57.44}, "geometry": {"type": "LineString", "coordinates": [[31.3687, -4.2229], [31.3687, -4.2354], [31.3729, -4.2396]]}}, {"type": "Feature", "properties": {"order": 5, "discharge": 70.43}, "geometry": {"type": "LineString", "coordinates": [[37.5604, -4.1979], [37.5646, -4.2021], [37.5646, -4.2229], [37.5687, -4.2271], [37.5687, -4.2313], [37.5729, -4.2354], [37.5729, -4.2396], [37.5687, -4.2438]]}}, {"type": "Feature", "properties": {"order": 5, "discharge": 57.59}, "geometry": {"type": "LineString", "coordinates": [[31.3729, -4.2396], [31.3729, -4.2479]]}}, {"type": "Feature", "properties": {"order": 5, "discharge": 15.2}, "geometry": {"type": "LineString", "coordinates": [[34.5271, -4.2479], [34.5187, -4.2479], [34.5146, -4.2438], [34.5146, -4.2354], [34.5104, -4.2313], [34.5104, -4.2021], [34.5062, -4.1979], [34.5062, -4.1896], [34.5104, -4.1854], [34.5104, -4.1729], [34.5062, -4.1688]]}}, {"type": "Feature", "properties": {"order": 5, "discharge": 70.4}, "geometry": {"type": "LineString", "coordinates": [[37.5687, -4.2438], [37.5729, -4.2479]]}}, {"type": "Feature", "properties": {"order": 6, "discharge": 83.26}, "geometry": {"type": "LineString", "coordinates": [[34.1146, -4.2563], [34.1146, -4.2521], [34.1187, -4.2479], [34.1187, -4.2354], [34.1229, -4.2313]]}}, {"type": "Feature", "properties": {"order": 5, "discharge": 6.96}, "geometry": {"type": "LineString", "coordinates": [[31.9812, -4.2313], [31.9771, -4.2354], [31.9771, -4.2604]]}}, {"type": "Feature", "properties": {"order": 5, "discharge": 14.86}, "geometry": {"type": "LineString", "coordinates": [[34.5354, -4.2604], [34.5354, -4.2563], [34.5271, -4.2479]]}}, {"type": "Feature", "properties": {"order": 5, "discharge": 15.38}, "geometry": {"type": "LineString", "coordinates": [[31.4729, -4.1771], [31.4729, -4.2021], [31.4646, -4.2104], [31.4646, -4.2313], [31.4687, -4.2354], [31.4687, -4.2396], [31.4646, -4.2438], [31.4646, -4.2563], [31.4687, -4.2604], [31.4687, -4.2646]]}}, {"type": "Feature", "properties": {"order": 5, "discharge": 76.48}, "geometry": {"type": "LineString", "coordinates": [[30.7187, -4.2396], [30.7479, -4.2688]]}}, {"type": "Feature", "properties": {"order": 5, "discharge": 57.92}, "geometry": {"type": "LineString", "coordinates": [[31.3729, -4.2479], [31.3729, -4.2521], [31.3771, -4.2563], [31.3771, -4.2646], [31.3812, -4.2688]]}}, {"type": "Feature", "properties": {"order": 5, "discharge": 9.23}, "geometry": {"type": "LineString", "coordinates": [[36.0479, -4.2688], [36.0479, -4.2521], [36.0437, -4.2479], [36.0437, -4.2354]]}}, {"type": "Feature", "properties": {"order": 6, "discharge": 83.07}, "geometry": {"type": "LineString", "coordinates": [[34.1104, -4.2729], [34.1104, -4.2688], [34.1146, -4.2646], [34.1146, -4.2563]]}}, {"type": "Feature", "properties": {"order": 5, "discharge": 14.77}, "geometry": {"type": "LineString", "coordinates": [[34.5479, -4.2813], [34.5479, -4.2771], [34.5396, -4.2688], [34.5396, -4.2646], [34.5354, -4.2604]]}}, {"type": "Feature", "properties": {"order": 5, "discharge": 6.98}, "geometry": {"type": "LineString", "coordinates": [[31.9771, -4.2604], [31.9729, -4.2646], [31.9729, -4.2688], [31.9687, -4.2729], [31.9687, -4.2771], [31.9604, -4.2854]]}}, {"type": "Feature", "properties": {"order": 5, "discharge": 14.69}, "geometry": {"type": "LineString", "coordinates": [[34.5479, -4.2854], [34.5479, -4.2813]]}}, {"type": "Feature", "properties": {"order": 5, "discharge": 15.57}, "geometry": {"type": "LineString", "coordinates": [[31.4687, -4.2646], [31.4687, -4.2688], [31.4604, -4.2771], [31.4604, -4.2896], [31.4521, -4.2979]]}}, {"type": "Feature", "properties": {"order": 5, "discharge": 69.17}, "geometry": {"type": "LineString", "coordinates": [[37.5729, -4.2479], [37.5771, -4.2479], [37.5854, -4.2563], [37.5854, -4.2604], [37.5937, -4.2688], [37.5937, -4.2729], [37.5979, -4.2771], [37.5979, -4.2938], [37.5937, -4.2979]]}}, {"type": "Feature", "properties": {"order": 5, "discharge": 58.53}, "geometry": {"type": "LineString", "coordinates": [[31.3812, -4.2688], [31.3896, -4.2771], [31.3896, -4.2896], [31.3937, -4.2938], [31.3937, -4.3063]]}}, {"type": "Feature", "properties": {"order": 5, "discharge": 15.64}, "geometry": {"type": "LineString", "coordinates": [[31.4521, -4.2979], [31.4604, -4.3063]]}}, {"type": "Feature", "properties": {"order": 5, "discharge": 60.46}, "geometry": {"type": "LineString", "coordinates": [[31.3937, -4.3063], [31.3979, -4.3104]]}}, {"type": "Feature", "properties": {"order": 5, "discharge": 9.43}, "geometry": {"type": "LineString", "coordinates": [[36.0604, -4.3104], [36.0604, -4.2854], [36.0521, -4.2771], [36.0521, -4.2729], [36.0479, -4.2688]]}}, {"type": "Feature", "properties": {"order": 5, "discharge": 76.69}, "geometry": {"type": "LineString", "coordinates": [[30.7479, -4.2688], [30.7479, -4.2729], [30.7437, -4.2771], [30.7437, -4.2854], [30.7354, -4.2938], [30.7354, -4.3063], [30.7396, -4.3104], [30.7396, -4.3146]]}}, {"type": "Feature", "properties": {"order": 6, "discharge": 82.91}, "geometry": {"type": "LineString", "coordinates": [[34.0854, -4.3271], [34.0854, -4.3229], [34.0937, -4.3146], [34.0937, -4.3104], [34.0979, -4.3063], [34.0979, -4.3021], [34.1062, -4.2938], [34.1062, -4.2896], [34.1104, -4.2854], [34.1104, -4.2729]]}}, {"type": "Feature", "properties": {"order": 5, "discharge": 9.65}, "geometry": {"type": "LineString", "coordinates": [[36.0604, -4.3271], [36.0604, -4.3104]]}}, {"type": "Feature", "properties": {"order": 5, "discharge": 77.53}, "geometry": {"type": "LineString", "coordinates": [[30.7396, -4.3146], [30.7354, -4.3188], [30.7312, -4.3188], [30.7271, -4.3146], [30.7229, -4.3146], [30.7187, -4.3188], [30.7187, -4.3229], [30.7146, -4.3271], [30.7146, -4.3313]]}}, {"type": "Feature", "properties": {"order": 5, "discharge": 7.02}, "geometry": {"type": "LineString", "coordinates": [[31.9604, -4.2854], [31.9604, -4.2896], [31.9646, -4.2938], [31.9646, -4.3021], [31.9687, -4.3063], [31.9687, -4.3104], [31.9771, -4.3188], [31.9771, -4.3271], [31.9729, -4.3313]]}}, {"type": "Feature", "properties": {"order": 5, "discharge": 14.63}, "geometry": {"type": "LineString", "coordinates": [[34.5521, -4.3313], [34.5479, -4.3271], [34.5479, -4.2854]]}}, {"type": "Feature", "properties": {"order": 5, "discharge": 69.86}, "geometry": {"type": "LineString", "coordinates": [[37.5937, -4.2979], [37.5896, -4.3021], [37.5896, -4.3063], [37.5854, -4.3104], [37.5854, -4.3146], [37.5812, -4.3188], [37.5812, -4.3229], [37.5771, -4.3271], [37.5771, -4.3313]]}}, {"type": "Feature", "properties": {"order": 5, "discharge": 77.73}, "geometry": {"type": "LineString", "coordinates": [[30.7146, -4.3313], [30.7104, -4.3354]]}}, {"type": "Feature", "properties": {"order": 5, "discharge": 7.03}, "geometry": {"type": "LineString", "coordinates": [[31.9729, -4.3313], [31.9771, -4.3354], [31.9812, -4.3354]]}}, {"type": "Feature", "properties": {"order": 5, "discharge": 14.46}, "geometry": {"type": "LineString", "coordinates": [[34.5562, -4.3354], [34.5521, -4.3313]]}}, {"type": "Feature", "properties": {"order": 6, "discharge": 82.67}, "geometry": {"type": "LineString", "coordinates": [[34.0771, -4.3396], [34.0812, -4.3354], [34.0812, -4.3313], [34.0854, -4.3271]]}}, {"type": "Feature", "properties": {"order": 5, "discharge": 9.74}, "geometry": {"type": "LineString", "coordinates": [[36.0646, -4.3396], [36.0604, -4.3354], [36.0604, -4.3271]]}}, {"type": "Feature", "properties": {"order": 5, "discharge": 69.73}, "geometry": {"type": "LineString", "coordinates": [[37.5771, -4.3313], [37.5771, -4.3396]]}}, {"type": "Feature", "properties": {"order": 5, "discharge": 61.3}, "geometry": {"type": "LineString", "coordinates": [[31.3979, -4.3104], [31.4146, -4.3271], [31.4187, -4.3271], [31.4271, -4.3354], [31.4271, -4.3396], [31.4354, -4.3479], [31.4437, -4.3479]]}}, {"type": "Feature", "properties": {"order": 5, "discharge": 15.89}, "geometry": {"type": "LineString", "coordinates": [[31.4604, -4.3063], [31.4562, -4.3104], [31.4562, -4.3229], [31.4521, -4.3271], [31.4521, -4.3313], [31.4479, -4.3354], [31.4479, -4.3396], [31.4437, -4.3438], [31.4437, -4.3479]]}}, {"type": "Feature", "properties": {"order": 5, "discharge": 77.82}, "geometry": {"type": "LineString", "coordinates": [[30.7104, -4.3354], [30.6979, -4.3354], [30.6937, -4.3396], [30.6937, -4.3438], [30.6854, -4.3521]]}}, {"type": "Feature", "properties": {"order": 5, "discharge": 7.07}, "geometry": {"type": "LineString", "coordinates": [[31.9812, -4.3354], [31.9854, -4.3396], [31.9854, -4.3438], [31.9896, -4.3479], [31.9896, -4.3521]]}}, {"type": "Feature", "properties": {"order": 5, "discharge": 9.81}, "geometry": {"type": "LineString", "coordinates": [[36.0687, -4.3521], [36.0687, -4.3438], [36.0646, -4.3396]]}}, {"type": "Feature", "properties": {"order": 6, "discharge": 78.06}, "geometry": {"type": "LineString", "coordinates": [[34.0687, -4.3563], [34.0729, -4.3521], [34.0729, -4.3479], [34.0771, -4.3438], [34.0771, -4.3396]]}}, {"type": "Feature", "properties": {"order": 5, "discharge": 13.57}, "geometry": {"type": "LineString", "coordinates": [[34.5771, -4.3604], [34.5771, -4.3563], [34.5729, -4.3521], [34.5687, -4.3521], [34.5646, -4.3479], [34.5646, -4.3438], [34.5562, -4.3354]]}}, {"type": "Feature", "properties": {"order": 5, "discharge": 139.69}, "geometry": {"type": "LineString", "coordinates": [[29.3687, -4.2313], [29.3729, -4.2354], [29.3729, -4.2521], [29.3771, -4.2563], [29.3771, -4.2979], [29.3812, -4.3021], [29.3812, -4.3688], [29.3854, -4.3729]]}}, {"type": "Feature", "properties": {"order": 6, "discharge": 78.0}, "geometry": {"type": "LineString", "coordinates": [[31.4437, -4.3479], [31.4521, -4.3563], [31.4521, -4.3646], [31.4562, -4.3688], [31.4604, -4.3646], [31.4687, -4.3646], [31.4771, -4.3729]]}}, {"type": "Feature", "properties": {"order": 5, "discharge": 9.62}, "geometry": {"type": "LineString", "coordinates": [[36.0854, -4.3729], [36.0854, -4.3688], [36.0687, -4.3521]]}}, {"type": "Feature", "properties": {"order": 6, "discharge": 75.14}, "geometry": {"type": "LineString", "coordinates": [[34.0604, -4.3771], [34.0646, -4.3729], [34.0646, -4.3688], [34.0687, -4.3646], [34.0687, -4.3563]]}}, {"type": "Feature", "properties": {"order": 5, "discharge": 78.48}, "geometry": {"type": "LineString", "coordinates": [[30.6854, -4.3521], [30.6854, -4.3563], [30.6896, -4.3604], [30.6896, -4.3729], [30.6812, -4.3813], [30.6771, -4.3813], [30.6646, -4.3688], [30.6604, -4.3688], [30.6562, -4.3729]]}}, {"type": "Feature", "properties": {"order": 6, "discharge": 78.38}, "geometry": {"type": "LineString", "coordinates": [[31.4771, -4.3729], [31.4771, -4.3771], [31.4812, -4.3813]]}}, {"type": "Feature", "properties": {"order": 5, "discharge": 13.43}, "geometry": {"type": "LineString", "coordinates": [[34.5812, -4.3813], [34.5812, -4.3771], [34.5771, -4.3729], [34.5771, -4.3604]]}}, {"type": "Feature", "properties": {"order": 5, "discharge": 68.76}, "geometry": {"type": "LineString", "coordinates": [[37.5771, -4.3396], [37.5812, -4.3438], [37.5812, -4.3604], [37.5854, -4.3646], [37.5854, -4.3729], [37.5896, -4.3771], [37.5896, -4.3813]]}}, {"type": "Feature", "properties": {"order": 5, "discharge": 78.6}, "geometry": {"type": "LineString", "coordinates": [[30.6562, -4.3729], [30.6521, -4.3771], [30.6521, -4.3813], [30.6479, -4.3854]]}}, {"type": "Feature", "properties": {"order": 5, "discharge": 7.18}, "geometry": {"type": "LineString", "coordinates": [[31.9896, -4.3521], [31.9896, -4.3688], [31.9854, -4.3729], [31.9854, -4.3813], [31.9812, -4.3854]]}}, {"type": "Feature", "properties": {"order": 6, "discharge": 78.56}, "geometry": {"type": "LineString", "coordinates": [[31.4812, -4.3813], [31.4854, -4.3854], [31.4854, -4.3896]]}}, {"type": "Feature", "properties": {"order": 6, "discharge": 74.92}, "geometry": {"type": "LineString", "coordinates": [[34.0562, -4.3938], [34.0562, -4.3896], [34.0604, -4.3854], [34.0604, -4.3771]]}}, {"type": "Feature", "properties": {"order": 5, "discharge": 69.2}, "geometry": {"type": "LineString", "coordinates": [[37.5896, -4.3813], [37.5896, -4.3938]]}}, {"type": "Feature", "properties": {"order": 5, "discharge": 4.22}, "geometry": {"type": "LineString", "coordinates": [[36.0771, -4.4021], [36.0771, -4.3896], [36.0812, -4.3854], [36.0812, -4.3771], [36.0854, -4.3729]]}}, {"type": "Feature", "properties": {"order": 5, "discharge": 143.04}, "geometry": {"type": "LineString", "coordinates": [[29.3854, -4.3729], [29.3854, -4.4104]]}}, {"type": "Feature", "properties": {"order": 5, "discharge": 86.77}, "geometry": {"type": "LineString", "coordinates": [[30.6479, -4.3854], [30.6479, -4.3896], [30.6646, -4.4063], [30.6646, -4.4104]]}}, {"type": "Feature", "properties": {"order": 6, "discharge": 79.07}, "geometry": {"type": "LineString", "coordinates": [[31.4854, -4.3896], [31.4854, -4.4021], [31.4812, -4.4063], [31.4854, -4.4104]]}}, {"type": "Feature", "properties": {"order": 5, "discharge": 68.64}, "geometry": {"type": "LineString", "coordinates": [[37.5896, -4.3938], [37.5812, -4.4021], [37.5812, -4.4104], [37.5729, -4.4188]]}}, {"type": "Feature", "properties": {"order": 5, "discharge": 144.6}, "geometry": {"type": "LineString", "coordinates": [[29.3854, -4.4104], [29.3854, -4.4229]]}}, {"type": "Feature", "properties": {"order": 5, "discharge": 7.21}, "geometry": {"type": "LineString", "coordinates": [[31.9812, -4.3854], [31.9812, -4.3938], [31.9771, -4.3979], [31.9771, -4.4188], [31.9729, -4.4229], [31.9687, -4.4229]]}}, {"type": "Feature", "properties": {"order": 6, "discharge": 74.31}, "geometry": {"type": "LineString", "coordinates": [[34.0229, -4.4229], [34.0271, -4.4188], [34.0312, -4.4188], [34.0562, -4.3938]]}}, {"type": "Feature", "properties": {"order": 5, "discharge": 68.58}, "geometry": {"type": "LineString", "coordinates": [[37.5729, -4.4188], [37.5687, -4.4229]]}}, {"type": "Feature", "properties": {"order": 5, "discharge": 13.02}, "geometry": {"type": "LineString", "coordinates": [[32.0062, -4.4229], [31.9937, -4.4229], [31.9896, -4.4271], [31.9812, -4.4271], [31.9771, -4.4313], [31.9687, -4.4229]]}}, {"type": "Feature", "properties": {"order": 5, "discharge": 12.88}, "geometry": {"type": "LineString", "coordinates": [[32.0271, -4.4313], [32.0229, -4.4271], [32.0146, -4.4271], [32.0104, -4.4229], [32.0062, -4.4229]]}}, {"type": "Feature", "properties": {"order": 5, "discharge": 12.55}, "geometry": {"type": "LineString", "coordinates": [[32.0562, -4.4271], [32.0479, -4.4271], [32.0437, -4.4229], [32.0354, -4.4229], [32.0271, -4.4313]]}}, {"type": "Feature", "properties": {"order": 5, "discharge": 12.12}, "geometry": {"type": "LineString", "coordinates": [[32.0604, -4.4313], [32.0562, -4.4271]]}}, {"type": "Feature", "properties": {"order": 6, "discharge": 73.24}, "geometry": {"type": "LineString", "coordinates": [[34.0146, -4.4313], [34.0229, -4.4229]]}}, {"type": "Feature", "properties": {"order": 5, "discharge": 87.16}, "geometry": {"type": "LineString", "coordinates": [[30.6646, -4.4104], [30.6646, -4.4146], [30.6604, -4.4188], [30.6604, -4.4229], [30.6562, -4.4271], [30.6521, -4.4271], [30.6479, -4.4313], [30.6354, -4.4313], [30.6312, -4.4354]]}}, {"type": "Feature", "properties": {"order": 5, "discharge": 68.09}, "geometry": {"type": "LineString", "coordinates": [[37.5687, -4.4229], [37.5687, -4.4438]]}}, {"type": "Feature", "properties": {"order": 6, "discharge": 79.95}, "geometry": {"type": "LineString", "coordinates": [[31.4854, -4.4104], [31.4854, -4.4229], [31.4812, -4.4271], [31.4812, -4.4521]]}}, {"type": "Feature", "properties": {"order": 6, "discharge": 73.14}, "geometry": {"type": "LineString", "coordinates": [[33.9812, -4.4521], [33.9896, -4.4438], [33.9937, -4.4438], [34.0021, -4.4354], [34.0062, -4.4354], [34.0104, -4.4313], [34.0146, -4.4313]]}}, {"type": "Feature", "properties": {"order": 5, "discharge": 87.25}, "geometry": {"type": "LineString", "coordinates": [[30.6312, -4.4354], [30.6396, -4.4438], [30.6354, -4.4479], [30.6354, -4.4563], [30.6396, -4.4604]]}}, {"type": "Feature", "properties": {"order": 6, "discharge": 20.25}, "geometry": {"type": "LineString", "coordinates": [[31.9687, -4.4229], [31.9646, -4.4229], [31.9437, -4.4438], [31.9437, -4.4479], [31.9396, -4.4521], [31.9396, -4.4604]]}}, {"type": "Feature", "properties": {"order": 5, "discharge": 143.51}, "geometry": {"type": "LineString", "coordinates": [[29.3854, -4.4229], [29.3854, -4.4646]]}}, {"type": "Feature", "properties": {"order": 5, "discharge": 143.54}, "geometry": {"type": "LineString", "coordinates": [[29.3854, -4.4646], [29.3854, -4.4688]]}}, {"type": "Feature", "properties": {"order": 5, "discharge": 69.06}, "geometry": {"type": "LineString", "coordinates": [[37.5687, -4.4438], [37.5687, -4.4521], [37.5854, -4.4688], [37.5896, -4.4688]]}}, {"type": "Feature", "properties": {"order": 6, "discharge": 72.98}, "geometry": {"type": "LineString", "coordinates": [[33.9687, -4.4813], [33.9687, -4.4771], [33.9729, -4.4729], [33.9729, -4.4604], [33.9812, -4.4521]]}}, {"type": "Feature", "properties": {"order": 5, "discharge": 87.95}, "geometry": {"type": "LineString", "coordinates": [[30.6396, -4.4604], [30.6521, -4.4604], [30.6562, -4.4646], [30.6562, -4.4688], [30.6437, -4.4813], [30.6396, -4.4813], [30.6396, -4.4854]]}}, {"type": "Feature", "properties": {"order": 5, "discharge": 12.05}, "geometry": {"type": "LineString", "coordinates": [[32.0979, -4.4854], [32.0937, -4.4854], [32.0854, -4.4771], [32.0854, -4.4688], [32.0812, -4.4646], [32.0812, -4.4521], [32.0729, -4.4438], [32.0729, -4.4396], [32.0687, -4.4354], [32.0646, -4.4354], [32.0604, -4.4313]]}}, {"type": "Feature", "properties": {"order": 5, "discharge": 142.99}, "geometry": {"type": "LineString", "coordinates": [[29.3854, -4.4688], [29.3854, -4.4896]]}}, {"type": "Feature", "properties": {"order": 6, "discharge": 20.32}, "geometry": {"type": "LineString", "coordinates": [[31.9396, -4.4604], [31.9437, -4.4646], [31.9437, -4.4688], [31.9396, -4.4729], [31.9354, -4.4729], [31.9271, -4.4813], [31.9271, -4.4854], [31.9229, -4.4896]]}}, {"type": "Feature", "properties": {"order": 5, "discharge": 11.1}, "geometry": {"type": "LineString", "coordinates": [[32.1062, -4.4938], [32.0979, -4.4854]]}}, {"type": "Feature", "properties": {"order": 6, "discharge": 72.69}, "geometry": {"type": "LineString", "coordinates": [[33.9562, -4.4938], [33.9687, -4.4813]]}}, {"type": "Feature", "properties": {"order": 5, "discharge": 68.68}, "geometry": {"type": "LineString", "coordinates": [[37.5896, -4.4688], [37.5979, -4.4771], [37.6021, -4.4771], [37.6104, -4.4854], [37.6104, -4.4896], [37.6146, -4.4938]]}}, {"type": "Feature", "properties": {"order": 5, "discharge": 68.67}, "geometry": {"type": "LineString", "coordinates": [[37.6146, -4.4938], [37.6271, -4.4938]]}}, {"type": "Feature", "properties": {"order": 5, "discharge": 88.1}, "geometry": {"type": "LineString", "coordinates": [[30.6396, -4.4854], [30.6396, -4.4896], [30.6437, -4.4938], [30.6479, -4.4938], [30.6521, -4.4979], [30.6521, -4.5021], [30.6479, -4.5063]]}}, {"type": "Feature", "properties": {"order": 5, "discharge": 68.63}, "geometry": {"type": "LineString", "coordinates": [[37.6271, -4.4938], [37.6312, -4.4979], [37.6354, -4.4979], [37.6437, -4.5063]]}}, {"type": "Feature", "properties": {"order": 5, "discharge": 88.11}, "geometry": {"type": "LineString", "coordinates": [[30.6479, -4.5063], [30.6437, -4.5104], [30.6437, -4.5146]]}}, {"type": "Feature", "properties": {"order": 6, "discharge": 72.6}, "geometry": {"type": "LineString", "coordinates": [[33.9521, -4.5146], [33.9521, -4.5021], [33.9562, -4.4979], [33.9562, -4.4938]]}}, {"type": "Feature", "properties": {"order": 5, "discharge": 13.46}, "geometry": {"type": "LineString", "coordinates": [[38.8104, -4.5063], [38.8187, -4.5146]]}}, {"type": "Feature", "properties": {"order": 5, "discharge": 13.61}, "geometry": {"type": "LineString", "coordinates": [[38.8187, -4.5146], [38.8312, -4.5146]]}}, {"type": "Feature", "properties": {"order": 5, "discharge": 13.73}, "geometry": {"type": "LineString", "coordinates": [[38.8312, -4.5146], [38.8437, -4.5146], [38.8479, -4.5104], [38.8562, -4.5104], [38.8604, -4.5146]]}}, {"type": "Feature", "properties": {"order": 5, "discharge": 13.83}, "geometry": {"type": "LineString", "coordinates": [[38.8604, -4.5146], [38.8687, -4.5146], [38.8771, -4.5063]]}}, {"type": "Feature", "properties": {"order": 6, "discharge": 72.65}, "geometry": {"type": "LineString", "coordinates": [[33.9521, -4.5188], [33.9521, -4.5146]]}}, {"type": "Feature", "properties": {"order": 5, "discharge": 9.27}, "geometry": {"type": "LineString", "coordinates": [[38.7479, -4.4938], [38.7521, -4.4938], [38.7562, -4.4979], [38.7562, -4.5063], [38.7604, -4.5104], [38.7604, -4.5146], [38.7771, -4.5146], [38.7812, -4.5188], [38.7854, -4.5188]]}}, {"type": "Feature", "properties": {"order": 5, "discharge": 13.31}, "geometry": {"type": "LineString", "coordinates": [[38.7854, -4.5188], [38.7896, -4.5188], [38.7937, -4.5146], [38.8021, -4.5146], [38.8104, -4.5063]]}}, {"type": "Feature", "properties": {"order": 5, "discharge": 7.5}, "geometry": {"type": "LineString", "coordinates": [[36.3146, -4.5063], [36.3062, -4.5146], [36.3062, -4.5229], [36.3021, -4.5271]]}}, {"type": "Feature", "properties": {"order": 5, "discharge": 68.47}, "geometry": {"type": "LineString", "coordinates": [[37.6437, -4.5063], [37.6562, -4.5188], [37.6562, -4.5271]]}}, {"type": "Feature", "properties": {"order": 5, "discharge": 14.37}, "geometry": {"type": "LineString", "coordinates": [[38.8771, -4.5063], [38.8812, -4.5063], [38.8854, -4.5021], [38.8896, -4.5021], [38.9021, -4.5146], [38.8979, -4.5188], [38.8979, -4.5229], [38.9021, -4.5271]]}}, {"type": "Feature", "properties": {"order": 5, "discharge": 142.24}, "geometry": {"type": "LineString", "coordinates": [[29.3854, -4.4896], [29.3854, -4.5313]]}}, {"type": "Feature", "properties": {"order": 5, "discharge": 88.48}, "geometry": {"type": "LineString", "coordinates": [[30.6437, -4.5146], [30.6521, -4.5229], [30.6479, -4.5271], [30.6479, -4.5313]]}}, {"type": "Feature", "properties": {"order": 6, "discharge": 21.25}, "geometry": {"type": "LineString", "coordinates": [[31.9229, -4.4896], [31.9229, -4.5063], [31.9187, -4.5104], [31.9146, -4.5104], [31.9104, -4.5146], [31.9104, -4.5188], [31.9021, -4.5271], [31.8979, -4.5271], [31.8896, -4.5354]]}}, {"type": "Feature", "properties": {"order": 6, "discharge": 72.54}, "geometry": {"type": "LineString", "coordinates": [[33.9562, -4.5396], [33.9562, -4.5313], [33.9521, -4.5271], [33.9521, -4.5188]]}}, {"type": "Feature", "properties": {"order": 5, "discharge": 68.29}, "geometry": {"type": "LineString", "coordinates": [[37.6562, -4.5271], [37.6604, -4.5313], [37.6646, -4.5313], [37.6729, -4.5396]]}}, {"type": "Feature", "properties": {"order": 6, "discharge": 21.54}, "geometry": {"type": "LineString", "coordinates": [[31.8896, -4.5354], [31.8812, -4.5438], [31.8729, -4.5438]]}}, {"type": "Feature", "properties": {"order": 5, "discharge": 7.5}, "geometry": {"type": "LineString", "coordinates": [[36.3021, -4.5271], [36.3062, -4.5313], [36.3062, -4.5396], [36.3021, -4.5438]]}}, {"type": "Feature", "properties": {"order": 5, "discharge": 68.13}, "geometry": {"type": "LineString", "coordinates": [[37.6729, -4.5396], [37.6812, -4.5396], [37.6854, -4.5438]]}}, {"type": "Feature", "properties": {"order": 5, "discharge": 14.86}, "geometry": {"type": "LineString", "coordinates": [[38.9021, -4.5271], [38.9146, -4.5271], [38.9187, -4.5313], [38.9229, -4.5313], [38.9354, -4.5438], [38.9479, -4.5438]]}}, {"type": "Feature", "properties": {"order": 5, "discharge": 88.46}, "geometry": {"type": "LineString", "coordinates": [[30.6479, -4.5313], [30.6479, -4.5354], [30.6562, -4.5438], [30.6562, -4.5479]]}}, {"type": "Feature", "properties": {"order": 6, "discharge": 81.05}, "geometry": {"type": "LineString", "coordinates": [[31.4812, -4.4521], [31.4771, -4.4563], [31.4771, -4.4604], [31.4729, -4.4646], [31.4729, -4.4688], [31.4687, -4.4729], [31.4687, -4.4938], [31.4604, -4.5021], [31.4604, -4.5188], [31.4729, -4.5313], [31.4729, -4.5396], [31.4812, -4.5479]]}}, {"type": "Feature", "properties": {"order": 6, "discharge": 21.77}, "geometry": {"type": "LineString", "coordinates": [[31.8729, -4.5438], [31.8646, -4.5521], [31.8604, -4.5521]]}}, {"type": "Feature", "properties": {"order": 6, "discharge": 71.96}, "geometry": {"type": "LineString", "coordinates": [[33.9562, -4.5521], [33.9562, -4.5396]]}}, {"type": "Feature", "properties": {"order": 5, "discharge": 67.79}, "geometry": {"type": "LineString", "coordinates": [[37.6854, -4.5438], [37.6896, -4.5396], [37.6937, -4.5396], [37.6979, -4.5438], [37.7021, -4.5438], [37.7104, -4.5521]]}}, {"type": "Feature", "properties": {"order": 5, "discharge": 67.7}, "geometry": {"type": "LineString", "coordinates": [[37.7104, -4.5521], [37.7146, -4.5563], [37.7187, -4.5563]]}}, {"type": "Feature", "properties": {"order": 6, "discharge": 26.04}, "geometry": {"type": "LineString", "coordinates": [[31.8396, -4.5604], [31.8354, -4.5563]]}}, {"type": "Feature", "properties": {"order": 6, "discharge": 25.94}, "geometry": {"type": "LineString", "coordinates": [[31.8604, -4.5521], [31.8479, -4.5521], [31.8396, -4.5604]]}}, {"type": "Feature", "properties": {"order": 5, "discharge": 67.55}, "geometry": {"type": "LineString", "coordinates": [[37.7187, -4.5563], [37.7229, -4.5563], [37.7312, -4.5646]]}}, {"type": "Feature", "properties": {"order": 5, "discharge": 17.09}, "geometry": {"type": "LineString", "coordinates": [[39.0187, -4.5563], [39.0271, -4.5646]]}}, {"type": "Feature", "properties": {"order": 5, "discharge": 88.67}, "geometry": {"type": "LineString", "coordinates": [[30.6562, -4.5479], [30.6562, -4.5563], [30.6479, -4.5646], [30.6479, -4.5688]]}}, {"type": "Feature", "properties": {"order": 5, "discharge": 16.9}, "geometry": {"type": "LineString", "coordinates": [[38.9479, -4.5438], [38.9562, -4.5438], [38.9604, -4.5479], [38.9604, -4.5563], [38.9646, -4.5604], [38.9646, -4.5646], [38.9687, -4.5688], [38.9729, -4.5646], [38.9812, -4.5646], [38.9896, -4.5729]]}}, {"type": "Feature", "properties": {"order": 5, "discharge": 16.96}, "geometry": {"type": "LineString", "coordinates": [[38.9896, -4.5729], [38.9979, -4.5729], [39.0021, -4.5688], [39.0062, -4.5729], [39.0146, -4.5646], [39.0146, -4.5604], [39.0187, -4.5563]]}}, {"type": "Feature", "properties": {"order": 5, "discharge": 17.09}, "geometry": {"type": "LineString", "coordinates": [[39.0271, -4.5646], [39.0312, -4.5688], [39.0354, -4.5688], [39.0396, -4.5729], [39.0437, -4.5729], [39.0521, -4.5646], [39.0562, -4.5646], [39.0646, -4.5563], [39.0771, -4.5563], [39.0812, -4.5521], [39.0937, -4.5521], [39.0979, -4.5563], [39.1021, -4.5563], [39.1062, -4.5604], [39.1104, -4.5604], [39.1146, -4.5563], [39.1312, -4.5563], [39.1354, -4.5521]]}}, {"type": "Feature", "properties": {"order": 5, "discharge": 141.4}, "geometry": {"type": "LineString", "coordinates": [[29.3854, -4.5313], [29.3854, -4.5354], [29.3812, -4.5396], [29.3812, -4.5729], [29.3854, -4.5771]]}}, {"type": "Feature", "properties": {"order": 6, "discharge": 26.63}, "geometry": {"type": "LineString", "coordinates": [[31.8354, -4.5563], [31.8312, -4.5604], [31.8271, -4.5604], [31.8187, -4.5688], [31.8146, -4.5688], [31.8062, -4.5771]]}}, {"type": "Feature", "properties": {"order": 5, "discharge": 141.4}, "geometry": {"type": "LineString", "coordinates": [[29.3854, -4.5771], [29.3854, -4.5813]]}}, {"type": "Feature", "properties": {"order": 6, "discharge": 28.38}, "geometry": {"type": "LineString", "coordinates": [[31.7687, -4.5688], [31.7479, -4.5688], [31.7437, -4.5729], [31.7396, -4.5729], [31.7312, -4.5813], [31.7187, -4.5813]]}}, {"type": "Feature", "properties": {"order": 5, "discharge": 65.86}, "geometry": {"type": "LineString", "coordinates": [[37.8896, -4.5813], [37.8937, -4.5813]]}}, {"type": "Feature", "properties": {"order": 5, "discharge": 67.25}, "geometry": {"type": "LineString", "coordinates": [[37.9146, -4.5813], [37.9229, -4.5813], [37.9271, -4.5771], [37.9312, -4.5771]]}}, {"type": "Feature", "properties": {"order": 5, "discharge": 89.01}, "geometry": {"type": "LineString", "coordinates": [[30.6479, -4.5688], [30.6562, -4.5771], [30.6604, -4.5771], [30.6687, -4.5854]]}}, {"type": "Feature", "properties": {"order": 5, "discharge": 89.47}, "geometry": {"type": "LineString", "coordinates": [[30.6687, -4.5854], [30.6812, -4.5854]]}}, {"type": "Feature", "properties": {"order": 6, "discharge": 27.38}, "geometry": {"type": "LineString", "coordinates": [[31.7937, -4.5854], [31.7854, -4.5854], [31.7687, -4.5688]]}}, {"type": "Feature", "properties": {"order": 6, "discharge": 26.88}, "geometry": {"type": "LineString", "coordinates": [[31.8062, -4.5771], [31.8021, -4.5771], [31.7937, -4.5854]]}}, {"type": "Feature", "properties": {"order": 6, "discharge": 70.79}, "geometry": {"type": "LineString", "coordinates": [[33.9437, -4.5854], [33.9437, -4.5688], [33.9521, -4.5604], [33.9521, -4.5563], [33.9562, -4.5521]]}}, {"type": "Feature", "properties": {"order": 5, "discharge": 67.24}, "geometry": {"type": "LineString", "coordinates": [[37.7312, -4.5646], [37.7479, -4.5813], [37.7521, -4.5813], [37.7562, -4.5854]]}}, {"type": "Feature", "properties": {"order": 5, "discharge": 65.8}, "geometry": {"type": "LineString", "coordinates": [[37.8521, -4.5813], [37.8646, -4.5813], [37.8687, -4.5854], [37.8771, -4.5854], [37.8812, -4.5813], [37.8896, -4.5813]]}}, {"type": "Feature", "properties": {"order": 5, "discharge": 67.46}, "geometry": {"type": "LineString", "coordinates": [[37.8937, -4.5813], [37.8979, -4.5854], [37.9021, -4.5813], [37.9146, -4.5813]]}}, {"type": "Feature", "properties": {"order": 6, "discharge": 70.96}, "geometry": {"type": "LineString", "coordinates": [[33.9437, -4.5896], [33.9437, -4.5854]]}}, {"type": "Feature", "properties": {"order": 5, "discharge": 89.43}, "geometry": {"type": "LineString", "coordinates": [[30.6812, -4.5854], [30.6937, -4.5854], [30.7021, -4.5938]]}}, {"type": "Feature", "properties": {"order": 6, "discharge": 86.6}, "geometry": {"type": "LineString", "coordinates": [[31.4812, -4.5479], [31.4812, -4.5521], [31.4771, -4.5563], [31.4771, -4.5646], [31.4812, -4.5688], [31.4812, -4.5854], [31.4896, -4.5938]]}}, {"type": "Feature", "properties": {"order": 5, "discharge": 141.24}, "geometry": {"type": "LineString", "coordinates": [[29.3854, -4.5813], [29.3854, -4.5979]]}}, {"type": "Feature", "properties": {"order": 6, "discharge": 70.18}, "geometry": {"type": "LineString", "coordinates": [[33.9437, -4.6021], [33.9437, -4.5896]]}}, {"type": "Feature", "properties": {"order": 5, "discharge": 66.7}, "geometry": {"type": "LineString", "coordinates": [[37.9312, -4.5771], [37.9396, -4.5854], [37.9354, -4.5896], [37.9354, -4.5938], [37.9437, -4.6021], [37.9479, -4.6021], [37.9521, -4.5979], [37.9604, -4.5979]]}}, {"type": "Feature", "properties": {"order": 6, "discharge": 29.41}, "geometry": {"type": "LineString", "coordinates": [[31.7187, -4.5813], [31.7146, -4.5854], [31.7104, -4.5854], [31.6979, -4.5979], [31.6937, -4.5979], [31.6896, -4.6021], [31.6729, -4.6021], [31.6687, -4.6063]]}}, {"type": "Feature", "properties": {"order": 6, "discharge": 69.78}, "geometry": {"type": "LineString", "coordinates": [[33.9437, -4.6063], [33.9437, -4.6021]]}}, {"type": "Feature", "properties": {"order": 5, "discharge": 66.98}, "geometry": {"type": "LineString", "coordinates": [[37.7562, -4.5854], [37.7771, -4.6063]]}}, {"type": "Feature", "properties": {"order": 5, "discharge": 67.06}, "geometry": {"type": "LineString", "coordinates": [[37.7771, -4.6063], [37.7937, -4.6063]]}}, {"type": "Feature", "properties": {"order": 5, "discharge": 66.24}, "geometry": {"type": "LineString", "coordinates": [[37.7937, -4.6063], [37.8021, -4.5979], [37.8104, -4.5979], [37.8271, -4.5813], [37.8312, -4.5813], [37.8354, -4.5771], [37.8479, -4.5771], [37.8521, -4.5813]]}}, {"type": "Feature", "properties": {"order": 5, "discharge": 141.06}, "geometry": {"type": "LineString", "coordinates": [[29.3854, -4.5979], [29.3854, -4.6104]]}}, {"type": "Feature", "properties": {"order": 5, "discharge": 16.91}, "geometry": {"type": "LineString", "coordinates": [[39.1354, -4.5521], [39.1396, -4.5521], [39.1521, -4.5646], [39.1479, -4.5688], [39.1562, -4.5771], [39.1646, -4.5771], [39.1687, -4.5813], [39.1729, -4.5813], [39.1771, -4.5771], [39.1812, -4.5813], [39.1812, -4.5896], [39.1771, -4.5938], [39.1771, -4.6104]]}}, {"type": "Feature", "properties": {"order": 5, "discharge": 93.52}, "geometry": {"type": "LineString", "coordinates": [[30.7021, -4.5938], [30.7021, -4.5979], [30.6979, -4.6021], [30.6979, -4.6104], [30.7021, -4.6146]]}}, {"type": "Feature", "properties": {"order": 6, "discharge": 29.68}, "geometry": {"type": "LineString", "coordinates": [[31.6687, -4.6063], [31.6646, -4.6104], [31.6646, -4.6188]]}}, {"type": "Feature", "properties": {"order": 5, "discharge": 65.89}, "geometry": {"type": "LineString", "coordinates": [[37.9604, -4.5979], [37.9687, -4.5979], [37.9729, -4.6021], [37.9771, -4.6021], [37.9812, -4.6063], [37.9937, -4.6063], [38.0062, -4.6188]]}}, {"type": "Feature", "properties": {"order": 6, "discharge": 29.89}, "geometry": {"type": "LineString", "coordinates": [[31.6646, -4.6188], [31.6646, -4.6271]]}}, {"type": "Feature", "properties": {"order": 5, "discharge": 93.51}, "geometry": {"type": "LineString", "coordinates": [[30.7021, -4.6146], [30.7021, -4.6188], [30.6979, -4.6229], [30.6979, -4.6271], [30.6937, -4.6313]]}}, {"type": "Feature", "properties": {"order": 5, "discharge": 146.14}, "geometry": {"type": "LineString", "coordinates": [[29.3854, -4.6104], [29.3854, -4.6271], [29.3896, -4.6313], [29.3896, -4.6396]]}}, {"type": "Feature", "properties": {"order": 5, "discharge": 93.53}, "geometry": {"type": "LineString", "coordinates": [[30.6937, -4.6313], [30.6937, -4.6354], [30.6896, -4.6396], [30.6896, -4.6438]]}}, {"type": "Feature", "properties": {"order": 5, "discharge": 93.56}, "geometry": {"type": "LineString", "coordinates": [[30.6896, -4.6438], [30.6896, -4.6521], [30.6937, -4.6563]]}}, {"type": "Feature", "properties": {"order": 5, "discharge": 62.34}, "geometry": {"type": "LineString", "coordinates": [[38.0062, -4.6188], [38.0104, -4.6229], [38.0146, -4.6229], [38.0271, -4.6354], [38.0312, -4.6354], [38.0396, -4.6438], [38.0354, -4.6479], [38.0354, -4.6563], [38.0396, -4.6604]]}}, {"type": "Feature", "properties": {"order": 5, "discharge": 17.04}, "geometry": {"type": "LineString", "coordinates": [[39.1771, -4.6104], [39.1854, -4.6188], [39.1854, -4.6229], [39.1896, -4.6229], [39.1979, -4.6313], [39.1979, -4.6438], [39.2021, -4.6479], [39.2062, -4.6479], [39.2104, -4.6521], [39.2104, -4.6604]]}}, {"type": "Feature", "properties": {"order": 6, "discharge": 33.98}, "geometry": {"type": "LineString", "coordinates": [[31.5812, -4.6646], [31.5771, -4.6646]]}}, {"type": "Feature", "properties": {"order": 6, "discharge": 32.19}, "geometry": {"type": "LineString", "coordinates": [[31.6646, -4.6271], [31.6646, -4.6313], [31.6562, -4.6396], [31.6437, -4.6396], [31.6396, -4.6354], [31.6354, -4.6396], [31.6312, -4.6396], [31.6187, -4.6521], [31.6187, -4.6563], [31.6104, -4.6646], [31.5896, -4.6646], [31.5854, -4.6604], [31.5812, -4.6646]]}}, {"type": "Feature", "properties": {"order": 5, "discharge": 60.49}, "geometry": {"type": "LineString", "coordinates": [[38.0396, -4.6604], [38.0437, -4.6604], [38.0479, -4.6646], [38.0521, -4.6646], [38.0562, -4.6604], [38.0604, -4.6604], [38.0687, -4.6521], [38.0729, -4.6521]]}}, {"type": "Feature", "properties": {"order": 5, "discharge": 62.62}, "geometry": {"type": "LineString", "coordinates": [[38.0729, -4.6521], [38.0729, -4.6646]]}}, {"type": "Feature", "properties": {"order": 6, "discharge": 69.62}, "geometry": {"type": "LineString", "coordinates": [[33.9521, -4.6688], [33.9521, -4.6563], [33.9479, -4.6521], [33.9479, -4.6438], [33.9437, -4.6396], [33.9437, -4.6063]]}}, {"type": "Feature", "properties": {"order": 6, "discharge": 35.34}, "geometry": {"type": "LineString", "coordinates": [[31.5604, -4.6729], [31.5562, -4.6729], [31.5479, -4.6646], [31.5437, -4.6646], [31.5396, -4.6604], [31.5354, -4.6604], [31.5312, -4.6563], [31.5187, -4.6563]]}}, {"type": "Feature", "properties": {"order": 6, "discharge": 34.36}, "geometry": {"type": "LineString", "coordinates": [[31.5771, -4.6646], [31.5729, -4.6688], [31.5687, -4.6688], [31.5646, -4.6729], [31.5604, -4.6729]]}}, {"type": "Feature", "properties": {"order": 5, "discharge": 18.05}, "geometry": {"type": "LineString", "coordinates": [[39.2104, -4.6604], [39.2229, -4.6729]]}}, {"type": "Feature", "properties": {"order": 5, "discharge": 93.51}, "geometry": {"type": "LineString", "coordinates": [[30.6937, -4.6563], [30.6979, -4.6563], [30.7021, -4.6604], [30.7021, -4.6646], [30.6979, -4.6688], [30.6979, -4.6771]]}}, {"type": "Feature", "properties": {"order": 6, "discharge": 86.95}, "geometry": {"type": "LineString", "coordinates": [[31.4896, -4.5938], [31.4896, -4.5979], [31.4854, -4.6021], [31.4854, -4.6063], [31.4896, -4.6104], [31.4896, -4.6188], [31.4937, -4.6229], [31.4937, -4.6313], [31.4854, -4.6396], [31.4854, -4.6438], [31.4812, -4.6479], [31.4812, -4.6521], [31.4771, -4.6563], [31.4771, -4.6604], [31.4646, -4.6729], [31.4646, -4.6813]]}}, {"type": "Feature", "properties": {"order": 6, "discharge": 35.85}, "geometry": {"type": "LineString", "coordinates": [[31.5187, -4.6563], [31.5146, -4.6563], [31.5021, -4.6688], [31.4937, -4.6688], [31.4896, -4.6646], [31.4854, -4.6688], [31.4854, -4.6729], [31.4771, -4.6813], [31.4646, -4.6813]]}}, {"type": "Feature", "properties": {"order": 6, "discharge": 69.86}, "geometry": {"type": "LineString", "coordinates": [[33.9521, -4.6896], [33.9521, -4.6688]]}}, {"type": "Feature", "properties": {"order": 5, "discharge": 93.65}, "geometry": {"type": "LineString", "coordinates": [[30.6979, -4.6771], [30.7021, -4.6813], [30.7062, -4.6813], [30.7104, -4.6771], [30.7187, -4.6771], [30.7229, -4.6813], [30.7271, -4.6813], [30.7312, -4.6854], [30.7312, -4.6979]]}}, {"type": "Feature", "properties": {"order": 6, "discharge": 62.51}, "geometry": {"type": "LineString", "coordinates": [[33.9521, -4.7021], [33.9521, -4.6896]]}}, {"type": "Feature", "properties": {"order": 5, "discharge": 94.19}, "geometry": {"type": "LineString", "coordinates": [[30.7312, -4.6979], [30.7312, -4.7063], [30.7271, -4.7104]]}}, {"type": "Feature", "properties": {"order": 5, "discharge": 59.16}, "geometry": {"type": "LineString", "coordinates": [[38.0729, -4.6646], [38.0729, -4.6688], [38.0771, -4.6729], [38.0771, -4.6771], [38.0729, -4.6813], [38.0729, -4.6854], [38.0771, -4.6896], [38.0771, -4.6938], [38.0937, -4.7104]]}}, {"type": "Feature", "properties": {"order": 5, "discharge": 94.53}, "geometry": {"type": "LineString", "coordinates": [[30.7271, -4.7104], [30.7312, -4.7146]]}}, {"type": "Feature", "properties": {"order": 5, "discharge": 94.52}, "geometry": {"type": "LineString", "coordinates": [[30.7312, -4.7146], [30.7479, -4.7146]]}}, {"type": "Feature", "properties": {"order": 5, "discharge": 57.95}, "geometry": {"type": "LineString", "coordinates": [[38.0937, -4.7104], [38.1104, -4.7104], [38.1146, -4.7146]]}}, {"type": "Feature", "properties": {"order": 5, "discharge": 94.41}, "geometry": {"type": "LineString", "coordinates": [[30.7479, -4.7146], [30.7646, -4.7146], [30.7687, -4.7188], [30.7854, -4.7188]]}}, {"type": "Feature", "properties": {"order": 5, "discharge": 94.53}, "geometry": {"type": "LineString", "coordinates": [[30.7854, -4.7188], [30.7896, -4.7188]]}}, {"type": "Feature", "properties": {"order": 5, "discharge": 145.67}, "geometry": {"type": "LineString", "coordinates": [[29.3896, -4.6396], [29.3896, -4.6813], [29.3937, -4.6854], [29.3937, -4.7271]]}}, {"type": "Feature", "properties": {"order": 5, "discharge": 94.62}, "geometry": {"type": "LineString", "coordinates": [[30.7896, -4.7188], [30.7937, -4.7229], [30.7979, -4.7229], [30.8021, -4.7271]]}}, {"type": "Feature", "properties": {"order": 5, "discharge": 94.61}, "geometry": {"type": "LineString", "coordinates": [[30.8021, -4.7271], [30.8104, -4.7354]]}}, {"type": "Feature", "properties": {"order": 6, "discharge": 62.54}, "geometry": {"type": "LineString", "coordinates": [[33.9521, -4.7354], [33.9521, -4.7021]]}}, {"type": "Feature", "properties": {"order": 5, "discharge": 56.55}, "geometry": {"type": "LineString", "coordinates": [[38.1146, -4.7146], [38.1146, -4.7188], [38.1229, -4.7271], [38.1271, -4.7271], [38.1354, -4.7354]]}}, {"type": "Feature", "properties": {"order": 6, "discharge": 62.58}, "geometry": {"type": "LineString", "coordinates": [[33.9479, -4.7479], [33.9521, -4.7438], [33.9521, -4.7354]]}}, {"type": "Feature", "properties": {"order": 5, "discharge": 94.56}, "geometry": {"type": "LineString", "coordinates": [[30.8104, -4.7354], [30.8146, -4.7396], [30.8146, -4.7438], [30.8187, -4.7479], [30.8187, -4.7521], [30.8229, -4.7563], [30.8229, -4.7604]]}}, {"type": "Feature", "properties": {"order": 5, "discharge": 94.52}, "geometry": {"type": "LineString", "coordinates": [[30.8229, -4.7604], [30.8271, -4.7604], [30.8312, -4.7646], [30.8396, -4.7646], [30.8437, -4.7688]]}}, {"type": "Feature", "properties": {"order": 7, "discharge": 123.04}, "geometry": {"type": "LineString", "coordinates": [[31.4646, -4.6813], [31.4437, -4.7021], [31.4396, -4.7021], [31.4354, -4.7063], [31.4271, -4.7063], [31.4229, -4.7021], [31.4187, -4.7021], [31.4146, -4.6979], [31.3854, -4.7271], [31.3854, -4.7313], [31.3937, -4.7396], [31.3937, -4.7521], [31.3979, -4.7563], [31.3979, -4.7688], [31.4021, -4.7729]]}}, {"type": "Feature", "properties": {"order": 5, "discharge": 53.18}, "geometry": {"type": "LineString", "coordinates": [[38.1354, -4.7354], [38.1479, -4.7479], [38.1479, -4.7604], [38.1562, -4.7688], [38.1604, -4.7688], [38.1646, -4.7729], [38.1687, -4.7729]]}}, {"type": "Feature", "properties": {"order": 6, "discharge": 58.45}, "geometry": {"type": "LineString", "coordinates": [[33.9354, -4.7854], [33.9354, -4.7813], [33.9396, -4.7771], [33.9396, -4.7729], [33.9437, -4.7688], [33.9437, -4.7604], [33.9479, -4.7563], [33.9479, -4.7479]]}}, {"type": "Feature", "properties": {"order": 5, "discharge": 147.13}, "geometry": {"type": "LineString", "coordinates": [[29.3937, -4.7271], [29.3937, -4.7354], [29.3979, -4.7396], [29.3979, -4.7604], [29.4021, -4.7646], [29.4021, -4.7854], [29.4062, -4.7896]]}}, {"type": "Feature", "properties": {"order": 5, "discharge": 51.63}, "geometry": {"type": "LineString", "coordinates": [[38.1687, -4.7729], [38.1729, -4.7771], [38.1687, -4.7813], [38.1729, -4.7854], [38.1729, -4.7896], [38.1771, -4.7938]]}}, {"type": "Feature", "properties": {"order": 5, "discharge": 95.31}, "geometry": {"type": "LineString", "coordinates": [[30.8437, -4.7688], [30.8521, -4.7771], [30.8687, -4.7771], [30.8729, -4.7813], [30.8729, -4.7854], [30.8771, -4.7896], [30.8812, -4.7896], [30.8896, -4.7979]]}}, {"type": "Feature", "properties": {"order": 7, "discharge": 123.15}, "geometry": {"type": "LineString", "coordinates": [[31.4021, -4.7729], [31.4021, -4.7813], [31.3979, -4.7854], [31.3979, -4.7896], [31.4062, -4.7979]]}}, {"type": "Feature", "properties": {"order": 5, "discharge": 95.35}, "geometry": {"type": "LineString", "coordinates": [[30.8896, -4.7979], [30.8937, -4.8021]]}}, {"type": "Feature", "properties": {"order": 6, "discharge": 52.63}, "geometry": {"type": "LineString", "coordinates": [[33.9271, -4.8021], [33.9312, -4.7979], [33.9312, -4.7896], [33.9354, -4.7854]]}}, {"type": "Feature", "properties": {"order": 5, "discharge": 95.67}, "geometry": {"type": "LineString", "coordinates": [[30.8937, -4.8021], [30.8979, -4.8063]]}}, {"type": "Feature", "properties": {"order": 7, "discharge": 124.12}, "geometry": {"type": "LineString", "coordinates": [[31.4062, -4.7979], [31.4104, -4.8021], [31.4104, -4.8063]]}}, {"type": "Feature", "properties": {"order": 5, "discharge": 50.74}, "geometry": {"type": "LineString", "coordinates": [[38.1771, -4.7938], [38.1896, -4.8063]]}}, {"type": "Feature", "properties": {"order": 5, "discharge": 95.7}, "geometry": {"type": "LineString", "coordinates": [[30.8979, -4.8063], [30.8979, -4.8104], [30.9104, -4.8229]]}}, {"type": "Feature", "properties": {"order": 5, "discharge": 49.28}, "geometry": {"type": "LineString", "coordinates": [[38.1896, -4.8063], [38.1937, -4.8104], [38.1937, -4.8271]]}}, {"type": "Feature", "properties": {"order": 5, "discharge": 95.85}, "geometry": {"type": "LineString", "coordinates": [[30.9104, -4.8229], [30.9187, -4.8313]]}}, {"type": "Feature", "properties": {"order": 5, "discharge": 49.11}, "geometry": {"type": "LineString", "coordinates": [[38.1937, -4.8271], [38.1979, -4.8313]]}}, {"type": "Feature", "properties": {"order": 5, "discharge": 48.86}, "geometry": {"type": "LineString", "coordinates": [[38.1979, -4.8313], [38.2062, -4.8396]]}}, {"type": "Feature", "properties": {"order": 5, "discharge": 145.96}, "geometry": {"type": "LineString", "coordinates": [[29.4062, -4.7896], [29.4062, -4.8104], [29.4104, -4.8146], [29.4104, -4.8354], [29.4146, -4.8396], [29.4146, -4.8521]]}}, {"type": "Feature", "properties": {"order": 5, "discharge": 146.05}, "geometry": {"type": "LineString", "coordinates": [[29.4146, -4.8521], [29.4146, -4.8563]]}}, {"type": "Feature", "properties": {"order": 5, "discharge": 46.04}, "geometry": {"type": "LineString", "coordinates": [[38.2062, -4.8396], [38.2104, -4.8438], [38.2146, -4.8438], [38.2187, -4.8479], [38.2229, -4.8479], [38.2312, -4.8563], [38.2437, -4.8563]]}}, {"type": "Feature", "properties": {"order": 7, "discharge": 124.51}, "geometry": {"type": "LineString", "coordinates": [[31.3937, -4.8604], [31.3896, -4.8563], [31.3854, -4.8563], [31.3812, -4.8521], [31.3646, -4.8521], [31.3604, -4.8563], [31.3562, -4.8563], [31.3521, -4.8604]]}}, {"type": "Feature", "properties": {"order": 7, "discharge": 124.27}, "geometry": {"type": "LineString", "coordinates": [[31.4104, -4.8063], [31.4104, -4.8104], [31.4062, -4.8146], [31.4062, -4.8229], [31.4021, -4.8271], [31.4021, -4.8313], [31.4062, -4.8354], [31.4062, -4.8479], [31.3937, -4.8604]]}}, {"type": "Feature", "properties": {"order": 5, "discharge": 145.9}, "geometry": {"type": "LineString", "coordinates": [[29.4146, -4.8563], [29.4146, -4.8604], [29.4187, -4.8646], [29.4187, -4.8688]]}}, {"type": "Feature", "properties": {"order": 5, "discharge": 44.59}, "geometry": {"type": "LineString", "coordinates": [[38.2437, -4.8563], [38.2562, -4.8688], [38.2562, -4.8729], [38.2604, -4.8771]]}}, {"type": "Feature", "properties": {"order": 5, "discharge": 150.28}, "geometry": {"type": "LineString", "coordinates": [[29.4187, -4.8688], [29.4187, -4.8854], [29.4229, -4.8896]]}}, {"type": "Feature", "properties": {"order": 5, "discharge": 95.75}, "geometry": {"type": "LineString", "coordinates": [[30.9187, -4.8313], [30.9229, -4.8354], [30.9229, -4.8479], [30.9271, -4.8521], [30.9271, -4.8729], [30.9437, -4.8896]]}}, {"type": "Feature", "properties": {"order": 7, "discharge": 124.64}, "geometry": {"type": "LineString", "coordinates": [[31.3521, -4.8604], [31.3437, -4.8688], [31.3396, -4.8688], [31.3271, -4.8813], [31.3271, -4.8854], [31.3229, -4.8896]]}}, {"type": "Feature", "properties": {"order": 6, "discharge": 52.65}, "geometry": {"type": "LineString", "coordinates": [[33.9104, -4.8896], [33.9104, -4.8354], [33.9146, -4.8313], [33.9146, -4.8271], [33.9187, -4.8229], [33.9187, -4.8188], [33.9229, -4.8146], [33.9229, -4.8104], [33.9271, -4.8063], [33.9271, -4.8021]]}}, {"type": "Feature", "properties": {"order": 5, "discharge": 45.58}, "geometry": {"type": "LineString", "coordinates": [[38.2604, -4.8771], [38.2604, -4.8813], [38.2562, -4.8854], [38.2562, -4.8938], [38.2521, -4.8979]]}}, {"type": "Feature", "properties": {"order": 5, "discharge": 95.82}, "geometry": {"type": "LineString", "coordinates": [[30.9437, -4.8896], [30.9479, -4.8896], [30.9479, -4.8979], [30.9521, -4.9021]]}}, {"type": "Feature", "properties": {"order": 6, "discharge": 52.82}, "geometry": {"type": "LineString", "coordinates": [[33.9104, -4.9021], [33.9104, -4.8896]]}}, {"type": "Feature", "properties": {"order": 7, "discharge": 124.75}, "geometry": {"type": "LineString", "coordinates": [[31.3229, -4.8896], [31.3229, -4.8938], [31.3187, -4.8979], [31.3187, -4.9063], [31.3146, -4.9104], [31.3146, -4.9146]]}}, {"type": "Feature", "properties": {"order": 5, "discharge": 95.94}, "geometry": {"type": "LineString", "coordinates": [[30.9521, -4.9021], [30.9521, -4.9146], [30.9479, -4.9188], [30.9479, -4.9271]]}}, {"type": "Feature", "properties": {"order": 7, "discharge": 125.87}, "geometry": {"type": "LineString", "coordinates": [[31.2687, -4.9313], [31.2646, -4.9313]]}}, {"type": "Feature", "properties": {"order": 7, "discharge": 124.85}, "geometry": {"type": "LineString", "coordinates": [[31.3146, -4.9146], [31.3104, -4.9188], [31.3062, -4.9188], [31.3021, -4.9229], [31.2771, -4.9229], [31.2687, -4.9313]]}}, {"type": "Feature", "properties": {"order": 6, "discharge": 51.49}, "geometry": {"type": "LineString", "coordinates": [[33.9312, -4.9438], [33.9271, -4.9396], [33.9271, -4.9354], [33.9229, -4.9313], [33.9229, -4.9271], [33.9187, -4.9229], [33.9187, -4.9188], [33.9146, -4.9146], [33.9146, -4.9063], [33.9104, -4.9021]]}}, {"type": "Feature", "properties": {"order": 5, "discharge": 41.68}, "geometry": {"type": "LineString", "coordinates": [[38.2521, -4.8979], [38.2521, -4.9021], [38.2604, -4.9104], [38.2604, -4.9146], [38.2687, -4.9229], [38.2729, -4.9229], [38.2771, -4.9271], [38.2771, -4.9438]]}}, {"type": "Feature", "properties": {"order": 7, "discharge": 126.0}, "geometry": {"type": "LineString", "coordinates": [[31.2646, -4.9313], [31.2604, -4.9354], [31.2604, -4.9396], [31.2521, -4.9479]]}}, {"type": "Feature", "properties": {"order": 7, "discharge": 133.66}, "geometry": {"type": "LineString", "coordinates": [[31.0979, -4.9563], [31.0854, -4.9563]]}}, {"type": "Feature", "properties": {"order": 7, "discharge": 126.05}, "geometry": {"type": "LineString", "coordinates": [[31.2521, -4.9479], [31.2479, -4.9521], [31.2437, -4.9521], [31.2396, -4.9563]]}}, {"type": "Feature", "properties": {"order": 5, "discharge": 41.4}, "geometry": {"type": "LineString", "coordinates": [[38.2771, -4.9438], [38.2771, -4.9563]]}}, {"type": "Feature", "properties": {"order": 7, "discharge": 133.82}, "geometry": {"type": "LineString", "coordinates": [[31.0854, -4.9563], [31.0771, -4.9563], [31.0729, -4.9521], [31.0687, -4.9521], [31.0604, -4.9604]]}}, {"type": "Feature", "properties": {"order": 5, "discharge": 41.23}, "geometry": {"type": "LineString", "coordinates": [[38.2771, -4.9563], [38.2771, -4.9604]]}}, {"type": "Feature", "properties": {"order": 5, "discharge": 95.84}, "geometry": {"type": "LineString", "coordinates": [[30.9479, -4.9271], [30.9479, -4.9354], [30.9521, -4.9396], [30.9479, -4.9438], [30.9479, -4.9479], [30.9604, -4.9604], [30.9604, -4.9646]]}}, {"type": "Feature", "properties": {"order": 7, "discharge": 126.33}, "geometry": {"type": "LineString", "coordinates": [[31.2021, -4.9729], [31.1896, -4.9729], [31.1854, -4.9688], [31.1729, -4.9688]]}}, {"type": "Feature", "properties": {"order": 7, "discharge": 126.28}, "geometry": {"type": "LineString", "coordinates": [[31.2146, -4.9729], [31.2021, -4.9729]]}}, {"type": "Feature", "properties": {"order": 7, "discharge": 126.12}, "geometry": {"type": "LineString", "coordinates": [[31.2396, -4.9563], [31.2354, -4.9563], [31.2312, -4.9604], [31.2271, -4.9604], [31.2146, -4.9729]]}}, {"type": "Feature", "properties": {"order": 5, "discharge": 149.16}, "geometry": {"type": "LineString", "coordinates": [[29.4229, -4.8896], [29.4229, -4.9146], [29.4271, -4.9188], [29.4271, -4.9354], [29.4312, -4.9396], [29.4312, -4.9479], [29.4354, -4.9521], [29.4354, -4.9646], [29.4396, -4.9688], [29.4396, -4.9771]]}}, {"type": "Feature", "properties": {"order": 5, "discharge": 16.42}, "geometry": {"type": "LineString", "coordinates": [[33.9562, -4.9771], [33.9479, -4.9688], [33.9479, -4.9604], [33.9396, -4.9521], [33.9396, -4.9479], [33.9354, -4.9438], [33.9312, -4.9438]]}}, {"type": "Feature", "properties": {"order": 7, "discharge": 134.41}, "geometry": {"type": "LineString", "coordinates": [[31.0146, -4.9854], [31.0021, -4.9854], [30.9979, -4.9813], [30.9896, -4.9813]]}}, {"type": "Feature", "properties": {"order": 7, "discharge": 134.38}, "geometry": {"type": "LineString", "coordinates": [[31.0312, -4.9854], [31.0146, -4.9854]]}}, {"type": "Feature", "properties": {"order": 7, "discharge": 134.31}, "geometry": {"type": "LineString", "coordinates": [[31.0604, -4.9604], [31.0396, -4.9813], [31.0354, -4.9813], [31.0312, -4.9854]]}}, {"type": "Feature", "properties": {"order": 7, "discharge": 126.67}, "geometry": {"type": "LineString", "coordinates": [[31.1437, -4.9854], [31.1312, -4.9854], [31.1229, -4.9771], [31.1187, -4.9771], [31.0979, -4.9563]]}}, {"type": "Feature", "properties": {"order": 7, "discharge": 126.56}, "geometry": {"type": "LineString", "coordinates": [[31.1479, -4.9854], [31.1437, -4.9854]]}}, {"type": "Feature", "properties": {"order": 7, "discharge": 126.38}, "geometry": {"type": "LineString", "coordinates": [[31.1729, -4.9688], [31.1646, -4.9771], [31.1604, -4.9771], [31.1562, -4.9813], [31.1521, -4.9813], [31.1479, -4.9854]]}}, {"type": "Feature", "properties": {"order": 5, "discharge": 39.3}, "geometry": {"type": "LineString", "coordinates": [[38.2771, -4.9604], [38.2771, -4.9771], [38.2729, -4.9813], [38.2729, -4.9854]]}}, {"type": "Feature", "properties": {"order": 5, "discharge": 16.38}, "geometry": {"type": "LineString", "coordinates": [[33.9729, -4.9896], [33.9687, -4.9854], [33.9646, -4.9854], [33.9562, -4.9771]]}}, {"type": "Feature", "properties": {"order": 5, "discharge": 149.09}, "geometry": {"type": "LineString", "coordinates": [[29.4396, -4.9771], [29.4396, -4.9813], [29.4437, -4.9854], [29.4437, -4.9938]]}}, {"type": "Feature", "properties": {"order": 5, "discharge": 95.75}, "geometry": {"type": "LineString", "coordinates": [[30.9604, -4.9646], [30.9646, -4.9688], [30.9646, -4.9813], [30.9687, -4.9854], [30.9687, -4.9938]]}}, {"type": "Feature", "properties": {"order": 7, "discharge": 134.33}, "geometry": {"type": "LineString", "coordinates": [[30.9896, -4.9813], [30.9812, -4.9813], [30.9687, -4.9938]]}}, {"type": "Feature", "properties": {"order": 7, "discharge": 229.5}, "geometry": {"type": "LineString", "coordinates": [[30.9687, -4.9938], [30.9562, -5.0063], [30.9521, -5.0063], [30.9479, -5.0104], [30.9437, -5.0104]]}}, {"type": "Feature", "properties": {"order": 5, "discharge": 35.21}, "geometry": {"type": "LineString", "coordinates": [[33.8896, -5.0104], [33.8937, -5.0063], [33.8937, -4.9979], [33.9229, -4.9688], [33.9229, -4.9646], [33.9312, -4.9563], [33.9312, -4.9438]]}}, {"type": "Feature", "properties": {"order": 5, "discharge": 16.25}, "geometry": {"type": "LineString", "coordinates": [[33.9729, -5.0104], [33.9729, -4.9896]]}}, {"type": "Feature", "properties": {"order": 5, "discharge": 149.0}, "geometry": {"type": "LineString", "coordinates": [[29.4437, -4.9938], [29.4479, -4.9979], [29.4479, -5.0063], [29.4521, -5.0104], [29.4521, -5.0188]]}}, {"type": "Feature", "properties": {"order": 5, "discharge": 11.5}, "geometry": {"type": "LineString", "coordinates": [[33.9896, -5.0188], [33.9854, -5.0146], [33.9771, -5.0146], [33.9729, -5.0104]]}}, {"type": "Feature", "properties": {"order": 7, "discharge": 229.14}, "geometry": {"type": "LineString", "coordinates": [[30.9437, -5.0104], [30.9312, -5.0229]]}}, {"type": "Feature", "properties": {"order": 5, "discharge": 34.35}, "geometry": {"type": "LineString", "coordinates": [[33.8729, -5.0271], [33.8896, -5.0104]]}}, {"type": "Feature", "properties": {"order": 5, "discharge": 11.3}, "geometry": {"type": "LineString", "coordinates": [[33.9937, -5.0271], [33.9896, -5.0229], [33.9896, -5.0188]]}}, {"type": "Feature", "properties": {"order": 5, "discharge": 39.0}, "geometry": {"type": "LineString", "coordinates": [[38.2729, -4.9854], [38.2687, -4.9896], [38.2687, -5.0063], [38.2729, -5.0104], [38.2729, -5.0188], [38.2854, -5.0313]]}}, {"type": "Feature", "properties": {"order": 5, "discharge": 149.2}, "geometry": {"type": "LineString", "coordinates": [[29.4521, -5.0188], [29.4521, -5.0229], [29.4562, -5.0271], [29.4562, -5.0396], [29.4604, -5.0438]]}}, {"type": "Feature", "properties": {"order": 7, "discharge": 228.57}, "geometry": {"type": "LineString", "coordinates": [[30.9312, -5.0229], [30.9271, -5.0271], [30.9271, -5.0313], [30.9229, -5.0354], [30.9229, -5.0438], [30.9187, -5.0479]]}}, {"type": "Feature", "properties": {"order": 5, "discharge": 34.17}, "geometry": {"type": "LineString", "coordinates": [[33.8312, -5.0479], [33.8396, -5.0479], [33.8437, -5.0438], [33.8479, -5.0479]]}}, {"type": "Feature", "properties": {"order": 5, "discharge": 34.27}, "geometry": {"type": "LineString", "coordinates": [[33.8479, -5.0479], [33.8521, -5.0438], [33.8521, -5.0396], [33.8562, -5.0354], [33.8646, -5.0354], [33.8729, -5.0271]]}}, {"type": "Feature", "properties": {"order": 5, "discharge": 11.22}, "geometry": {"type": "LineString", "coordinates": [[34.0146, -5.0479], [34.0104, -5.0438], [34.0062, -5.0438], [33.9937, -5.0313], [33.9937, -5.0271]]}}, {"type": "Feature", "properties": {"order": 5, "discharge": 33.79}, "geometry": {"type": "LineString", "coordinates": [[33.7979, -5.0563], [33.8062, -5.0563], [33.8146, -5.0479], [33.8187, -5.0479], [33.8229, -5.0521], [33.8271, -5.0479], [33.8312, -5.0479]]}}, {"type": "Feature", "properties": {"order": 5, "discharge": 10.71}, "geometry": {"type": "LineString", "coordinates": [[34.0146, -5.0604], [34.0146, -5.0479]]}}, {"type": "Feature", "properties": {"order": 5, "discharge": 38.9}, "geometry": {"type": "LineString", "coordinates": [[38.2854, -5.0313], [38.2979, -5.0438], [38.2979, -5.0479], [38.3062, -5.0563], [38.3062, -5.0604]]}}, {"type": "Feature", "properties": {"order": 5, "discharge": 149.27}, "geometry": {"type": "LineString", "coordinates": [[29.4604, -5.0438], [29.4604, -5.0521], [29.4646, -5.0563], [29.4646, -5.0646]]}}, {"type": "Feature", "properties": {"order": 7, "discharge": 228.47}, "geometry": {"type": "LineString", "coordinates": [[30.9187, -5.0479], [30.9104, -5.0563], [30.9104, -5.0646], [30.9062, -5.0688], [30.9062, -5.0729], [30.9021, -5.0771]]}}, {"type": "Feature", "properties": {"order": 5, "discharge": 10.66}, "geometry": {"type": "LineString", "coordinates": [[34.0312, -5.0771], [34.0271, -5.0771], [34.0229, -5.0729], [34.0229, -5.0688], [34.0146, -5.0604]]}}, {"type": "Feature", "properties": {"order": 7, "discharge": 228.43}, "geometry": {"type": "LineString", "coordinates": [[30.9021, -5.0771], [30.9021, -5.0813]]}}, {"type": "Feature", "properties": {"order": 5, "discharge": 150.33}, "geometry": {"type": "LineString", "coordinates": [[29.4646, -5.0646], [29.4687, -5.0688], [29.4687, -5.0813], [29.4729, -5.0854]]}}, {"type": "Feature", "properties": {"order": 5, "discharge": 33.65}, "geometry": {"type": "LineString", "coordinates": [[33.7521, -5.0854], [33.7562, -5.0813], [33.7604, -5.0813], [33.7687, -5.0729], [33.7687, -5.0688], [33.7771, -5.0604], [33.7896, -5.0604], [33.7937, -5.0563], [33.7979, -5.0563]]}}, {"type": "Feature", "properties": {"order": 5, "discharge": 39.21}, "geometry": {"type": "LineString", "coordinates": [[38.3062, -5.0604], [38.3146, -5.0688], [38.3146, -5.0771], [38.3229, -5.0854]]}}, {"type": "Feature", "properties": {"order": 5, "discharge": 39.24}, "geometry": {"type": "LineString", "coordinates": [[38.3229, -5.0854], [38.3312, -5.0854]]}}, {"type": "Feature", "properties": {"order": 7, "discharge": 226.59}, "geometry": {"type": "LineString", "coordinates": [[30.8437, -5.0896], [30.8312, -5.0896]]}}, {"type": "Feature", "properties": {"order": 5, "discharge": 10.45}, "geometry": {"type": "LineString", "coordinates": [[34.0396, -5.0896], [34.0354, -5.0854], [34.0354, -5.0813], [34.0312, -5.0771]]}}, {"type": "Feature", "properties": {"order": 7, "discharge": 227.98}, "geometry": {"type": "LineString", "coordinates": [[30.9021, -5.0813], [30.8937, -5.0896], [30.8896, -5.0896], [30.8854, -5.0938]]}}, {"type": "Feature", "properties": {"order": 5, "discharge": 150.92}, "geometry": {"type": "LineString", "coordinates": [[29.4729, -5.0854], [29.4729, -5.0979]]}}, {"type": "Feature", "properties": {"order": 7, "discharge": 226.79}, "geometry": {"type": "LineString", "coordinates": [[30.8854, -5.0938], [30.8771, -5.0938], [30.8729, -5.0979], [30.8521, -5.0979], [30.8437, -5.0896]]}}, {"type": "Feature", "properties": {"order": 7, "discharge": 332.34}, "geometry": {"type": "LineString", "coordinates": [[30.3354, -5.0854], [30.3312, -5.0896], [30.3271, -5.0896], [30.3146, -5.1021], [30.3104, -5.1021], [30.3021, -5.1104]]}}, {"type": "Feature", "properties": {"order": 7, "discharge": 226.06}, "geometry": {"type": "LineString", "coordinates": [[30.8312, -5.0896], [30.8187, -5.1021], [30.8187, -5.1063], [30.8146, -5.1104]]}}, {"type": "Feature", "properties": {"order": 5, "discharge": 33.43}, "geometry": {"type": "LineString", "coordinates": [[33.7104, -5.1104], [33.7146, -5.1063], [33.7187, -5.1063], [33.7312, -5.0938], [33.7396, -5.0938], [33.7437, -5.0896], [33.7479, -5.0896], [33.7521, -5.0854]]}}, {"type": "Feature", "properties": {"order": 7, "discharge": 332.19}, "geometry": {"type": "LineString", "coordinates": [[30.3771, -5.1146], [30.3646, -5.1021], [30.3604, -5.1021], [30.3479, -5.0896], [30.3479, -5.0854], [30.3437, -5.0813], [30.3396, -5.0813], [30.3354, -5.0854]]}}, {"type": "Feature", "properties": {"order": 7, "discharge": 331.69}, "geometry": {"type": "LineString", "coordinates": [[30.3812, -5.1146], [30.3771, -5.1146]]}}, {"type": "Feature", "properties": {"order": 7, "discharge": 225.97}, "geometry": {"type": "LineString", "coordinates": [[30.8146, -5.1104], [30.8146, -5.1146]]}}, {"type": "Feature", "properties": {"order": 5, "discharge": 32.59}, "geometry": {"type": "LineString", "coordinates": [[33.6896, -5.1146], [33.6979, -5.1146]]}}, {"type": "Feature", "properties": {"order": 5, "discharge": 33.14}, "geometry": {"type": "LineString", "coordinates": [[33.6979, -5.1146], [33.7021, -5.1104], [33.7104, -5.1104]]}}, {"type": "Feature", "properties": {"order": 7, "discharge": 320.55}, "geometry": {"type": "LineString", "coordinates": [[30.4104, -5.1188], [30.4021, -5.1104], [30.3979, -5.1104], [30.3937, -5.1146], [30.3812, -5.1146]]}}, {"type": "Feature", "properties": {"order": 5, "discharge": 8.14}, "geometry": {"type": "LineString", "coordinates": [[34.0479, -5.1188], [34.0437, -5.1146], [34.0437, -5.1104], [34.0354, -5.1021], [34.0354, -5.0938], [34.0396, -5.0896]]}}, {"type": "Feature", "properties": {"order": 5, "discharge": 32.27}, "geometry": {"type": "LineString", "coordinates": [[33.6771, -5.1229], [33.6812, -5.1188], [33.6854, -5.1188], [33.6896, -5.1146]]}}, {"type": "Feature", "properties": {"order": 7, "discharge": 332.46}, "geometry": {"type": "LineString", "coordinates": [[30.3021, -5.1104], [30.2979, -5.1146], [30.2937, -5.1146], [30.2896, -5.1188], [30.2896, -5.1271]]}}, {"type": "Feature", "properties": {"order": 5, "discharge": 31.94}, "geometry": {"type": "LineString", "coordinates": [[33.6687, -5.1271], [33.6729, -5.1271], [33.6771, -5.1229]]}}, {"type": "Feature", "properties": {"order": 5, "discharge": 39.06}, "geometry": {"type": "LineString", "coordinates": [[38.3312, -5.0854], [38.3354, -5.0896], [38.3354, -5.0938], [38.3396, -5.0979], [38.3437, -5.0979], [38.3479, -5.1021], [38.3479, -5.1063], [38.3521, -5.1104], [38.3521, -5.1146], [38.3646, -5.1271]]}}, {"type": "Feature", "properties": {"order": 7, "discharge": 320.48}, "geometry": {"type": "LineString", "coordinates": [[30.4604, -5.1354], [30.4479, -5.1354], [30.4437, -5.1313], [30.4396, -5.1313], [30.4354, -5.1271], [30.4271, -5.1271], [30.4187, -5.1188], [30.4146, -5.1229], [30.4104, -5.1188]]}}, {"type": "Feature", "properties": {"order": 7, "discharge": 328.43}, "geometry": {"type": "LineString", "coordinates": [[30.6937, -5.1354], [30.6771, -5.1354]]}}, {"type": "Feature", "properties": {"order": 7, "discharge": 225.1}, "geometry": {"type": "LineString", "coordinates": [[30.8146, -5.1146], [30.8104, -5.1188], [30.8104, -5.1229], [30.8062, -5.1271], [30.8021, -5.1271], [30.7979, -5.1313], [30.7937, -5.1313], [30.7896, -5.1354]]}}, {"type": "Feature", "properties": {"order": 5, "discharge": 69.98}, "geometry": {"type": "LineString", "coordinates": [[38.3646, -5.1271], [38.3687, -5.1313], [38.3854, -5.1313], [38.3896, -5.1354], [38.3937, -5.1354], [38.3979, -5.1313]]}}, {"type": "Feature", "properties": {"order": 7, "discharge": 329.21}, "geometry": {"type": "LineString", "coordinates": [[30.7021, -5.1396], [30.6979, -5.1396], [30.6937, -5.1354]]}}, {"type": "Feature", "properties": {"order": 5, "discharge": 8.05}, "geometry": {"type": "LineString", "coordinates": [[34.0521, -5.1396], [34.0521, -5.1354], [34.0437, -5.1271], [34.0437, -5.1229], [34.0479, -5.1188]]}}, {"type": "Feature", "properties": {"order": 5, "discharge": 70.23}, "geometry": {"type": "LineString", "coordinates": [[38.3979, -5.1313], [38.4021, -5.1354], [38.4062, -5.1354], [38.4104, -5.1396]]}}, {"type": "Feature", "properties": {"order": 7, "discharge": 332.63}, "geometry": {"type": "LineString", "coordinates": [[30.2896, -5.1271], [30.2854, -5.1313], [30.2812, -5.1313], [30.2687, -5.1438]]}}, {"type": "Feature", "properties": {"order": 7, "discharge": 320.31}, "geometry": {"type": "LineString", "coordinates": [[30.4729, -5.1438], [30.4687, -5.1438], [30.4604, -5.1354]]}}, {"type": "Feature", "properties": {"order": 7, "discharge": 319.54}, "geometry": {"type": "LineString", "coordinates": [[30.4812, -5.1438], [30.4729, -5.1438]]}}, {"type": "Feature", "properties": {"order": 5, "discharge": 31.88}, "geometry": {"type": "LineString", "coordinates": [[33.6437, -5.1438], [33.6479, -5.1438], [33.6521, -5.1396], [33.6604, -5.1396], [33.6646, -5.1354], [33.6646, -5.1313], [33.6687, -5.1271]]}}, {"type": "Feature", "properties": {"order": 7, "discharge": 319.44}, "geometry": {"type": "LineString", "coordinates": [[30.5479, -5.1438], [30.5354, -5.1438], [30.5312, -5.1479], [30.5062, -5.1479], [30.5021, -5.1438], [30.4812, -5.1438]]}}, {"type": "Feature", "properties": {"order": 5, "discharge": 31.7}, "geometry": {"type": "LineString", "coordinates": [[33.6312, -5.1479], [33.6396, -5.1479]]}}, {"type": "Feature", "properties": {"order": 5, "discharge": 31.75}, "geometry": {"type": "LineString", "coordinates": [[33.6396, -5.1479], [33.6437, -5.1438]]}}, {"type": "Feature", "properties": {"order": 7, "discharge": 224.49}, "geometry": {"type": "LineString", "coordinates": [[30.7896, -5.1354], [30.7896, -5.1396], [30.7812, -5.1479], [30.7812, -5.1563]]}}, {"type": "Feature", "properties": {"order": 5, "discharge": 31.47}, "geometry": {"type": "LineString", "coordinates": [[33.6104, -5.1604], [33.6229, -5.1604]]}}, {"type": "Feature", "properties": {"order": 5, "discharge": 31.52}, "geometry": {"type": "LineString", "coordinates": [[33.6229, -5.1604], [33.6271, -5.1563], [33.6271, -5.1521], [33.6312, -5.1479]]}}, {"type": "Feature", "properties": {"order": 7, "discharge": 224.29}, "geometry": {"type": "LineString", "coordinates": [[30.7812, -5.1563], [30.7729, -5.1646]]}}, {"type": "Feature", "properties": {"order": 5, "discharge": 69.83}, "geometry": {"type": "LineString", "coordinates": [[38.4104, -5.1396], [38.4187, -5.1479], [38.4187, -5.1604], [38.4229, -5.1646], [38.4271, -5.1646], [38.4312, -5.1604], [38.4396, -5.1604]]}}, {"type": "Feature", "properties": {"order": 5, "discharge": 70.02}, "geometry": {"type": "LineString", "coordinates": [[38.4396, -5.1604], [38.4437, -5.1646], [38.4479, -5.1646], [38.4521, -5.1688]]}}, {"type": "Feature", "properties": {"order": 5, "discharge": 70.18}, "geometry": {"type": "LineString", "coordinates": [[38.4521, -5.1688], [38.4604, -5.1688], [38.4646, -5.1646], [38.4687, -5.1646], [38.4771, -5.1563]]}}, {"type": "Feature", "properties": {"order": 5, "discharge": 69.96}, "geometry": {"type": "LineString", "coordinates": [[38.4771, -5.1563], [38.4896, -5.1563], [38.4937, -5.1604], [38.4979, -5.1604], [38.5062, -5.1688], [38.5146, -5.1688]]}}, {"type": "Feature", "properties": {"order": 7, "discharge": 325.53}, "geometry": {"type": "LineString", "coordinates": [[30.6771, -5.1354], [30.6729, -5.1354], [30.6687, -5.1396], [30.6687, -5.1521], [30.6521, -5.1688], [30.6354, -5.1688], [30.6312, -5.1729]]}}, {"type": "Feature", "properties": {"order": 7, "discharge": 221.6}, "geometry": {"type": "LineString", "coordinates": [[30.7729, -5.1646], [30.7646, -5.1729], [30.7521, -5.1729], [30.7479, -5.1688], [30.7479, -5.1646], [30.7437, -5.1604], [30.7437, -5.1438], [30.7354, -5.1354], [30.7312, -5.1354], [30.7271, -5.1396], [30.7021, -5.1396]]}}, {"type": "Feature", "properties": {"order": 5, "discharge": 7.97}, "geometry": {"type": "LineString", "coordinates": [[34.0771, -5.1729], [34.0562, -5.1521], [34.0562, -5.1479], [34.0521, -5.1438], [34.0521, -5.1396]]}}, {"type": "Feature", "properties": {"order": 7, "discharge": 332.89}, "geometry": {"type": "LineString", "coordinates": [[30.2687, -5.1438], [30.2646, -5.1479], [30.2646, -5.1729], [30.2604, -5.1771], [30.2437, -5.1771]]}}, {"type": "Feature", "properties": {"order": 7, "discharge": 327.05}, "geometry": {"type": "LineString", "coordinates": [[30.6312, -5.1729], [30.6271, -5.1729], [30.6229, -5.1771]]}}, {"type": "Feature", "properties": {"order": 5, "discharge": 7.75}, "geometry": {"type": "LineString", "coordinates": [[34.1104, -5.1771], [34.0812, -5.1771], [34.0771, -5.1729]]}}, {"type": "Feature", "properties": {"order": 5, "discharge": 81.75}, "geometry": {"type": "LineString", "coordinates": [[38.5146, -5.1688], [38.5229, -5.1771]]}}, {"type": "Feature", "properties": {"order": 7, "discharge": 339.57}, "geometry": {"type": "LineString", "coordinates": [[30.0562, -5.1771], [30.0521, -5.1813]]}}, {"type": "Feature", "properties": {"order": 7, "discharge": 321.31}, "geometry": {"type": "LineString", "coordinates": [[30.5562, -5.1813], [30.5562, -5.1771], [30.5521, -5.1729], [30.5604, -5.1646], [30.5604, -5.1521], [30.5562, -5.1479], [30.5521, -5.1479], [30.5479, -5.1438]]}}, {"type": "Feature", "properties": {"order": 7, "discharge": 342.55}, "geometry": {"type": "LineString", "coordinates": [[29.9396, -5.1854], [29.9396, -5.1771], [29.9312, -5.1688], [29.9229, -5.1688], [29.9187, -5.1729], [29.9146, -5.1729], [29.9104, -5.1771]]}}, {"type": "Feature", "properties": {"order": 5, "discharge": 81.91}, "geometry": {"type": "LineString", "coordinates": [[38.5229, -5.1771], [38.5271, -5.1771], [38.5354, -5.1854]]}}, {"type": "Feature", "properties": {"order": 7, "discharge": 338.87}, "geometry": {"type": "LineString", "coordinates": [[30.0854, -5.1896], [30.0812, -5.1896], [30.0771, -5.1854], [30.0771, -5.1813], [30.0729, -5.1771], [30.0562, -5.1771]]}}, {"type": "Feature", "properties": {"order": 7, "discharge": 323.31}, "geometry": {"type": "LineString", "coordinates": [[30.5687, -5.1896], [30.5646, -5.1854], [30.5604, -5.1854], [30.5562, -5.1813]]}}, {"type": "Feature", "properties": {"order": 5, "discharge": 31.21}, "geometry": {"type": "LineString", "coordinates": [[33.5937, -5.1896], [33.5937, -5.1771], [33.5979, -5.1729], [33.6021, -5.1771], [33.6062, -5.1771], [33.6062, -5.1646], [33.6104, -5.1604]]}}, {"type": "Feature", "properties": {"order": 7, "discharge": 338.69}, "geometry": {"type": "LineString", "coordinates": [[30.1396, -5.1896], [30.1312, -5.1896], [30.1271, -5.1854], [30.1187, -5.1854], [30.1146, -5.1896], [30.1104, -5.1896], [30.1062, -5.1938], [30.1021, -5.1896], [30.0854, -5.1896]]}}, {"type": "Feature", "properties": {"order": 7, "discharge": 338.59}, "geometry": {"type": "LineString", "coordinates": [[30.1687, -5.1896], [30.1604, -5.1896], [30.1562, -5.1938], [30.1437, -5.1938], [30.1396, -5.1896]]}}, {"type": "Feature", "properties": {"order": 5, "discharge": 31.01}, "geometry": {"type": "LineString", "coordinates": [[33.5896, -5.1938], [33.5937, -5.1896]]}}, {"type": "Feature", "properties": {"order": 7, "discharge": 336.26}, "geometry": {"type": "LineString", "coordinates": [[30.2437, -5.1771], [30.2396, -5.1813], [30.2396, -5.1979]]}}, {"type": "Feature", "properties": {"order": 7, "discharge": 323.89}, "geometry": {"type": "LineString", "coordinates": [[30.6229, -5.1771], [30.6229, -5.1813], [30.6187, -5.1854], [30.6187, -5.1896], [30.6104, -5.1979], [30.5979, -5.1979], [30.5937, -5.1938], [30.5896, -5.1938], [30.5854, -5.1896], [30.5687, -5.1896]]}}, {"type": "Feature", "properties": {"order": 5, "discharge": 82.1}, "geometry": {"type": "LineString", "coordinates": [[38.5354, -5.1854], [38.5354, -5.1896], [38.5437, -5.1979]]}}, {"type": "Feature", "properties": {"order": 7, "discharge": 342.48}, "geometry": {"type": "LineString", "coordinates": [[29.9104, -5.1771], [29.9104, -5.1813], [29.9062, -5.1854], [29.9062, -5.1896], [29.9104, -5.1938], [29.9104, -5.1979], [29.9062, -5.2021], [29.8896, -5.2021], [29.8854, -5.1979], [29.8771, -5.1979]]}}, {"type": "Feature", "properties": {"order": 7, "discharge": 342.49}, "geometry": {"type": "LineString", "coordinates": [[29.8604, -5.2063], [29.8479, -5.2063]]}}, {"type": "Feature", "properties": {"order": 7, "discharge": 342.46}, "geometry": {"type": "LineString", "coordinates": [[29.8771, -5.1979], [29.8687, -5.1979], [29.8604, -5.2063]]}}, {"type": "Feature", "properties": {"order": 7, "discharge": 341.65}, "geometry": {"type": "LineString", "coordinates": [[29.9479, -5.2063], [29.9396, -5.1979], [29.9396, -5.1854]]}}, {"type": "Feature", "properties": {"order": 5, "discharge": 10.98}, "geometry": {"type": "LineString", "coordinates": [[31.1479, -5.2063], [31.1146, -5.2063]]}}, {"type": "Feature", "properties": {"order": 7, "discharge": 341.68}, "geometry": {"type": "LineString", "coordinates": [[29.9521, -5.2104], [29.9479, -5.2063]]}}, {"type": "Feature", "properties": {"order": 7, "discharge": 341.57}, "geometry": {"type": "LineString", "coordinates": [[29.9646, -5.2104], [29.9521, -5.2104]]}}, {"type": "Feature", "properties": {"order": 7, "discharge": 339.59}, "geometry": {"type": "LineString", "coordinates": [[30.0521, -5.1813], [30.0479, -5.1813], [30.0396, -5.1729], [30.0187, -5.1729], [30.0104, -5.1646], [30.0021, -5.1646], [29.9937, -5.1729], [29.9896, -5.1729], [29.9812, -5.1813], [29.9812, -5.1896], [29.9729, -5.1979], [29.9729, -5.2021], [29.9646, -5.2104]]}}, {"type": "Feature", "properties": {"order": 5, "discharge": 10.79}, "geometry": {"type": "LineString", "coordinates": [[32.6396, -5.2021], [32.6354, -5.2021], [32.6312, -5.2063], [32.6271, -5.2021], [32.6229, -5.2021], [32.6187, -5.2063], [32.6146, -5.2063], [32.6104, -5.2104], [32.5937, -5.2104]]}}, {"type": "Feature", "properties": {"order": 5, "discharge": 10.64}, "geometry": {"type": "LineString", "coordinates": [[32.6646, -5.2104], [32.6604, -5.2063], [32.6562, -5.2063], [32.6521, -5.2021], [32.6396, -5.2021]]}}, {"type": "Feature", "properties": {"order": 5, "discharge": 30.83}, "geometry": {"type": "LineString", "coordinates": [[33.5521, -5.2104], [33.5812, -5.2104]]}}, {"type": "Feature", "properties": {"order": 5, "discharge": 30.94}, "geometry": {"type": "LineString", "coordinates": [[33.5812, -5.2104], [33.5896, -5.2021], [33.5854, -5.1979], [33.5896, -5.1938]]}}, {"type": "Feature", "properties": {"order": 7, "discharge": 342.52}, "geometry": {"type": "LineString", "coordinates": [[29.8146, -5.2146], [29.8104, -5.2146]]}}, {"type": "Feature", "properties": {"order": 7, "discharge": 342.42}, "geometry": {"type": "LineString", "coordinates": [[29.8479, -5.2063], [29.8396, -5.2063], [29.8354, -5.2104], [29.8187, -5.2104], [29.8146, -5.2146]]}}, {"type": "Feature", "properties": {"order": 5, "discharge": 11.08}, "geometry": {"type": "LineString", "coordinates": [[31.1146, -5.2063], [31.1104, -5.2063], [31.1062, -5.2104], [31.0937, -5.2104], [31.0896, -5.2146]]}}, {"type": "Feature", "properties": {"order": 5, "discharge": 11.87}, "geometry": {"type": "LineString", "coordinates": [[32.5937, -5.2104], [32.5896, -5.2146]]}}, {"type": "Feature", "properties": {"order": 5, "discharge": 30.64}, "geometry": {"type": "LineString", "coordinates": [[33.5437, -5.2146], [33.5479, -5.2146], [33.5521, -5.2104]]}}, {"type": "Feature", "properties": {"order": 5, "discharge": 7.62}, "geometry": {"type": "LineString", "coordinates": [[34.1771, -5.2146], [34.1729, -5.2104], [34.1687, -5.2104], [34.1396, -5.1813], [34.1354, -5.1813], [34.1312, -5.1771], [34.1271, -5.1771], [34.1229, -5.1813], [34.1187, -5.1813], [34.1146, -5.1771], [34.1104, -5.1771]]}}, {"type": "Feature", "properties": {"order": 5, "discharge": 82.34}, "geometry": {"type": "LineString", "coordinates": [[38.5437, -5.1979], [38.5396, -5.2021], [38.5396, -5.2063], [38.5479, -5.2146]]}}, {"type": "Feature", "properties": {"order": 6, "discharge": 108.05}, "geometry": {"type": "LineString", "coordinates": [[30.7479, -5.2188], [30.7437, -5.2146], [30.7437, -5.2104], [30.7271, -5.1938], [30.7271, -5.1896], [30.7146, -5.1771], [30.7146, -5.1646], [30.7104, -5.1604], [30.7104, -5.1479], [30.7021, -5.1396]]}}, {"type": "Feature", "properties": {"order": 5, "discharge": 10.93}, "geometry": {"type": "LineString", "coordinates": [[31.1771, -5.2188], [31.1729, -5.2146], [31.1646, -5.2146], [31.1604, -5.2104], [31.1521, -5.2104], [31.1479, -5.2063]]}}, {"type": "Feature", "properties": {"order": 5, "discharge": 6.19}, "geometry": {"type": "LineString", "coordinates": [[31.4396, -5.2188], [31.4312, -5.2188], [31.4271, -5.2146], [31.4146, -5.2146]]}}, {"type": "Feature", "properties": {"order": 5, "discharge": 6.14}, "geometry": {"type": "LineString", "coordinates": [[31.4479, -5.2188], [31.4396, -5.2188]]}}, {"type": "Feature", "properties": {"order": 5, "discharge": 10.55}, "geometry": {"type": "LineString", "coordinates": [[32.6812, -5.2188], [32.6729, -5.2188], [32.6646, -5.2104]]}}, {"type": "Feature", "properties": {"order": 5, "discharge": 11.39}, "geometry": {"type": "LineString", "coordinates": [[31.0521, -5.2229], [31.0437, -5.2229]]}}, {"type": "Feature", "properties": {"order": 5, "discharge": 11.34}, "geometry": {"type": "LineString", "coordinates": [[31.0896, -5.2146], [31.0771, -5.2146], [31.0729, -5.2188], [31.0562, -5.2188], [31.0521, -5.2229]]}}, {"type": "Feature", "properties": {"order": 5, "discharge": 10.85}, "geometry": {"type": "LineString", "coordinates": [[31.2062, -5.2229], [31.1979, -5.2229], [31.1937, -5.2188], [31.1771, -5.2188]]}}, {"type": "Feature", "properties": {"order": 5, "discharge": 6.23}, "geometry": {"type": "LineString", "coordinates": [[31.4146, -5.2146], [31.4104, -5.2146], [31.4021, -5.2229], [31.3979, -5.2229]]}}, {"type": "Feature", "properties": {"order": 5, "discharge": 5.91}, "geometry": {"type": "LineString", "coordinates": [[31.4521, -5.2229], [31.4479, -5.2188]]}}, {"type": "Feature", "properties": {"order": 7, "discharge": 342.49}, "geometry": {"type": "LineString", "coordinates": [[29.8104, -5.2146], [29.8062, -5.2146], [29.7937, -5.2271]]}}, {"type": "Feature", "properties": {"order": 6, "discharge": 109.66}, "geometry": {"type": "LineString", "coordinates": [[30.7604, -5.2271], [30.7562, -5.2229], [30.7521, -5.2229], [30.7479, -5.2188]]}}, {"type": "Feature", "properties": {"order": 7, "discharge": 337.68}, "geometry": {"type": "LineString", "coordinates": [[30.2396, -5.1979], [30.2312, -5.2063], [30.2312, -5.2188], [30.2229, -5.2271], [30.2146, -5.2271], [30.2104, -5.2313]]}}, {"type": "Feature", "properties": {"order": 5, "discharge": 10.17}, "geometry": {"type": "LineString", "coordinates": [[31.2271, -5.2313], [31.2187, -5.2313], [31.2146, -5.2271], [31.2104, -5.2271], [31.2062, -5.2229]]}}, {"type": "Feature", "properties": {"order": 5, "discharge": 7.54}, "geometry": {"type": "LineString", "coordinates": [[34.1896, -5.2313], [34.1854, -5.2271], [34.1812, -5.2271], [34.1771, -5.2229], [34.1771, -5.2146]]}}, {"type": "Feature", "properties": {"order": 7, "discharge": 338.51}, "geometry": {"type": "LineString", "coordinates": [[30.1729, -5.2354], [30.1687, -5.2313], [30.1687, -5.2229], [30.1729, -5.2188], [30.1729, -5.2104], [30.1687, -5.2063], [30.1687, -5.1896]]}}, {"type": "Feature", "properties": {"order": 7, "discharge": 338.42}, "geometry": {"type": "LineString", "coordinates": [[30.2104, -5.2313], [30.1979, -5.2313], [30.1937, -5.2354]]}}, {"type": "Feature", "properties": {"order": 5, "discharge": 5.86}, "geometry": {"type": "LineString", "coordinates": [[31.5062, -5.2354], [31.4979, -5.2354], [31.4896, -5.2271], [31.4729, -5.2271], [31.4687, -5.2229], [31.4521, -5.2229]]}}, {"type": "Feature", "properties": {"order": 5, "discharge": 5.07}, "geometry": {"type": "LineString", "coordinates": [[31.5312, -5.2354], [31.5062, -5.2354]]}}, {"type": "Feature", "properties": {"order": 5, "discharge": 30.43}, "geometry": {"type": "LineString", "coordinates": [[33.5354, -5.2354], [33.5354, -5.2229], [33.5437, -5.2146]]}}, {"type": "Feature", "properties": {"order": 7, "discharge": 338.46}, "geometry": {"type": "LineString", "coordinates": [[30.1937, -5.2354], [30.1854, -5.2354], [30.1812, -5.2396], [30.1771, -5.2396], [30.1729, -5.2354]]}}, {"type": "Feature", "properties": {"order": 6, "discharge": 109.9}, "geometry": {"type": "LineString", "coordinates": [[30.7729, -5.2396], [30.7604, -5.2271]]}}, {"type": "Feature", "properties": {"order": 5, "discharge": 11.76}, "geometry": {"type": "LineString", "coordinates": [[31.0062, -5.2396], [31.0021, -5.2396]]}}, {"type": "Feature", "properties": {"order": 5, "discharge": 11.73}, "geometry": {"type": "LineString", "coordinates": [[31.0437, -5.2229], [31.0396, -5.2271], [31.0354, -5.2271], [31.0312, -5.2313], [31.0271, -5.2313], [31.0229, -5.2354], [31.0146, -5.2354], [31.0104, -5.2396], [31.0062, -5.2396]]}}, {"type": "Feature", "properties": {"order": 5, "discharge": 10.14}, "geometry": {"type": "LineString", "coordinates": [[31.2396, -5.2396], [31.2354, -5.2354], [31.2312, -5.2354], [31.2271, -5.2313]]}}, {"type": "Feature", "properties": {"order": 5, "discharge": 4.87}, "geometry": {"type": "LineString", "coordinates": [[31.5729, -5.2396], [31.5687, -5.2396], [31.5646, -5.2354], [31.5312, -5.2354]]}}, {"type": "Feature", "properties": {"order": 5, "discharge": 4.79}, "geometry": {"type": "LineString", "coordinates": [[31.5812, -5.2396], [31.5729, -5.2396]]}}, {"type": "Feature", "properties": {"order": 5, "discharge": 82.51}, "geometry": {"type": "LineString", "coordinates": [[38.5479, -5.2146], [38.5562, -5.2229], [38.5562, -5.2313], [38.5521, -5.2354], [38.5521, -5.2396]]}}, {"type": "Feature", "properties": {"order": 5, "discharge": 4.76}, "geometry": {"type": "LineString", "coordinates": [[31.5937, -5.2438], [31.5896, -5.2438], [31.5854, -5.2396], [31.5812, -5.2396]]}}, {"type": "Feature", "properties": {"order": 5, "discharge": 4.72}, "geometry": {"type": "LineString", "coordinates": [[31.6021, -5.2438], [31.5937, -5.2438]]}}, {"type": "Feature", "properties": {"order": 5, "discharge": 11.93}, "geometry": {"type": "LineString", "coordinates": [[32.5896, -5.2146], [32.5854, -5.2146], [32.5812, -5.2188], [32.5812, -5.2229], [32.5771, -5.2271], [32.5771, -5.2438]]}}, {"type": "Feature", "properties": {"order": 5, "discharge": 10.11}, "geometry": {"type": "LineString", "coordinates": [[31.2479, -5.2479], [31.2396, -5.2396]]}}, {"type": "Feature", "properties": {"order": 5, "discharge": 3.79}, "geometry": {"type": "LineString", "coordinates": [[31.6187, -5.2479], [31.6146, -5.2438], [31.6021, -5.2438]]}}, {"type": "Feature", "properties": {"order": 7, "discharge": 342.49}, "geometry": {"type": "LineString", "coordinates": [[29.7937, -5.2271], [29.7937, -5.2313], [29.7896, -5.2354], [29.7896, -5.2396], [29.7854, -5.2438], [29.7854, -5.2521]]}}, {"type": "Feature", "properties": {"order": 5, "discharge": 3.69}, "geometry": {"type": "LineString", "coordinates": [[31.6479, -5.2396], [31.6354, -5.2521], [31.6271, -5.2521], [31.6229, -5.2479], [31.6187, -5.2479]]}}, {"type": "Feature", "properties": {"order": 6, "discharge": 110.14}, "geometry": {"type": "LineString", "coordinates": [[30.7812, -5.2563], [30.7771, -5.2521], [30.7771, -5.2479], [30.7729, -5.2438], [30.7729, -5.2396]]}}, {"type": "Feature", "properties": {"order": 5, "discharge": 6.49}, "geometry": {"type": "LineString", "coordinates": [[31.3646, -5.2563], [31.3604, -5.2563]]}}, {"type": "Feature", "properties": {"order": 5, "discharge": 6.32}, "geometry": {"type": "LineString", "coordinates": [[31.3979, -5.2229], [31.3937, -5.2229], [31.3812, -5.2354], [31.3812, -5.2438], [31.3729, -5.2521], [31.3687, -5.2521], [31.3646, -5.2563]]}}, {"type": "Feature", "properties": {"order": 6, "discharge": 110.37}, "geometry": {"type": "LineString", "coordinates": [[30.7854, -5.2604], [30.7812, -5.2563]]}}, {"type": "Feature", "properties": {"order": 5, "discharge": 11.99}, "geometry": {"type": "LineString", "coordinates": [[32.5771, -5.2438], [32.5771, -5.2479], [32.5729, -5.2521], [32.5729, -5.2604], [32.5687, -5.2646]]}}, {"type": "Feature", "properties": {"order": 6, "discharge": 110.4}, "geometry": {"type": "LineString", "coordinates": [[30.8312, -5.2729], [30.8271, -5.2688], [30.8229, -5.2688], [30.8187, -5.2646], [30.8146, -5.2646], [30.8062, -5.2729], [30.8021, -5.2729], [30.7979, -5.2688], [30.7937, -5.2688], [30.7854, -5.2604]]}}, {"type": "Feature", "properties": {"order": 5, "discharge": 11.78}, "geometry": {"type": "LineString", "coordinates": [[31.0021, -5.2396], [30.9979, -5.2396], [30.9896, -5.2479], [30.9896, -5.2521], [30.9646, -5.2771], [30.9604, -5.2771]]}}, {"type": "Feature", "properties": {"order": 5, "discharge": 6.57}, "geometry": {"type": "LineString", "coordinates": [[31.3604, -5.2563], [31.3521, -5.2646], [31.3479, -5.2646], [31.3354, -5.2771], [31.3312, -5.2771], [31.3271, -5.2813]]}}, {"type": "Feature", "properties": {"order": 5, "discharge": 157.63}, "geometry": {"type": "LineString", "coordinates": [[29.4729, -5.0979], [29.4771, -5.1021], [29.4771, -5.1188], [29.4812, -5.1229], [29.4812, -5.1479], [29.4854, -5.1521], [29.4854, -5.1688], [29.4896, -5.1729], [29.4896, -5.1938], [29.4937, -5.1979], [29.4937, -5.2271], [29.4979, -5.2313], [29.4979, -5.2563], [29.5021, -5.2604], [29.5021, -5.2854]]}}, {"type": "Feature", "properties": {"order": 7, "discharge": 342.45}, "geometry": {"type": "LineString", "coordinates": [[29.7854, -5.2521], [29.7771, -5.2604], [29.7771, -5.2688], [29.7729, -5.2729], [29.7729, -5.2771], [29.7687, -5.2813], [29.7687, -5.2854]]}}, {"type": "Feature", "properties": {"order": 6, "discharge": 112.93}, "geometry": {"type": "LineString", "coordinates": [[30.9604, -5.2771], [30.9562, -5.2729], [30.9521, -5.2729], [30.9479, -5.2688], [30.9396, -5.2688], [30.9229, -5.2854]]}}, {"type": "Feature", "properties": {"order": 5, "discharge": 10.07}, "geometry": {"type": "LineString", "coordinates": [[31.2812, -5.2854], [31.2812, -5.2813], [31.2771, -5.2771], [31.2771, -5.2729], [31.2521, -5.2479], [31.2479, -5.2479]]}}, {"type": "Feature", "properties": {"order": 5, "discharge": 6.6}, "geometry": {"type": "LineString", "coordinates": [[31.3271, -5.2813], [31.3229, -5.2854]]}}, {"type": "Feature", "properties": {"order": 5, "discharge": 12.19}, "geometry": {"type": "LineString", "coordinates": [[32.5687, -5.2646], [32.5604, -5.2729], [32.5604, -5.2854]]}}, {"type": "Feature", "properties": {"order": 5, "discharge": 9.59}, "geometry": {"type": "LineString", "coordinates": [[31.2854, -5.2896], [31.2812, -5.2854]]}}, {"type": "Feature", "properties": {"order": 5, "discharge": 6.64}, "geometry": {"type": "LineString", "coordinates": [[31.3229, -5.2854], [31.3187, -5.2854], [31.3104, -5.2938]]}}, {"type": "Feature", "properties": {"order": 5, "discharge": 92.5}, "geometry": {"type": "LineString", "coordinates": [[38.5521, -5.2396], [38.5604, -5.2479], [38.5604, -5.2729], [38.5646, -5.2771], [38.5646, -5.2813], [38.5687, -5.2854], [38.5687, -5.2896], [38.5646, -5.2938]]}}, {"type": "Feature", "properties": {"order": 5, "discharge": 9.56}, "geometry": {"type": "LineString", "coordinates": [[31.3021, -5.2979], [31.2937, -5.2979], [31.2854, -5.2896]]}}, {"type": "Feature", "properties": {"order": 5, "discharge": 9.5}, "geometry": {"type": "LineString", "coordinates": [[31.3104, -5.2938], [31.3062, -5.2938], [31.3021, -5.2979]]}}, {"type": "Feature", "properties": {"order": 6, "discharge": 112.69}, "geometry": {"type": "LineString", "coordinates": [[30.9229, -5.2854], [30.9187, -5.2896], [30.9187, -5.2938], [30.9104, -5.3021]]}}, {"type": "Feature", "properties": {"order": 5, "discharge": 4.42}, "geometry": {"type": "LineString", "coordinates": [[35.6146, -5.2854], [35.6104, -5.2854], [35.5937, -5.3021]]}}, {"type": "Feature", "properties": {"order": 6, "discharge": 111.32}, "geometry": {"type": "LineString", "coordinates": [[30.8312, -5.3063], [30.8312, -5.3021], [30.8271, -5.2979], [30.8271, -5.2896], [30.8312, -5.2854], [30.8312, -5.2729]]}}, {"type": "Feature", "properties": {"order": 5, "discharge": 12.33}, "geometry": {"type": "LineString", "coordinates": [[32.5604, -5.2854], [32.5604, -5.2896], [32.5562, -5.2938], [32.5562, -5.2979], [32.5604, -5.3021], [32.5604, -5.3063]]}}, {"type": "Feature", "properties": {"order": 5, "discharge": 4.16}, "geometry": {"type": "LineString", "coordinates": [[35.5937, -5.3021], [35.5854, -5.3104], [35.5771, -5.3104], [35.5729, -5.3146], [35.5646, -5.3146]]}}, {"type": "Feature", "properties": {"order": 6, "discharge": 112.36}, "geometry": {"type": "LineString", "coordinates": [[30.9104, -5.3021], [30.9104, -5.3063], [30.8979, -5.3188]]}}, {"type": "Feature", "properties": {"order": 7, "discharge": 342.37}, "geometry": {"type": "LineString", "coordinates": [[29.7687, -5.2854], [29.7646, -5.2896], [29.7646, -5.2938], [29.7604, -5.2979], [29.7604, -5.3021], [29.7562, -5.3063], [29.7562, -5.3104], [29.7521, -5.3146], [29.7521, -5.3188], [29.7479, -5.3229]]}}, {"type": "Feature", "properties": {"order": 6, "discharge": 111.88}, "geometry": {"type": "LineString", "coordinates": [[30.8354, -5.3229], [30.8312, -5.3188], [30.8312, -5.3063]]}}, {"type": "Feature", "properties": {"order": 6, "discharge": 112.09}, "geometry": {"type": "LineString", "coordinates": [[30.8646, -5.3229], [30.8354, -5.3229]]}}, {"type": "Feature", "properties": {"order": 6, "discharge": 112.69}, "geometry": {"type": "LineString", "coordinates": [[30.8979, -5.3188], [30.8687, -5.3188], [30.8646, -5.3229]]}}, {"type": "Feature", "properties": {"order": 5, "discharge": 173.22}, "geometry": {"type": "LineString", "coordinates": [[29.5021, -5.2854], [29.5021, -5.2938], [29.5062, -5.2979], [29.5062, -5.3271], [29.5104, -5.3313]]}}, {"type": "Feature", "properties": {"order": 5, "discharge": 12.41}, "geometry": {"type": "LineString", "coordinates": [[32.5604, -5.3063], [32.5604, -5.3313]]}}, {"type": "Feature", "properties": {"order": 5, "discharge": 96.0}, "geometry": {"type": "LineString", "coordinates": [[38.5646, -5.2938], [38.5646, -5.2979], [38.5687, -5.3021], [38.5812, -5.3021], [38.5896, -5.2938], [38.5937, -5.2938], [38.5979, -5.2896], [38.6146, -5.3063], [38.6187, -5.3063], [38.6229, -5.3021], [38.6312, -5.3104], [38.6271, -5.3146], [38.6312, -5.3188], [38.6312, -5.3354]]}}, {"type": "Feature", "properties": {"order": 5, "discharge": 96.56}, "geometry": {"type": "LineString", "coordinates": [[38.6312, -5.3354], [38.6354, -5.3396]]}}, {"type": "Feature", "properties": {"order": 5, "discharge": 12.68}, "geometry": {"type": "LineString", "coordinates": [[32.5604, -5.3313], [32.5604, -5.3438]]}}, {"type": "Feature", "properties": {"order": 7, "discharge": 342.36}, "geometry": {"type": "LineString", "coordinates": [[29.7479, -5.3229], [29.7479, -5.3271], [29.7437, -5.3313], [29.7437, -5.3354], [29.7396, -5.3396], [29.7396, -5.3438], [29.7354, -5.3479]]}}, {"type": "Feature", "properties": {"order": 5, "discharge": 96.66}, "geometry": {"type": "LineString", "coordinates": [[38.6354, -5.3396], [38.6396, -5.3438], [38.6479, -5.3438], [38.6521, -5.3479], [38.6604, -5.3479]]}}, {"type": "Feature", "properties": {"order": 6, "discharge": 101.94}, "geometry": {"type": "LineString", "coordinates": [[31.0104, -5.3604], [31.0062, -5.3563], [30.9979, -5.3563], [30.9937, -5.3521], [30.9896, -5.3521], [30.9812, -5.3438], [30.9812, -5.3396], [30.9729, -5.3313], [30.9729, -5.3271], [30.9646, -5.3188], [30.9646, -5.3063], [30.9604, -5.3021], [30.9604, -5.2771]]}}, {"type": "Feature", "properties": {"order": 7, "discharge": 342.33}, "geometry": {"type": "LineString", "coordinates": [[29.7354, -5.3479], [29.7354, -5.3521], [29.7312, -5.3563], [29.7312, -5.3646]]}}, {"type": "Feature", "properties": {"order": 5, "discharge": 3.63}, "geometry": {"type": "LineString", "coordinates": [[35.5646, -5.3146], [35.5604, -5.3188], [35.5562, -5.3146], [35.5271, -5.3438], [35.5312, -5.3479], [35.5312, -5.3646]]}}, {"type": "Feature", "properties": {"order": 5, "discharge": 173.18}, "geometry": {"type": "LineString", "coordinates": [[29.5104, -5.3313], [29.5104, -5.3521], [29.5146, -5.3563], [29.5146, -5.3688]]}}, {"type": "Feature", "properties": {"order": 5, "discharge": 13.41}, "geometry": {"type": "LineString", "coordinates": [[32.5604, -5.3438], [32.5562, -5.3479], [32.5562, -5.3646], [32.5437, -5.3771], [32.5437, -5.3813]]}}, {"type": "Feature", "properties": {"order": 6, "discharge": 103.46}, "geometry": {"type": "LineString", "coordinates": [[31.0062, -5.3854], [31.0062, -5.3729], [31.0104, -5.3688], [31.0104, -5.3604]]}}, {"type": "Feature", "properties": {"order": 5, "discharge": 13.47}, "geometry": {"type": "LineString", "coordinates": [[32.5437, -5.3813], [32.5479, -5.3854], [32.5479, -5.3896]]}}, {"type": "Feature", "properties": {"order": 5, "discharge": 115.04}, "geometry": {"type": "LineString", "coordinates": [[38.8312, -5.3854], [38.8354, -5.3896], [38.8396, -5.3854], [38.8479, -5.3854]]}}, {"type": "Feature", "properties": {"order": 5, "discharge": 179.94}, "geometry": {"type": "LineString", "coordinates": [[29.5146, -5.3688], [29.5187, -5.3729], [29.5187, -5.3854], [29.5229, -5.3896], [29.5229, -5.3938]]}}, {"type": "Feature", "properties": {"order": 6, "discharge": 103.4}, "geometry": {"type": "LineString", "coordinates": [[31.0229, -5.3979], [31.0187, -5.3979], [31.0062, -5.3854]]}}, {"type": "Feature", "properties": {"order": 7, "discharge": 355.76}, "geometry": {"type": "LineString", "coordinates": [[29.7312, -5.3646], [29.7229, -5.3729], [29.7229, -5.3771], [29.7187, -5.3813], [29.7187, -5.3854], [29.7146, -5.3896], [29.7146, -5.3938], [29.7104, -5.3979], [29.7104, -5.4063]]}}, {"type": "Feature", "properties": {"order": 5, "discharge": 111.41}, "geometry": {"type": "LineString", "coordinates": [[38.7604, -5.4021], [38.7729, -5.4021], [38.7771, -5.4063], [38.7896, -5.4063]]}}, {"type": "Feature", "properties": {"order": 5, "discharge": 111.52}, "geometry": {"type": "LineString", "coordinates": [[38.7896, -5.4063], [38.7979, -5.4063]]}}, {"type": "Feature", "properties": {"order": 5, "discharge": 112.39}, "geometry": {"type": "LineString", "coordinates": [[38.7979, -5.4063], [38.8021, -5.4021], [38.8062, -5.4063]]}}, {"type": "Feature", "properties": {"order": 5, "discharge": 113.28}, "geometry": {"type": "LineString", "coordinates": [[38.8062, -5.4063], [38.8146, -5.4063], [38.8187, -5.4021], [38.8187, -5.3979], [38.8229, -5.3938], [38.8229, -5.3896], [38.8271, -5.3854], [38.8312, -5.3854]]}}, {"type": "Feature", "properties": {"order": 5, "discharge": 13.54}, "geometry": {"type": "LineString", "coordinates": [[32.5479, -5.3896], [32.5479, -5.3938], [32.5521, -5.3979], [32.5396, -5.4104]]}}, {"type": "Feature", "properties": {"order": 5, "discharge": 97.25}, "geometry": {"type": "LineString", "coordinates": [[38.6604, -5.3479], [38.6687, -5.3563], [38.6687, -5.3688], [38.6646, -5.3729], [38.6646, -5.3813], [38.6687, -5.3854], [38.6687, -5.4021], [38.6771, -5.4104]]}}, {"type": "Feature", "properties": {"order": 5, "discharge": 110.92}, "geometry": {"type": "LineString", "coordinates": [[38.7437, -5.4104], [38.7479, -5.4104], [38.7521, -5.4063], [38.7562, -5.4063], [38.7604, -5.4021]]}}, {"type": "Feature", "properties": {"order": 5, "discharge": 115.46}, "geometry": {"type": "LineString", "coordinates": [[38.8479, -5.3854], [38.8521, -5.3896], [38.8521, -5.3938], [38.8562, -5.3979], [38.8562, -5.4063], [38.8604, -5.4104], [38.8646, -5.4104]]}}, {"type": "Feature", "properties": {"order": 5, "discharge": 115.9}, "geometry": {"type": "LineString", "coordinates": [[38.8646, -5.4104], [38.8729, -5.4021], [38.8729, -5.3979], [38.8771, -5.3938], [38.8812, -5.3938], [38.8854, -5.3896]]}}, {"type": "Feature", "properties": {"order": 5, "discharge": 116.58}, "geometry": {"type": "LineString", "coordinates": [[38.9229, -5.4104], [38.9271, -5.4063], [38.9271, -5.3896]]}}, {"type": "Feature", "properties": {"order": 5, "discharge": 180.19}, "geometry": {"type": "LineString", "coordinates": [[29.5229, -5.3938], [29.5229, -5.4063], [29.5271, -5.4104], [29.5271, -5.4146]]}}, {"type": "Feature", "properties": {"order": 6, "discharge": 103.25}, "geometry": {"type": "LineString", "coordinates": [[31.0396, -5.4146], [31.0229, -5.3979]]}}, {"type": "Feature", "properties": {"order": 5, "discharge": 110.69}, "geometry": {"type": "LineString", "coordinates": [[38.7396, -5.4146], [38.7437, -5.4104]]}}, {"type": "Feature", "properties": {"order": 5, "discharge": 116.24}, "geometry": {"type": "LineString", "coordinates": [[38.8854, -5.3896], [38.8979, -5.4021], [38.9021, -5.4021], [38.9062, -5.4063], [38.9062, -5.4104], [38.9104, -5.4146], [38.9187, -5.4146], [38.9229, -5.4104]]}}, {"type": "Feature", "properties": {"order": 5, "discharge": 180.28}, "geometry": {"type": "LineString", "coordinates": [[29.5271, -5.4146], [29.5271, -5.4188]]}}, {"type": "Feature", "properties": {"order": 5, "discharge": 97.74}, "geometry": {"type": "LineString", "coordinates": [[38.6771, -5.4104], [38.6854, -5.4188], [38.6937, -5.4188]]}}, {"type": "Feature", "properties": {"order": 5, "discharge": 107.64}, "geometry": {"type": "LineString", "coordinates": [[38.6937, -5.4188], [38.7062, -5.4188]]}}, {"type": "Feature", "properties": {"order": 5, "discharge": 13.6}, "geometry": {"type": "LineString", "coordinates": [[32.5396, -5.4104], [32.5354, -5.4146], [32.5354, -5.4188], [32.5312, -5.4229]]}}, {"type": "Feature", "properties": {"order": 5, "discharge": 110.05}, "geometry": {"type": "LineString", "coordinates": [[38.7062, -5.4188], [38.7187, -5.4188], [38.7229, -5.4229], [38.7312, -5.4146], [38.7396, -5.4146]]}}, {"type": "Feature", "properties": {"order": 5, "discharge": 117.59}, "geometry": {"type": "LineString", "coordinates": [[38.9271, -5.3896], [38.9312, -5.3854], [38.9396, -5.3938], [38.9479, -5.3854], [38.9562, -5.3938], [38.9562, -5.3979], [38.9479, -5.4063], [38.9479, -5.4188], [38.9562, -5.4271]]}}, {"type": "Feature", "properties": {"order": 5, "discharge": 3.84}, "geometry": {"type": "LineString", "coordinates": [[35.5312, -5.3646], [35.5229, -5.3729], [35.5146, -5.3729], [35.5104, -5.3771], [35.5062, -5.3729], [35.4979, -5.3729], [35.4937, -5.3771], [35.4937, -5.3813], [35.4896, -5.3854], [35.4896, -5.3896], [35.4687, -5.4104], [35.4646, -5.4104], [35.4437, -5.4313]]}}, {"type": "Feature", "properties": {"order": 5, "discharge": 118.1}, "geometry": {"type": "LineString", "coordinates": [[38.9562, -5.4271], [38.9687, -5.4271], [38.9729, -5.4313], [38.9771, -5.4313]]}}, {"type": "Feature", "properties": {"order": 7, "discharge": 355.92}, "geometry": {"type": "LineString", "coordinates": [[29.7104, -5.4063], [29.7062, -5.4104], [29.7062, -5.4146], [29.7021, -5.4188], [29.7021, -5.4229], [29.6979, -5.4271], [29.6979, -5.4313], [29.6937, -5.4354], [29.6937, -5.4396], [29.6896, -5.4438]]}}, {"type": "Feature", "properties": {"order": 6, "discharge": 103.18}, "geometry": {"type": "LineString", "coordinates": [[31.0521, -5.4438], [31.0521, -5.4354], [31.0479, -5.4313], [31.0479, -5.4229], [31.0396, -5.4146]]}}, {"type": "Feature", "properties": {"order": 5, "discharge": 13.96}, "geometry": {"type": "LineString", "coordinates": [[32.5312, -5.4229], [32.5187, -5.4354], [32.5187, -5.4396], [32.5146, -5.4438]]}}, {"type": "Feature", "properties": {"order": 6, "discharge": 103.1}, "geometry": {"type": "LineString", "coordinates": [[31.0479, -5.4563], [31.0479, -5.4479], [31.0521, -5.4438]]}}, {"type": "Feature", "properties": {"order": 5, "discharge": 14.32}, "geometry": {"type": "LineString", "coordinates": [[32.5146, -5.4438], [32.4979, -5.4604]]}}, {"type": "Feature", "properties": {"order": 5, "discharge": 3.87}, "geometry": {"type": "LineString", "coordinates": [[35.4437, -5.4313], [35.4354, -5.4396], [35.4312, -5.4396], [35.4271, -5.4438], [35.4187, -5.4438], [35.4146, -5.4479], [35.4146, -5.4521], [35.4104, -5.4563], [35.4062, -5.4563], [35.4021, -5.4604]]}}, {"type": "Feature", "properties": {"order": 5, "discharge": 14.41}, "geometry": {"type": "LineString", "coordinates": [[32.4979, -5.4604], [32.4854, -5.4729], [32.4854, -5.4771], [32.4729, -5.4896], [32.4687, -5.4896]]}}, {"type": "Feature", "properties": {"order": 7, "discharge": 356.0}, "geometry": {"type": "LineString", "coordinates": [[29.6896, -5.4438], [29.6896, -5.4479], [29.6854, -5.4521], [29.6854, -5.4563], [29.6812, -5.4604], [29.6812, -5.4646], [29.6771, -5.4688], [29.6771, -5.4729], [29.6729, -5.4771], [29.6729, -5.4813], [29.6687, -5.4854], [29.6687, -5.4896], [29.6646, -5.4938]]}}, {"type": "Feature", "properties": {"order": 5, "discharge": 3.9}, "geometry": {"type": "LineString", "coordinates": [[35.4021, -5.4604], [35.3979, -5.4604], [35.3896, -5.4688], [35.3896, -5.4729], [35.3771, -5.4854], [35.3771, -5.4938]]}}, {"type": "Feature", "properties": {"order": 7, "discharge": 356.02}, "geometry": {"type": "LineString", "coordinates": [[29.6646, -5.4938], [29.6646, -5.4979], [29.6604, -5.5021]]}}, {"type": "Feature", "properties": {"order": 5, "discharge": 4.38}, "geometry": {"type": "LineString", "coordinates": [[35.3771, -5.4938], [35.3771, -5.4979], [35.3812, -5.5021]]}}, {"type": "Feature", "properties": {"order": 6, "discharge": 103.06}, "geometry": {"type": "LineString", "coordinates": [[31.0729, -5.5063], [31.0604, -5.4938], [31.0604, -5.4896], [31.0562, -5.4854], [31.0562, -5.4646], [31.0479, -5.4563]]}}, {"type": "Feature", "properties": {"order": 5, "discharge": 14.41}, "geometry": {"type": "LineString", "coordinates": [[32.4687, -5.4896], [32.4646, -5.4896], [32.4604, -5.4938], [32.4604, -5.4979], [32.4562, -5.5021], [32.4521, -5.5021], [32.4479, -5.5063]]}}, {"type": "Feature", "properties": {"order": 5, "discharge": 4.49}, "geometry": {"type": "LineString", "coordinates": [[35.3812, -5.5021], [35.3812, -5.5188], [35.3854, -5.5229], [35.3854, -5.5313]]}}, {"type": "Feature", "properties": {"order": 5, "discharge": 187.64}, "geometry": {"type": "LineString", "coordinates": [[29.5271, -5.4188], [29.5271, -5.4229], [29.5312, -5.4271], [29.5312, -5.4438], [29.5354, -5.4479], [29.5354, -5.4563], [29.5396, -5.4604], [29.5396, -5.4646], [29.5437, -5.4688], [29.5437, -5.4771], [29.5479, -5.4813], [29.5479, -5.4854], [29.5521, -5.4896], [29.5521, -5.4979], [29.5562, -5.5021], [29.5562, -5.5104], [29.5604, -5.5146], [29.5604, -5.5188], [29.5646, -5.5229], [29.5646, -5.5313], [29.5687, -5.5354], [29.5687, -5.5396]]}}, {"type": "Feature", "properties": {"order": 7, "discharge": 366.94}, "geometry": {"type": "LineString", "coordinates": [[29.6604, -5.5021], [29.6604, -5.5063], [29.6562, -5.5104], [29.6562, -5.5146], [29.6521, -5.5188], [29.6521, -5.5229], [29.6479, -5.5271], [29.6479, -5.5313], [29.6437, -5.5354], [29.6437, -5.5396], [29.6396, -5.5438]]}}, {"type": "Feature", "properties": {"order": 6, "discharge": 103.06}, "geometry": {"type": "LineString", "coordinates": [[31.0396, -5.5604], [31.0396, -5.5563], [31.0437, -5.5521], [31.0437, -5.5479], [31.0479, -5.5438], [31.0479, -5.5396], [31.0562, -5.5313], [31.0604, -5.5313], [31.0729, -5.5188], [31.0729, -5.5063]]}}, {"type": "Feature", "properties": {"order": 5, "discharge": 17.24}, "geometry": {"type": "LineString", "coordinates": [[32.3812, -5.5563], [32.3771, -5.5604], [32.3729, -5.5563], [32.3646, -5.5563], [32.3604, -5.5604]]}}, {"type": "Feature", "properties": {"order": 5, "discharge": 16.73}, "geometry": {"type": "LineString", "coordinates": [[32.4479, -5.5063], [32.4437, -5.5104], [32.4437, -5.5146], [32.4354, -5.5229], [32.4354, -5.5271], [32.4312, -5.5313], [32.4354, -5.5354], [32.4354, -5.5396], [32.4312, -5.5438], [32.4271, -5.5438], [32.4104, -5.5604], [32.4062, -5.5604], [32.4021, -5.5563], [32.3979, -5.5604], [32.3937, -5.5563], [32.3812, -5.5563]]}}, {"type": "Feature", "properties": {"order": 6, "discharge": 103.53}, "geometry": {"type": "LineString", "coordinates": [[31.0437, -5.5646], [31.0396, -5.5604]]}}, {"type": "Feature", "properties": {"order": 5, "discharge": 4.51}, "geometry": {"type": "LineString", "coordinates": [[35.3854, -5.5313], [35.3854, -5.5438], [35.3771, -5.5521], [35.3771, -5.5646], [35.3812, -5.5688]]}}, {"type": "Feature", "properties": {"order": 5, "discharge": 17.27}, "geometry": {"type": "LineString", "coordinates": [[32.3604, -5.5604], [32.3604, -5.5646], [32.3521, -5.5729], [32.3479, -5.5729], [32.3437, -5.5771]]}}, {"type": "Feature", "properties": {"order": 6, "discharge": 103.44}, "geometry": {"type": "LineString", "coordinates": [[31.0562, -5.5854], [31.0521, -5.5813], [31.0521, -5.5771], [31.0479, -5.5729], [31.0479, -5.5688], [31.0437, -5.5646]]}}, {"type": "Feature", "properties": {"order": 5, "discharge": 4.51}, "geometry": {"type": "LineString", "coordinates": [[35.3812, -5.5688], [35.3812, -5.5854]]}}, {"type": "Feature", "properties": {"order": 7, "discharge": 379.85}, "geometry": {"type": "LineString", "coordinates": [[29.6396, -5.5438], [29.6396, -5.5479], [29.6354, -5.5521], [29.6354, -5.5563], [29.6312, -5.5604], [29.6312, -5.5646], [29.6271, -5.5688], [29.6271, -5.5771], [29.6229, -5.5813], [29.6229, -5.5854], [29.6187, -5.5896], [29.6187, -5.5938]]}}, {"type": "Feature", "properties": {"order": 5, "discharge": 17.31}, "geometry": {"type": "LineString", "coordinates": [[32.3437, -5.5771], [32.3354, -5.5854], [32.3354, -5.5896], [32.3229, -5.6021], [32.3187, -5.5979], [32.3062, -5.6104]]}}, {"type": "Feature", "properties": {"order": 6, "discharge": 103.73}, "geometry": {"type": "LineString", "coordinates": [[31.0937, -5.6146], [31.0854, -5.6063], [31.0812, -5.6063], [31.0729, -5.5979], [31.0687, -5.5979], [31.0562, -5.5854]]}}, {"type": "Feature", "properties": {"order": 5, "discharge": 17.54}, "geometry": {"type": "LineString", "coordinates": [[32.3062, -5.6104], [32.3021, -5.6146]]}}, {"type": "Feature", "properties": {"order": 5, "discharge": 4.82}, "geometry": {"type": "LineString", "coordinates": [[35.3812, -5.5854], [35.3729, -5.5938], [35.3729, -5.6021], [35.3687, -5.6063], [35.3687, -5.6188]]}}, {"type": "Feature", "properties": {"order": 5, "discharge": 204.42}, "geometry": {"type": "LineString", "coordinates": [[29.5687, -5.5396], [29.5687, -5.5438], [29.5729, -5.5479], [29.5729, -5.5521], [29.5771, -5.5563], [29.5771, -5.5646], [29.5812, -5.5688], [29.5812, -5.5729], [29.5854, -5.5771], [29.5854, -5.5854], [29.5896, -5.5896], [29.5896, -5.5979], [29.5937, -5.6021], [29.5937, -5.6104], [29.5979, -5.6146], [29.5979, -5.6229], [29.6021, -5.6271]]}}, {"type": "Feature", "properties": {"order": 7, "discharge": 388.57}, "geometry": {"type": "LineString", "coordinates": [[29.6187, -5.5938], [29.6146, -5.5979], [29.6146, -5.6021], [29.6104, -5.6063], [29.6104, -5.6104], [29.6062, -5.6146], [29.6062, -5.6188], [29.6021, -5.6229], [29.6021, -5.6271]]}}, {"type": "Feature", "properties": {"order": 5, "discharge": 17.61}, "geometry": {"type": "LineString", "coordinates": [[32.3021, -5.6146], [32.2937, -5.6229], [32.2937, -5.6271]]}}, {"type": "Feature", "properties": {"order": 5, "discharge": 4.83}, "geometry": {"type": "LineString", "coordinates": [[35.3687, -5.6188], [35.3687, -5.6313], [35.3646, -5.6354]]}}, {"type": "Feature", "properties": {"order": 6, "discharge": 97.8}, "geometry": {"type": "LineString", "coordinates": [[31.1271, -5.6396], [31.1062, -5.6188], [31.0979, -5.6188], [31.0937, -5.6146]]}}, {"type": "Feature", "properties": {"order": 5, "discharge": 17.64}, "geometry": {"type": "LineString", "coordinates": [[32.2937, -5.6271], [32.2896, -5.6313], [32.2896, -5.6354], [32.2812, -5.6438]]}}, {"type": "Feature", "properties": {"order": 5, "discharge": 4.83}, "geometry": {"type": "LineString", "coordinates": [[35.3646, -5.6354], [35.3646, -5.6479]]}}, {"type": "Feature", "properties": {"order": 7, "discharge": 606.02}, "geometry": {"type": "LineString", "coordinates": [[29.6021, -5.6271], [29.6021, -5.6354], [29.6062, -5.6396], [29.6062, -5.6521], [29.6104, -5.6563]]}}, {"type": "Feature", "properties": {"order": 5, "discharge": 17.67}, "geometry": {"type": "LineString", "coordinates": [[32.2812, -5.6438], [32.2771, -5.6479], [32.2729, -5.6479], [32.2646, -5.6563], [32.2604, -5.6563], [32.2562, -5.6604]]}}, {"type": "Feature", "properties": {"order": 5, "discharge": 17.71}, "geometry": {"type": "LineString", "coordinates": [[32.2562, -5.6604], [32.2521, -5.6604], [32.2396, -5.6729], [32.2312, -5.6729]]}}, {"type": "Feature", "properties": {"order": 5, "discharge": 4.87}, "geometry": {"type": "LineString", "coordinates": [[35.3646, -5.6479], [35.3646, -5.6604], [35.3604, -5.6646], [35.3604, -5.6688], [35.3562, -5.6729]]}}, {"type": "Feature", "properties": {"order": 6, "discharge": 98.09}, "geometry": {"type": "LineString", "coordinates": [[31.1521, -5.6771], [31.1437, -5.6688], [31.1437, -5.6479], [31.1396, -5.6438], [31.1312, -5.6438], [31.1271, -5.6396]]}}, {"type": "Feature", "properties": {"order": 5, "discharge": 17.73}, "geometry": {"type": "LineString", "coordinates": [[32.2312, -5.6729], [32.2229, -5.6729], [32.2187, -5.6771]]}}, {"type": "Feature", "properties": {"order": 7, "discharge": 619.42}, "geometry": {"type": "LineString", "coordinates": [[29.6104, -5.6563], [29.6104, -5.6729], [29.6146, -5.6771], [29.6146, -5.6813]]}}, {"type": "Feature", "properties": {"order": 5, "discharge": 17.82}, "geometry": {"type": "LineString", "coordinates": [[32.2021, -5.6938], [32.1729, -5.6938]]}}, {"type": "Feature", "properties": {"order": 5, "discharge": 17.77}, "geometry": {"type": "LineString", "coordinates": [[32.2187, -5.6771], [32.2187, -5.6813], [32.2146, -5.6854], [32.2104, -5.6854], [32.2021, -5.6938]]}}, {"type": "Feature", "properties": {"order": 7, "discharge": 631.52}, "geometry": {"type": "LineString", "coordinates": [[29.6146, -5.6813], [29.6146, -5.6938], [29.6187, -5.6979], [29.6187, -5.7021]]}}, {"type": "Feature", "properties": {"order": 5, "discharge": 18.06}, "geometry": {"type": "LineString", "coordinates": [[32.1729, -5.6938], [32.1646, -5.6938], [32.1604, -5.6979], [32.1687, -5.7063], [32.1646, -5.7104]]}}, {"type": "Feature", "properties": {"order": 5, "discharge": 4.83}, "geometry": {"type": "LineString", "coordinates": [[35.3562, -5.6729], [35.3479, -5.6813], [35.3479, -5.6896], [35.3437, -5.6938], [35.3437, -5.6979], [35.3396, -5.7021], [35.3396, -5.7104]]}}, {"type": "Feature", "properties": {"order": 6, "discharge": 89.19}, "geometry": {"type": "LineString", "coordinates": [[31.8271, -5.7188], [31.8229, -5.7146], [31.8062, -5.7146]]}}, {"type": "Feature", "properties": {"order": 5, "discharge": 4.95}, "geometry": {"type": "LineString", "coordinates": [[35.3396, -5.7104], [35.3312, -5.7188]]}}, {"type": "Feature", "properties": {"order": 6, "discharge": 89.4}, "geometry": {"type": "LineString", "coordinates": [[31.8062, -5.7146], [31.8021, -5.7188], [31.7979, -5.7188], [31.7937, -5.7229], [31.7896, -5.7229]]}}, {"type": "Feature", "properties": {"order": 5, "discharge": 18.08}, "geometry": {"type": "LineString", "coordinates": [[32.1646, -5.7104], [32.1604, -5.7146], [32.1562, -5.7146], [32.1521, -5.7188], [32.1479, -5.7188], [32.1437, -5.7229], [32.1354, -5.7229]]}}, {"type": "Feature", "properties": {"order": 5, "discharge": 4.96}, "geometry": {"type": "LineString", "coordinates": [[35.3312, -5.7188], [35.3271, -5.7229]]}}, {"type": "Feature", "properties": {"order": 5, "discharge": 18.11}, "geometry": {"type": "LineString", "coordinates": [[32.1354, -5.7229], [32.1271, -5.7229], [32.1229, -5.7271], [32.1021, -5.7271]]}}, {"type": "Feature", "properties": {"order": 7, "discharge": 645.02}, "geometry": {"type": "LineString", "coordinates": [[29.6187, -5.7021], [29.6187, -5.7313]]}}, {"type": "Feature", "properties": {"order": 6, "discharge": 89.17}, "geometry": {"type": "LineString", "coordinates": [[31.8562, -5.7313], [31.8354, -5.7313], [31.8312, -5.7271], [31.8312, -5.7229], [31.8271, -5.7188]]}}, {"type": "Feature", "properties": {"order": 6, "discharge": 89.27}, "geometry": {"type": "LineString", "coordinates": [[31.8854, -5.7354], [31.8812, -5.7354], [31.8771, -5.7313], [31.8562, -5.7313]]}}, {"type": "Feature", "properties": {"order": 6, "discharge": 89.36}, "geometry": {"type": "LineString", "coordinates": [[31.7896, -5.7229], [31.7854, -5.7229], [31.7771, -5.7313], [31.7771, -5.7396], [31.7729, -5.7438]]}}, {"type": "Feature", "properties": {"order": 5, "discharge": 18.2}, "geometry": {"type": "LineString", "coordinates": [[32.1021, -5.7271], [32.0979, -5.7313], [32.0937, -5.7313], [32.0937, -5.7354], [32.0812, -5.7479], [32.0771, -5.7479]]}}, {"type": "Feature", "properties": {"order": 6, "discharge": 89.18}, "geometry": {"type": "LineString", "coordinates": [[31.9354, -5.7479], [31.9312, -5.7479], [31.9271, -5.7521], [31.9229, -5.7521], [31.9187, -5.7479], [31.9187, -5.7438], [31.9146, -5.7396], [31.9021, -5.7396], [31.8979, -5.7438], [31.8896, -5.7354], [31.8854, -5.7354]]}}, {"type": "Feature", "properties": {"order": 6, "discharge": 89.02}, "geometry": {"type": "LineString", "coordinates": [[31.9479, -5.7521], [31.9396, -5.7521], [31.9354, -5.7479]]}}, {"type": "Feature", "properties": {"order": 6, "discharge": 98.63}, "geometry": {"type": "LineString", "coordinates": [[31.1562, -5.7563], [31.1562, -5.7188], [31.1437, -5.7063], [31.1437, -5.6938], [31.1521, -5.6854], [31.1521, -5.6771]]}}, {"type": "Feature", "properties": {"order": 6, "discharge": 88.96}, "geometry": {"type": "LineString", "coordinates": [[31.9687, -5.7479], [31.9604, -5.7563], [31.9562, -5.7563], [31.9521, -5.7521], [31.9479, -5.7521]]}}, {"type": "Feature", "properties": {"order": 6, "discharge": 88.45}, "geometry": {"type": "LineString", "coordinates": [[31.9812, -5.7563], [31.9729, -5.7479], [31.9687, -5.7479]]}}, {"type": "Feature", "properties": {"order": 6, "discharge": 99.67}, "geometry": {"type": "LineString", "coordinates": [[31.1646, -5.7604], [31.1604, -5.7604], [31.1562, -5.7563]]}}, {"type": "Feature", "properties": {"order": 6, "discharge": 94.64}, "geometry": {"type": "LineString", "coordinates": [[31.1896, -5.7479], [31.1812, -5.7479], [31.1729, -5.7563], [31.1687, -5.7563], [31.1646, -5.7604]]}}, {"type": "Feature", "properties": {"order": 6, "discharge": 94.94}, "geometry": {"type": "LineString", "coordinates": [[31.2354, -5.7604], [31.2187, -5.7604], [31.2146, -5.7563], [31.2104, -5.7563], [31.2021, -5.7479], [31.1896, -5.7479]]}}, {"type": "Feature", "properties": {"order": 6, "discharge": 89.33}, "geometry": {"type": "LineString", "coordinates": [[31.7729, -5.7438], [31.7687, -5.7479], [31.7687, -5.7563], [31.7646, -5.7604]]}}, {"type": "Feature", "properties": {"order": 6, "discharge": 88.12}, "geometry": {"type": "LineString", "coordinates": [[32.0021, -5.7604], [31.9896, -5.7604], [31.9854, -5.7563], [31.9812, -5.7563]]}}, {"type": "Feature", "properties": {"order": 5, "discharge": 18.23}, "geometry": {"type": "LineString", "coordinates": [[32.0771, -5.7479], [32.0646, -5.7604]]}}, {"type": "Feature", "properties": {"order": 6, "discharge": 95.42}, "geometry": {"type": "LineString", "coordinates": [[31.2479, -5.7646], [31.2437, -5.7604], [31.2354, -5.7604]]}}, {"type": "Feature", "properties": {"order": 6, "discharge": 89.87}, "geometry": {"type": "LineString", "coordinates": [[31.7646, -5.7604], [31.7604, -5.7604], [31.7562, -5.7646], [31.7437, -5.7646], [31.7396, -5.7604], [31.7354, -5.7646]]}}, {"type": "Feature", "properties": {"order": 5, "discharge": 5.08}, "geometry": {"type": "LineString", "coordinates": [[35.0146, -5.6938], [35.0187, -5.6979], [35.0229, -5.6979], [35.0271, -5.7021], [35.0354, -5.7021], [35.0437, -5.7104], [35.0437, -5.7229], [35.0396, -5.7271], [35.0354, -5.7271], [35.0312, -5.7313], [35.0396, -5.7396], [35.0396, -5.7479], [35.0437, -5.7521], [35.0479, -5.7521], [35.0521, -5.7563], [35.0562, -5.7563], [35.0604, -5.7604], [35.0562, -5.7646]]}}, {"type": "Feature", "properties": {"order": 6, "discharge": 89.8}, "geometry": {"type": "LineString", "coordinates": [[31.7354, -5.7646], [31.7354, -5.7729], [31.7312, -5.7771], [31.7229, -5.7771]]}}, {"type": "Feature", "properties": {"order": 5, "discharge": 18.25}, "geometry": {"type": "LineString", "coordinates": [[32.0646, -5.7604], [32.0646, -5.7771], [32.0604, -5.7813]]}}, {"type": "Feature", "properties": {"order": 6, "discharge": 88.17}, "geometry": {"type": "LineString", "coordinates": [[32.0479, -5.7854], [32.0437, -5.7854], [32.0396, -5.7813], [32.0312, -5.7813], [32.0187, -5.7688], [32.0187, -5.7604], [32.0146, -5.7563], [32.0104, -5.7563], [32.0062, -5.7604], [32.0021, -5.7604]]}}, {"type": "Feature", "properties": {"order": 5, "discharge": 18.26}, "geometry": {"type": "LineString", "coordinates": [[32.0604, -5.7813], [32.0521, -5.7813], [32.0479, -5.7854]]}}, {"type": "Feature", "properties": {"order": 6, "discharge": 90.11}, "geometry": {"type": "LineString", "coordinates": [[31.7229, -5.7771], [31.7146, -5.7771], [31.7021, -5.7896]]}}, {"type": "Feature", "properties": {"order": 6, "discharge": 97.08}, "geometry": {"type": "LineString", "coordinates": [[31.3812, -5.7938], [31.3729, -5.7938]]}}, {"type": "Feature", "properties": {"order": 6, "discharge": 96.46}, "geometry": {"type": "LineString", "coordinates": [[31.3729, -5.7938], [31.3646, -5.7938], [31.3604, -5.7979], [31.3396, -5.7979], [31.3354, -5.7938], [31.3229, -5.7938]]}}, {"type": "Feature", "properties": {"order": 6, "discharge": 96.93}, "geometry": {"type": "LineString", "coordinates": [[31.3854, -5.7979], [31.3812, -5.7938]]}}, {"type": "Feature", "properties": {"order": 6, "discharge": 70.08}, "geometry": {"type": "LineString", "coordinates": [[32.0562, -5.7979], [32.0604, -5.7938], [32.0562, -5.7896], [32.0521, -5.7896], [32.0479, -5.7854]]}}, {"type": "Feature", "properties": {"order": 6, "discharge": 95.56}, "geometry": {"type": "LineString", "coordinates": [[31.2812, -5.8021], [31.2771, -5.8021], [31.2604, -5.7854], [31.2604, -5.7771], [31.2479, -5.7646]]}}, {"type": "Feature", "properties": {"order": 6, "discharge": 96.03}, "geometry": {"type": "LineString", "coordinates": [[31.2979, -5.8021], [31.2812, -5.8021]]}}, {"type": "Feature", "properties": {"order": 6, "discharge": 96.19}, "geometry": {"type": "LineString", "coordinates": [[31.3229, -5.7938], [31.3062, -5.7938], [31.2979, -5.8021]]}}, {"type": "Feature", "properties": {"order": 6, "discharge": 96.97}, "geometry": {"type": "LineString", "coordinates": [[31.4062, -5.8104], [31.4021, -5.8063], [31.3979, -5.8063], [31.3937, -5.8021], [31.3896, -5.8021], [31.3854, -5.7979]]}}, {"type": "Feature", "properties": {"order": 6, "discharge": 89.86}, "geometry": {"type": "LineString", "coordinates": [[31.5562, -5.8104], [31.5521, -5.8104]]}}, {"type": "Feature", "properties": {"order": 6, "discharge": 89.69}, "geometry": {"type": "LineString", "coordinates": [[31.5229, -5.8146], [31.5062, -5.8146]]}}, {"type": "Feature", "properties": {"order": 6, "discharge": 89.75}, "geometry": {"type": "LineString", "coordinates": [[31.5521, -5.8104], [31.5271, -5.8104], [31.5229, -5.8146]]}}, {"type": "Feature", "properties": {"order": 6, "discharge": 90.05}, "geometry": {"type": "LineString", "coordinates": [[31.7021, -5.7896], [31.7021, -5.7979], [31.6896, -5.8104], [31.6854, -5.8104], [31.6812, -5.8146]]}}, {"type": "Feature", "properties": {"order": 6, "discharge": 89.27}, "geometry": {"type": "LineString", "coordinates": [[31.4687, -5.8188], [31.4521, -5.8188]]}}, {"type": "Feature", "properties": {"order": 6, "discharge": 97.21}, "geometry": {"type": "LineString", "coordinates": [[31.4437, -5.8229], [31.4312, -5.8229], [31.4271, -5.8188], [31.4146, -5.8188], [31.4062, -5.8104]]}}, {"type": "Feature", "properties": {"order": 6, "discharge": 89.21}, "geometry": {"type": "LineString", "coordinates": [[31.4521, -5.8188], [31.4479, -5.8188], [31.4437, -5.8229]]}}, {"type": "Feature", "properties": {"order": 6, "discharge": 89.46}, "geometry": {"type": "LineString", "coordinates": [[31.5062, -5.8146], [31.4979, -5.8146], [31.4896, -5.8229], [31.4854, -5.8188], [31.4687, -5.8188]]}}, {"type": "Feature", "properties": {"order": 6, "discharge": 70.02}, "geometry": {"type": "LineString", "coordinates": [[32.0771, -5.8229], [32.0771, -5.8188], [32.0562, -5.7979]]}}, {"type": "Feature", "properties": {"order": 6, "discharge": 90.11}, "geometry": {"type": "LineString", "coordinates": [[31.6812, -5.8146], [31.6771, -5.8146], [31.6729, -5.8188], [31.6729, -5.8229], [31.6687, -5.8271], [31.6646, -5.8271], [31.6604, -5.8313], [31.6562, -5.8271], [31.6521, -5.8271], [31.6437, -5.8188]]}}, {"type": "Feature", "properties": {"order": 6, "discharge": 70.05}, "geometry": {"type": "LineString", "coordinates": [[32.0854, -5.8313], [32.0771, -5.8229]]}}, {"type": "Feature", "properties": {"order": 5, "discharge": 7.92}, "geometry": {"type": "LineString", "coordinates": [[36.1562, -5.8188], [36.1604, -5.8229], [36.1604, -5.8271], [36.1562, -5.8313]]}}, {"type": "Feature", "properties": {"order": 6, "discharge": 89.82}, "geometry": {"type": "LineString", "coordinates": [[31.5979, -5.8229], [31.5937, -5.8271], [31.5937, -5.8313], [31.5896, -5.8354], [31.5854, -5.8354], [31.5771, -5.8271], [31.5771, -5.8229], [31.5646, -5.8104], [31.5562, -5.8104]]}}, {"type": "Feature", "properties": {"order": 6, "discharge": 90.01}, "geometry": {"type": "LineString", "coordinates": [[31.6187, -5.8354], [31.6104, -5.8271], [31.6021, -5.8271], [31.5979, -5.8229]]}}, {"type": "Feature", "properties": {"order": 6, "discharge": 90.09}, "geometry": {"type": "LineString", "coordinates": [[31.6229, -5.8396], [31.6187, -5.8354]]}}, {"type": "Feature", "properties": {"order": 6, "discharge": 90.03}, "geometry": {"type": "LineString", "coordinates": [[31.6437, -5.8188], [31.6396, -5.8229], [31.6354, -5.8229], [31.6312, -5.8271], [31.6312, -5.8313], [31.6229, -5.8396]]}}, {"type": "Feature", "properties": {"order": 6, "discharge": 69.95}, "geometry": {"type": "LineString", "coordinates": [[32.1021, -5.8479], [32.0854, -5.8313]]}}, {"type": "Feature", "properties": {"order": 5, "discharge": 4.76}, "geometry": {"type": "LineString", "coordinates": [[35.3271, -5.7229], [35.3104, -5.7396], [35.3062, -5.7354], [35.3021, -5.7354], [35.2896, -5.7479], [35.2896, -5.7521], [35.2854, -5.7563], [35.2854, -5.7604], [35.2812, -5.7646], [35.2812, -5.7688], [35.2854, -5.7729], [35.2854, -5.7771], [35.2937, -5.7854], [35.2937, -5.7896], [35.2896, -5.7938], [35.2896, -5.7979], [35.2937, -5.8021], [35.2937, -5.8313], [35.2896, -5.8354], [35.2937, -5.8396], [35.2896, -5.8438], [35.2937, -5.8479]]}}, {"type": "Feature", "properties": {"order": 5, "discharge": 5.05}, "geometry": {"type": "LineString", "coordinates": [[35.0562, -5.7646], [35.0687, -5.7771], [35.0687, -5.7854], [35.0729, -5.7896], [35.0729, -5.8021], [35.0687, -5.8063], [35.0687, -5.8104], [35.0729, -5.8146], [35.0771, -5.8146], [35.0771, -5.8229], [35.0729, -5.8271], [35.0729, -5.8354], [35.0771, -5.8396], [35.0729, -5.8438], [35.0729, -5.8479], [35.0771, -5.8521]]}}, {"type": "Feature", "properties": {"order": 5, "discharge": 7.14}, "geometry": {"type": "LineString", "coordinates": [[32.1604, -5.8563], [32.1562, -5.8521], [32.1521, -5.8521], [32.1479, -5.8479], [32.1437, -5.8521], [32.1396, -5.8521], [32.1354, -5.8563], [32.1312, -5.8563], [32.1229, -5.8479], [32.1021, -5.8479]]}}, {"type": "Feature", "properties": {"order": 5, "discharge": 7.96}, "geometry": {"type": "LineString", "coordinates": [[36.1562, -5.8313], [36.1562, -5.8396], [36.1646, -5.8479], [36.1646, -5.8563]]}}, {"type": "Feature", "properties": {"order": 5, "discharge": 8.65}, "geometry": {"type": "LineString", "coordinates": [[35.0771, -5.8521], [35.0771, -5.8563], [35.0687, -5.8646]]}}, {"type": "Feature", "properties": {"order": 7, "discharge": 709.17}, "geometry": {"type": "LineString", "coordinates": [[29.6187, -5.7313], [29.6229, -5.7354], [29.6229, -5.7979], [29.6187, -5.8021], [29.6187, -5.8146], [29.6146, -5.8188], [29.6146, -5.8271], [29.6104, -5.8313], [29.6104, -5.8396], [29.6062, -5.8438], [29.6062, -5.8479], [29.6021, -5.8521], [29.6021, -5.8563], [29.5979, -5.8604], [29.5979, -5.8646], [29.5937, -5.8688], [29.5937, -5.8729]]}}, {"type": "Feature", "properties": {"order": 5, "discharge": 8.0}, "geometry": {"type": "LineString", "coordinates": [[36.1646, -5.8563], [36.1687, -5.8604], [36.1729, -5.8563], [36.1771, -5.8563], [36.1812, -5.8604], [36.1854, -5.8604], [36.1896, -5.8646], [36.1937, -5.8646], [36.2021, -5.8729]]}}, {"type": "Feature", "properties": {"order": 5, "discharge": 8.03}, "geometry": {"type": "LineString", "coordinates": [[36.2021, -5.8729], [36.2062, -5.8688], [36.2104, -5.8729]]}}, {"type": "Feature", "properties": {"order": 7, "discharge": 722.94}, "geometry": {"type": "LineString", "coordinates": [[29.5937, -5.8729], [29.5896, -5.8771]]}}, {"type": "Feature", "properties": {"order": 5, "discharge": 6.04}, "geometry": {"type": "LineString", "coordinates": [[35.2937, -5.8479], [35.2937, -5.8563], [35.2896, -5.8604], [35.2937, -5.8646], [35.2979, -5.8646], [35.3062, -5.8729], [35.3021, -5.8771]]}}, {"type": "Feature", "properties": {"order": 5, "discharge": 8.78}, "geometry": {"type": "LineString", "coordinates": [[36.2104, -5.8729], [36.2187, -5.8813]]}}, {"type": "Feature", "properties": {"order": 6, "discharge": 62.86}, "geometry": {"type": "LineString", "coordinates": [[32.1021, -5.8938], [32.0979, -5.8896], [32.0979, -5.8729], [32.1021, -5.8688], [32.0979, -5.8646], [32.0979, -5.8521], [32.1021, -5.8479]]}}, {"type": "Feature", "properties": {"order": 5, "discharge": 8.64}, "geometry": {"type": "LineString", "coordinates": [[35.0687, -5.8646], [35.0687, -5.8688], [35.0562, -5.8813], [35.0562, -5.8854], [35.0521, -5.8896], [35.0521, -5.8938], [35.0479, -5.8979]]}}, {"type": "Feature", "properties": {"order": 5, "discharge": 8.79}, "geometry": {"type": "LineString", "coordinates": [[36.2187, -5.8813], [36.2187, -5.8854], [36.2271, -5.8938], [36.2271, -5.8979]]}}, {"type": "Feature", "properties": {"order": 7, "discharge": 734.45}, "geometry": {"type": "LineString", "coordinates": [[29.5896, -5.8771], [29.5896, -5.8813], [29.5812, -5.8896], [29.5812, -5.8938], [29.5771, -5.8979], [29.5771, -5.9021]]}}, {"type": "Feature", "properties": {"order": 5, "discharge": 8.86}, "geometry": {"type": "LineString", "coordinates": [[36.2271, -5.8979], [36.2271, -5.9021]]}}, {"type": "Feature", "properties": {"order": 7, "discharge": 738.41}, "geometry": {"type": "LineString", "coordinates": [[29.5771, -5.9021], [29.5687, -5.9104]]}}, {"type": "Feature", "properties": {"order": 6, "discharge": 62.87}, "geometry": {"type": "LineString", "coordinates": [[32.1062, -5.9104], [32.1062, -5.8979], [32.1021, -5.8938]]}}, {"type": "Feature", "properties": {"order": 5, "discharge": 6.01}, "geometry": {"type": "LineString", "coordinates": [[35.3021, -5.8771], [35.2937, -5.8854], [35.2937, -5.8896], [35.2979, -5.8938], [35.2979, -5.9104], [35.2937, -5.9146]]}}, {"type": "Feature", "properties": {"order": 5, "discharge": 8.92}, "geometry": {"type": "LineString", "coordinates": [[36.2271, -5.9021], [36.2271, -5.9146]]}}, {"type": "Feature", "properties": {"order": 6, "discharge": 62.87}, "geometry": {"type": "LineString", "coordinates": [[32.1062, -5.9271], [32.1062, -5.9104]]}}, {"type": "Feature", "properties": {"order": 5, "discharge": 8.93}, "geometry": {"type": "LineString", "coordinates": [[36.2271, -5.9146], [36.2312, -5.9188], [36.2312, -5.9396], [36.2271, -5.9438]]}}, {"type": "Feature", "properties": {"order": 5, "discharge": 9.09}, "geometry": {"type": "LineString", "coordinates": [[35.0479, -5.8979], [35.0479, -5.9021], [35.0521, -5.9063], [35.0521, -5.9104], [35.0479, -5.9146], [35.0604, -5.9271], [35.0562, -5.9313], [35.0562, -5.9354], [35.0479, -5.9438], [35.0479, -5.9479]]}}, {"type": "Feature", "properties": {"order": 7, "discharge": 1309.43}, "geometry": {"type": "LineString", "coordinates": [[29.3562, -5.9563], [29.3479, -5.9563], [29.3437, -5.9521], [29.3271, -5.9521], [29.3229, -5.9479], [29.3187, -5.9479]]}}, {"type": "Feature", "properties": {"order": 6, "discharge": 62.81}, "geometry": {"type": "LineString", "coordinates": [[32.1271, -5.9563], [32.1229, -5.9521], [32.1229, -5.9396], [32.1146, -5.9313], [32.1104, -5.9313], [32.1062, -5.9271]]}}, {"type": "Feature", "properties": {"order": 7, "discharge": 1260.11}, "geometry": {"type": "LineString", "coordinates": [[29.3646, -5.9604], [29.3604, -5.9563], [29.3562, -5.9563]]}}, {"type": "Feature", "properties": {"order": 5, "discharge": 5.96}, "geometry": {"type": "LineString", "coordinates": [[35.2937, -5.9146], [35.2979, -5.9188], [35.2979, -5.9271], [35.3021, -5.9313], [35.3021, -5.9646]]}}, {"type": "Feature", "properties": {"order": 5, "discharge": 8.99}, "geometry": {"type": "LineString", "coordinates": [[36.2271, -5.9438], [36.2396, -5.9563], [36.2354, -5.9604], [36.2354, -5.9646]]}}, {"type": "Feature", "properties": {"order": 5, "discharge": 9.02}, "geometry": {"type": "LineString", "coordinates": [[36.2354, -5.9646], [36.2437, -5.9729]]}}, {"type": "Feature", "properties": {"order": 7, "discharge": 1247.9}, "geometry": {"type": "LineString", "coordinates": [[29.4479, -5.9771], [29.4437, -5.9771], [29.4396, -5.9729], [29.4229, -5.9729], [29.4187, -5.9688], [29.4062, -5.9688], [29.4021, -5.9646], [29.3854, -5.9646], [29.3812, -5.9604], [29.3646, -5.9604]]}}, {"type": "Feature", "properties": {"order": 7, "discharge": 1143.81}, "geometry": {"type": "LineString", "coordinates": [[29.4604, -5.9771], [29.4479, -5.9771]]}}, {"type": "Feature", "properties": {"order": 7, "discharge": 801.79}, "geometry": {"type": "LineString", "coordinates": [[29.5687, -5.9104], [29.5229, -5.9563], [29.5187, -5.9563], [29.5146, -5.9604], [29.5104, -5.9604], [29.5021, -5.9688], [29.4979, -5.9688], [29.4937, -5.9729], [29.4812, -5.9729], [29.4771, -5.9771], [29.4604, -5.9771]]}}, {"type": "Feature", "properties": {"order": 6, "discharge": 62.62}, "geometry": {"type": "LineString", "coordinates": [[32.1229, -5.9771], [32.1229, -5.9604], [32.1271, -5.9563]]}}, {"type": "Feature", "properties": {"order": 5, "discharge": 9.66}, "geometry": {"type": "LineString", "coordinates": [[35.0479, -5.9479], [35.0479, -5.9563], [35.0687, -5.9771], [35.0729, -5.9771], [35.0771, -5.9813]]}}, {"type": "Feature", "properties": {"order": 5, "discharge": 10.91}, "geometry": {"type": "LineString", "coordinates": [[36.2437, -5.9729], [36.2437, -5.9771], [36.2479, -5.9813], [36.2479, -5.9854]]}}, {"type": "Feature", "properties": {"order": 6, "discharge": 62.37}, "geometry": {"type": "LineString", "coordinates": [[32.1312, -5.9938], [32.1271, -5.9896], [32.1271, -5.9813], [32.1229, -5.9771]]}}, {"type": "Feature", "properties": {"order": 6, "discharge": 326.41}, "geometry": {"type": "LineString", "coordinates": [[29.4729, -5.9979], [29.4729, -5.9896], [29.4604, -5.9771]]}}, {"type": "Feature", "properties": {"order": 6, "discharge": 62.37}, "geometry": {"type": "LineString", "coordinates": [[32.1312, -6.0021], [32.1312, -5.9938]]}}, {"type": "Feature", "properties": {"order": 5, "discharge": 9.54}, "geometry": {"type": "LineString", "coordinates": [[35.0771, -5.9813], [35.0896, -5.9938], [35.0937, -5.9938], [35.1062, -6.0063], [35.1062, -6.0104], [35.1104, -6.0146]]}}, {"type": "Feature", "properties": {"order": 5, "discharge": 10.92}, "geometry": {"type": "LineString", "coordinates": [[36.2479, -5.9854], [36.2479, -6.0146], [36.2437, -6.0188]]}}, {"type": "Feature", "properties": {"order": 6, "discharge": 62.32}, "geometry": {"type": "LineString", "coordinates": [[32.1437, -6.0313], [32.1396, -6.0271], [32.1354, -6.0271], [32.1312, -6.0229], [32.1354, -6.0188], [32.1354, -6.0104], [32.1312, -6.0063], [32.1312, -6.0021]]}}, {"type": "Feature", "properties": {"order": 5, "discharge": 5.14}, "geometry": {"type": "LineString", "coordinates": [[35.3021, -5.9646], [35.2979, -5.9688], [35.2979, -5.9813], [35.3021, -5.9854], [35.2937, -5.9938], [35.2937, -5.9979], [35.2812, -6.0104], [35.2771, -6.0104], [35.2729, -6.0146], [35.2771, -6.0188], [35.2812, -6.0188], [35.2896, -6.0271], [35.2896, -6.0354]]}}, {"type": "Feature", "properties": {"order": 6, "discharge": 317.52}, "geometry": {"type": "LineString", "coordinates": [[29.4896, -6.0396], [29.4896, -6.0354], [29.4854, -6.0313], [29.4854, -6.0271], [29.4812, -6.0229], [29.4812, -6.0146], [29.4771, -6.0104], [29.4771, -6.0021], [29.4729, -5.9979]]}}, {"type": "Feature", "properties": {"order": 5, "discharge": 5.18}, "geometry": {"type": "LineString", "coordinates": [[35.2896, -6.0354], [35.2854, -6.0396]]}}, {"type": "Feature", "properties": {"order": 5, "discharge": 10.97}, "geometry": {"type": "LineString", "coordinates": [[36.2437, -6.0188], [36.2479, -6.0229], [36.2479, -6.0271], [36.2521, -6.0313], [36.2646, -6.0313], [36.2729, -6.0396], [36.2729, -6.0438]]}}, {"type": "Feature", "properties": {"order": 6, "discharge": 61.94}, "geometry": {"type": "LineString", "coordinates": [[32.1604, -6.0479], [32.1437, -6.0313]]}}, {"type": "Feature", "properties": {"order": 5, "discharge": 5.01}, "geometry": {"type": "LineString", "coordinates": [[35.2854, -6.0396], [35.2812, -6.0438], [35.2729, -6.0438], [35.2687, -6.0479]]}}, {"type": "Feature", "properties": {"order": 6, "discharge": 61.9}, "geometry": {"type": "LineString", "coordinates": [[32.1646, -6.0521], [32.1604, -6.0479]]}}, {"type": "Feature", "properties": {"order": 5, "discharge": 8.95}, "geometry": {"type": "LineString", "coordinates": [[35.1104, -6.0146], [35.1271, -6.0313], [35.1354, -6.0313], [35.1437, -6.0396], [35.1479, -6.0396], [35.1562, -6.0479], [35.1562, -6.0521], [35.1646, -6.0604]]}}, {"type": "Feature", "properties": {"order": 5, "discharge": 9.16}, "geometry": {"type": "LineString", "coordinates": [[35.1646, -6.0604], [35.1687, -6.0646]]}}, {"type": "Feature", "properties": {"order": 5, "discharge": 9.26}, "geometry": {"type": "LineString", "coordinates": [[35.1687, -6.0646], [35.1771, -6.0646]]}}, {"type": "Feature", "properties": {"order": 5, "discharge": 3.11}, "geometry": {"type": "LineString", "coordinates": [[35.2687, -6.0479], [35.2604, -6.0479], [35.2562, -6.0521], [35.2437, -6.0521], [35.2396, -6.0563], [35.2271, -6.0563], [35.2229, -6.0604], [35.2187, -6.0604], [35.2146, -6.0646], [35.1771, -6.0646]]}}, {"type": "Feature", "properties": {"order": 6, "discharge": 61.89}, "geometry": {"type": "LineString", "coordinates": [[32.1854, -6.0729], [32.1646, -6.0521]]}}, {"type": "Feature", "properties": {"order": 5, "discharge": 3.69}, "geometry": {"type": "LineString", "coordinates": [[35.1771, -6.0729], [35.1771, -6.0646]]}}, {"type": "Feature", "properties": {"order": 6, "discharge": 317.53}, "geometry": {"type": "LineString", "coordinates": [[29.5021, -6.0771], [29.5021, -6.0688], [29.4979, -6.0646], [29.4979, -6.0604], [29.4937, -6.0563], [29.4937, -6.0479], [29.4896, -6.0438], [29.4896, -6.0396]]}}, {"type": "Feature", "properties": {"order": 6, "discharge": 317.78}, "geometry": {"type": "LineString", "coordinates": [[29.5062, -6.0854], [29.5062, -6.0813], [29.5021, -6.0771]]}}, {"type": "Feature", "properties": {"order": 5, "discharge": 11.37}, "geometry": {"type": "LineString", "coordinates": [[36.2729, -6.0438], [36.2771, -6.0479], [36.2771, -6.0604], [36.2812, -6.0646], [36.2812, -6.0938]]}}, {"type": "Feature", "properties": {"order": 5, "discharge": 2.47}, "geometry": {"type": "LineString", "coordinates": [[35.1771, -6.0979], [35.1771, -6.0729]]}}, {"type": "Feature", "properties": {"order": 6, "discharge": 61.21}, "geometry": {"type": "LineString", "coordinates": [[32.1979, -6.1063], [32.1979, -6.0896], [32.1937, -6.0854], [32.1937, -6.0813], [32.1854, -6.0729]]}}, {"type": "Feature", "properties": {"order": 5, "discharge": 11.5}, "geometry": {"type": "LineString", "coordinates": [[36.2812, -6.0938], [36.2812, -6.1063], [36.2771, -6.1104]]}}, {"type": "Feature", "properties": {"order": 6, "discharge": 61.23}, "geometry": {"type": "LineString", "coordinates": [[32.2062, -6.1146], [32.1979, -6.1063]]}}, {"type": "Feature", "properties": {"order": 6, "discharge": 61.09}, "geometry": {"type": "LineString", "coordinates": [[32.2187, -6.1229], [32.2146, -6.1188], [32.2104, -6.1188], [32.2062, -6.1146]]}}, {"type": "Feature", "properties": {"order": 5, "discharge": 11.53}, "geometry": {"type": "LineString", "coordinates": [[36.2771, -6.1104], [36.2729, -6.1146], [36.2771, -6.1188], [36.2729, -6.1229], [36.2729, -6.1271], [36.2771, -6.1313]]}}, {"type": "Feature", "properties": {"order": 6, "discharge": 60.53}, "geometry": {"type": "LineString", "coordinates": [[32.2312, -6.1354], [32.2187, -6.1229]]}}, {"type": "Feature", "properties": {"order": 5, "discharge": 5.16}, "geometry": {"type": "LineString", "coordinates": [[36.2396, -6.1479], [36.2479, -6.1479], [36.2521, -6.1438], [36.2604, -6.1438], [36.2646, -6.1396], [36.2687, -6.1438], [36.2729, -6.1438], [36.2771, -6.1396], [36.2771, -6.1313]]}}, {"type": "Feature", "properties": {"order": 6, "discharge": 56.31}, "geometry": {"type": "LineString", "coordinates": [[32.2729, -6.1604], [32.2687, -6.1604], [32.2646, -6.1563], [32.2604, -6.1563], [32.2562, -6.1521], [32.2521, -6.1521], [32.2396, -6.1396], [32.2354, -6.1396], [32.2312, -6.1354]]}}, {"type": "Feature", "properties": {"order": 5, "discharge": 25.11}, "geometry": {"type": "LineString", "coordinates": [[32.4937, -6.1563], [32.4896, -6.1604]]}}, {"type": "Feature", "properties": {"order": 6, "discharge": 16.61}, "geometry": {"type": "LineString", "coordinates": [[36.2771, -6.1313], [36.2812, -6.1313], [36.3062, -6.1563], [36.3062, -6.1604]]}}, {"type": "Feature", "properties": {"order": 6, "discharge": 313.38}, "geometry": {"type": "LineString", "coordinates": [[29.5396, -6.1646], [29.5354, -6.1604], [29.5354, -6.1563], [29.5312, -6.1521], [29.5312, -6.1438], [29.5271, -6.1396], [29.5271, -6.1354], [29.5229, -6.1313], [29.5229, -6.1229], [29.5187, -6.1188], [29.5187, -6.1146], [29.5146, -6.1104], [29.5146, -6.1021], [29.5104, -6.0979], [29.5104, -6.0938], [29.5062, -6.0896], [29.5062, -6.0854]]}}, {"type": "Feature", "properties": {"order": 6, "discharge": 16.73}, "geometry": {"type": "LineString", "coordinates": [[36.3062, -6.1604], [36.3104, -6.1646]]}}, {"type": "Feature", "properties": {"order": 6, "discharge": 59.55}, "geometry": {"type": "LineString", "coordinates": [[38.8437, -6.1646], [38.8437, -6.1604], [38.8479, -6.1563]]}}, {"type": "Feature", "properties": {"order": 5, "discharge": 25.22}, "geometry": {"type": "LineString", "coordinates": [[32.4896, -6.1604], [32.4854, -6.1646], [32.4771, -6.1646], [32.4729, -6.1688], [32.4646, -6.1688], [32.4562, -6.1771]]}}, {"type": "Feature", "properties": {"order": 5, "discharge": 25.3}, "geometry": {"type": "LineString", "coordinates": [[32.4562, -6.1771], [32.4354, -6.1771], [32.4312, -6.1813], [32.4021, -6.1813]]}}, {"type": "Feature", "properties": {"order": 6, "discharge": 59.78}, "geometry": {"type": "LineString", "coordinates": [[38.8229, -6.1813], [38.8271, -6.1813], [38.8354, -6.1729], [38.8396, -6.1729], [38.8396, -6.1688], [38.8437, -6.1646]]}}, {"type": "Feature", "properties": {"order": 5, "discharge": 2.35}, "geometry": {"type": "LineString", "coordinates": [[35.2104, -6.1854], [35.1896, -6.1646], [35.1896, -6.1604], [35.1854, -6.1563], [35.1854, -6.1479], [35.1812, -6.1438], [35.1812, -6.1396], [35.1771, -6.1354], [35.1771, -6.0979]]}}, {"type": "Feature", "properties": {"order": 6, "discharge": 60.84}, "geometry": {"type": "LineString", "coordinates": [[38.8187, -6.1854], [38.8229, -6.1813]]}}, {"type": "Feature", "properties": {"order": 5, "discharge": 25.38}, "geometry": {"type": "LineString", "coordinates": [[32.4021, -6.1813], [32.3854, -6.1813], [32.3729, -6.1938], [32.3687, -6.1938], [32.3646, -6.1979]]}}, {"type": "Feature", "properties": {"order": 6, "discharge": 16.71}, "geometry": {"type": "LineString", "coordinates": [[36.3104, -6.1646], [36.3104, -6.1688], [36.3146, -6.1729], [36.3146, -6.1771], [36.3187, -6.1813], [36.3187, -6.1854], [36.3271, -6.1938], [36.3229, -6.1979]]}}, {"type": "Feature", "properties": {"order": 6, "discharge": 56.09}, "geometry": {"type": "LineString", "coordinates": [[32.3187, -6.2021], [32.3146, -6.1979], [32.3229, -6.1896], [32.3229, -6.1813], [32.3062, -6.1646], [32.2896, -6.1646], [32.2854, -6.1604], [32.2812, -6.1646], [32.2771, -6.1646], [32.2729, -6.1604]]}}, {"type": "Feature", "properties": {"order": 6, "discharge": 60.75}, "geometry": {"type": "LineString", "coordinates": [[38.7687, -6.2063], [38.7729, -6.2063], [38.7771, -6.2021], [38.7812, -6.2021], [38.7896, -6.1938], [38.7979, -6.1938], [38.8021, -6.1896], [38.8146, -6.1896], [38.8187, -6.1854]]}}, {"type": "Feature", "properties": {"order": 6, "discharge": 54.4}, "geometry": {"type": "LineString", "coordinates": [[32.3271, -6.2104], [32.3187, -6.2021]]}}, {"type": "Feature", "properties": {"order": 5, "discharge": 25.43}, "geometry": {"type": "LineString", "coordinates": [[32.3646, -6.1979], [32.3604, -6.2021], [32.3562, -6.2021], [32.3521, -6.2063], [32.3354, -6.2063], [32.3312, -6.2104], [32.3271, -6.2104]]}}, {"type": "Feature", "properties": {"order": 6, "discharge": 16.7}, "geometry": {"type": "LineString", "coordinates": [[36.3229, -6.1979], [36.3229, -6.2021], [36.3312, -6.2104]]}}, {"type": "Feature", "properties": {"order": 6, "discharge": 20.1}, "geometry": {"type": "LineString", "coordinates": [[36.3312, -6.2104], [36.3312, -6.2146]]}}, {"type": "Feature", "properties": {"order": 6, "discharge": 66.67}, "geometry": {"type": "LineString", "coordinates": [[38.0521, -6.2188], [38.0771, -6.2188]]}}, {"type": "Feature", "properties": {"order": 6, "discharge": 63.74}, "geometry": {"type": "LineString", "coordinates": [[38.7312, -6.2229], [38.7396, -6.2229]]}}, {"type": "Feature", "properties": {"order": 6, "discharge": 63.15}, "geometry": {"type": "LineString", "coordinates": [[38.7396, -6.2229], [38.7562, -6.2229]]}}, {"type": "Feature", "properties": {"order": 6, "discharge": 62.5}, "geometry": {"type": "LineString", "coordinates": [[38.7562, -6.2229], [38.7562, -6.2188], [38.7687, -6.2063]]}}, {"type": "Feature", "properties": {"order": 6, "discharge": 312.4}, "geometry": {"type": "LineString", "coordinates": [[29.5646, -6.2271], [29.5646, -6.2229], [29.5604, -6.2188], [29.5604, -6.2104], [29.5562, -6.2063], [29.5562, -6.2021], [29.5521, -6.1979], [29.5521, -6.1938], [29.5479, -6.1896], [29.5479, -6.1854], [29.5437, -6.1813], [29.5437, -6.1771], [29.5396, -6.1729], [29.5396, -6.1646]]}}, {"type": "Feature", "properties": {"order": 6, "discharge": 63.65}, "geometry": {"type": "LineString", "coordinates": [[37.7271, -6.2313], [37.7271, -6.2271]]}}, {"type": "Feature", "properties": {"order": 6, "discharge": 67.04}, "geometry": {"type": "LineString", "coordinates": [[37.9979, -6.2313], [38.0062, -6.2313], [38.0104, -6.2271], [38.0187, -6.2271], [38.0229, -6.2229], [38.0312, -6.2229], [38.0354, -6.2188], [38.0354, -6.2146], [38.0396, -6.2104], [38.0437, -6.2146], [38.0479, -6.2146], [38.0521, -6.2188]]}}, {"type": "Feature", "properties": {"order": 6, "discharge": 71.79}, "geometry": {"type": "LineString", "coordinates": [[38.0771, -6.2188], [38.0812, -6.2229], [38.0937, -6.2229], [38.0979, -6.2271], [38.1021, -6.2271], [38.1062, -6.2313], [38.1062, -6.2354]]}}, {"type": "Feature", "properties": {"order": 6, "discharge": 67.72}, "geometry": {"type": "LineString", "coordinates": [[37.9979, -6.2396], [37.9937, -6.2354], [37.9979, -6.2313]]}}, {"type": "Feature", "properties": {"order": 6, "discharge": 71.17}, "geometry": {"type": "LineString", "coordinates": [[38.1062, -6.2354], [38.1104, -6.2396], [38.1146, -6.2396], [38.1187, -6.2354], [38.1229, -6.2396], [38.1271, -6.2354], [38.1437, -6.2354]]}}, {"type": "Feature", "properties": {"order": 6, "discharge": 71.75}, "geometry": {"type": "LineString", "coordinates": [[38.4062, -6.2396], [38.4104, -6.2396]]}}, {"type": "Feature", "properties": {"order": 6, "discharge": 70.67}, "geometry": {"type": "LineString", "coordinates": [[38.4729, -6.2396], [38.4854, -6.2396]]}}, {"type": "Feature", "properties": {"order": 6, "discharge": 63.69}, "geometry": {"type": "LineString", "coordinates": [[38.7104, -6.2396], [38.7187, -6.2313], [38.7229, -6.2313], [38.7312, -6.2229]]}}, {"type": "Feature", "properties": {"order": 6, "discharge": 68.84}, "geometry": {"type": "LineString", "coordinates": [[37.7271, -6.2271], [37.7312, -6.2229], [37.7396, -6.2229], [37.7437, -6.2188], [37.7479, -6.2188], [37.7521, -6.2146], [37.7646, -6.2271], [37.7687, -6.2271], [37.7729, -6.2313], [37.7771, -6.2313], [37.7812, -6.2354], [37.7854, -6.2354], [37.7937, -6.2438], [37.8062, -6.2438]]}}, {"type": "Feature", "properties": {"order": 6, "discharge": 73.0}, "geometry": {"type": "LineString", "coordinates": [[38.1437, -6.2354], [38.1479, -6.2396], [38.1562, -6.2396], [38.1604, -6.2438]]}}, {"type": "Feature", "properties": {"order": 6, "discharge": 72.16}, "geometry": {"type": "LineString", "coordinates": [[38.3646, -6.2438], [38.3687, -6.2396], [38.3729, -6.2396]]}}, {"type": "Feature", "properties": {"order": 6, "discharge": 71.75}, "geometry": {"type": "LineString", "coordinates": [[38.3729, -6.2396], [38.3771, -6.2396], [38.3812, -6.2438], [38.4021, -6.2438]]}}, {"type": "Feature", "properties": {"order": 6, "discharge": 71.76}, "geometry": {"type": "LineString", "coordinates": [[38.4021, -6.2438], [38.4062, -6.2396]]}}, {"type": "Feature", "properties": {"order": 6, "discharge": 69.39}, "geometry": {"type": "LineString", "coordinates": [[37.8062, -6.2438], [37.8104, -6.2438], [37.8146, -6.2479], [37.8229, -6.2479]]}}, {"type": "Feature", "properties": {"order": 6, "discharge": 73.12}, "geometry": {"type": "LineString", "coordinates": [[38.1604, -6.2438], [38.1729, -6.2438], [38.1771, -6.2479]]}}, {"type": "Feature", "properties": {"order": 6, "discharge": 72.49}, "geometry": {"type": "LineString", "coordinates": [[38.3396, -6.2479], [38.3479, -6.2479]]}}, {"type": "Feature", "properties": {"order": 6, "discharge": 72.25}, "geometry": {"type": "LineString", "coordinates": [[38.3479, -6.2479], [38.3521, -6.2438], [38.3646, -6.2438]]}}, {"type": "Feature", "properties": {"order": 6, "discharge": 71.61}, "geometry": {"type": "LineString", "coordinates": [[38.4104, -6.2396], [38.4187, -6.2479], [38.4271, -6.2479]]}}, {"type": "Feature", "properties": {"order": 6, "discharge": 70.86}, "geometry": {"type": "LineString", "coordinates": [[38.4271, -6.2479], [38.4396, -6.2479], [38.4437, -6.2438], [38.4687, -6.2438], [38.4729, -6.2396]]}}, {"type": "Feature", "properties": {"order": 5, "discharge": 28.99}, "geometry": {"type": "LineString", "coordinates": [[32.3854, -6.2521], [32.3812, -6.2479], [32.3771, -6.2479], [32.3604, -6.2313], [32.3521, -6.2313], [32.3479, -6.2271], [32.3437, -6.2271], [32.3271, -6.2104]]}}, {"type": "Feature", "properties": {"order": 6, "discharge": 68.83}, "geometry": {"type": "LineString", "coordinates": [[37.8229, -6.2479], [37.8271, -6.2521], [37.8396, -6.2521], [37.8437, -6.2479], [37.8521, -6.2479], [37.8562, -6.2438], [37.8604, -6.2479], [37.8646, -6.2479], [37.8687, -6.2521]]}}, {"type": "Feature", "properties": {"order": 6, "discharge": 73.0}, "geometry": {"type": "LineString", "coordinates": [[38.1771, -6.2479], [38.1771, -6.2521], [38.1812, -6.2521]]}}, {"type": "Feature", "properties": {"order": 6, "discharge": 71.72}, "geometry": {"type": "LineString", "coordinates": [[38.2812, -6.2479], [38.2854, -6.2479], [38.2896, -6.2521], [38.3021, -6.2521]]}}, {"type": "Feature", "properties": {"order": 6, "discharge": 71.28}, "geometry": {"type": "LineString", "coordinates": [[38.3021, -6.2521], [38.3062, -6.2521], [38.3104, -6.2479], [38.3396, -6.2479]]}}, {"type": "Feature", "properties": {"order": 6, "discharge": 71.57}, "geometry": {"type": "LineString", "coordinates": [[38.4854, -6.2396], [38.4979, -6.2521], [38.5021, -6.2521]]}}, {"type": "Feature", "properties": {"order": 6, "discharge": 71.08}, "geometry": {"type": "LineString", "coordinates": [[38.5021, -6.2521], [38.5229, -6.2521]]}}, {"type": "Feature", "properties": {"order": 6, "discharge": 70.44}, "geometry": {"type": "LineString", "coordinates": [[38.5229, -6.2521], [38.5271, -6.2521], [38.5312, -6.2479], [38.5437, -6.2479], [38.5479, -6.2521]]}}, {"type": "Feature", "properties": {"order": 6, "discharge": 69.14}, "geometry": {"type": "LineString", "coordinates": [[38.5479, -6.2521], [38.5521, -6.2479], [38.5604, -6.2479], [38.5646, -6.2521], [38.5812, -6.2521]]}}, {"type": "Feature", "properties": {"order": 5, "discharge": 28.85}, "geometry": {"type": "LineString", "coordinates": [[32.4021, -6.2604], [32.3979, -6.2563], [32.3937, -6.2563], [32.3896, -6.2521], [32.3854, -6.2521]]}}, {"type": "Feature", "properties": {"order": 6, "discharge": 72.84}, "geometry": {"type": "LineString", "coordinates": [[38.1812, -6.2521], [38.1896, -6.2604], [38.1937, -6.2604]]}}, {"type": "Feature", "properties": {"order": 6, "discharge": 72.03}, "geometry": {"type": "LineString", "coordinates": [[38.2437, -6.2604], [38.2521, -6.2604], [38.2562, -6.2563], [38.2604, -6.2604], [38.2646, -6.2604], [38.2687, -6.2563], [38.2729, -6.2563], [38.2812, -6.2479]]}}, {"type": "Feature", "properties": {"order": 6, "discharge": 68.57}, "geometry": {"type": "LineString", "coordinates": [[38.5812, -6.2521], [38.5937, -6.2521], [38.6021, -6.2604]]}}, {"type": "Feature", "properties": {"order": 6, "discharge": 68.9}, "geometry": {"type": "LineString", "coordinates": [[37.8687, -6.2521], [37.8812, -6.2646]]}}, {"type": "Feature", "properties": {"order": 6, "discharge": 312.2}, "geometry": {"type": "LineString", "coordinates": [[29.5854, -6.2688], [29.5854, -6.2646], [29.5812, -6.2604], [29.5812, -6.2563], [29.5771, -6.2521], [29.5771, -6.2479], [29.5729, -6.2438], [29.5729, -6.2396], [29.5687, -6.2354], [29.5687, -6.2313], [29.5646, -6.2271]]}}, {"type": "Feature", "properties": {"order": 6, "discharge": 68.22}, "geometry": {"type": "LineString", "coordinates": [[37.8812, -6.2646], [37.9021, -6.2646], [37.9062, -6.2604], [37.9104, -6.2646], [37.9271, -6.2646], [37.9312, -6.2688]]}}, {"type": "Feature", "properties": {"order": 6, "discharge": 68.5}, "geometry": {"type": "LineString", "coordinates": [[37.9312, -6.2688], [37.9562, -6.2688]]}}, {"type": "Feature", "properties": {"order": 6, "discharge": 68.28}, "geometry": {"type": "LineString", "coordinates": [[37.9562, -6.2688], [37.9729, -6.2688]]}}, {"type": "Feature", "properties": {"order": 6, "discharge": 67.81}, "geometry": {"type": "LineString", "coordinates": [[37.9729, -6.2688], [37.9771, -6.2646], [37.9729, -6.2604], [37.9896, -6.2438], [37.9937, -6.2438], [37.9979, -6.2396]]}}, {"type": "Feature", "properties": {"order": 6, "discharge": 68.26}, "geometry": {"type": "LineString", "coordinates": [[38.6021, -6.2604], [38.6104, -6.2688]]}}, {"type": "Feature", "properties": {"order": 6, "discharge": 72.44}, "geometry": {"type": "LineString", "coordinates": [[38.1937, -6.2604], [38.2062, -6.2604], [38.2187, -6.2729]]}}, {"type": "Feature", "properties": {"order": 6, "discharge": 72.55}, "geometry": {"type": "LineString", "coordinates": [[38.2187, -6.2729], [38.2229, -6.2771], [38.2271, -6.2729], [38.2271, -6.2688], [38.2354, -6.2604], [38.2437, -6.2604]]}}, {"type": "Feature", "properties": {"order": 6, "discharge": 67.64}, "geometry": {"type": "LineString", "coordinates": [[38.6104, -6.2688], [38.6187, -6.2688], [38.6271, -6.2771], [38.6312, -6.2771]]}}, {"type": "Feature", "properties": {"order": 6, "discharge": 67.7}, "geometry": {"type": "LineString", "coordinates": [[38.6312, -6.2771], [38.6354, -6.2771]]}}, {"type": "Feature", "properties": {"order": 6, "discharge": 67.58}, "geometry": {"type": "LineString", "coordinates": [[38.6354, -6.2771], [38.6396, -6.2771]]}}, {"type": "Feature", "properties": {"order": 6, "discharge": 64.37}, "geometry": {"type": "LineString", "coordinates": [[38.6396, -6.2771], [38.6437, -6.2771], [38.6479, -6.2729], [38.6479, -6.2688], [38.6562, -6.2604], [38.6604, -6.2604], [38.6646, -6.2563], [38.6687, -6.2563], [38.6771, -6.2479], [38.6896, -6.2479], [38.6937, -6.2438], [38.7021, -6.2438], [38.7062, -6.2396], [38.7104, -6.2396]]}}, {"type": "Feature", "properties": {"order": 6, "discharge": 20.01}, "geometry": {"type": "LineString", "coordinates": [[36.3312, -6.2146], [36.3271, -6.2188], [36.3271, -6.2271], [36.3229, -6.2313], [36.3229, -6.2438], [36.3187, -6.2479], [36.3146, -6.2479], [36.3104, -6.2521], [36.3104, -6.2813], [36.3062, -6.2854]]}}, {"type": "Feature", "properties": {"order": 6, "discharge": 63.65}, "geometry": {"type": "LineString", "coordinates": [[37.6937, -6.2854], [37.7021, -6.2771], [37.7021, -6.2646], [37.7146, -6.2521], [37.7187, -6.2521], [37.7229, -6.2479], [37.7229, -6.2438], [37.7271, -6.2396], [37.7271, -6.2313]]}}, {"type": "Feature", "properties": {"order": 6, "discharge": 63.04}, "geometry": {"type": "LineString", "coordinates": [[37.6937, -6.2938], [37.6937, -6.2854]]}}, {"type": "Feature", "properties": {"order": 6, "discharge": 20.18}, "geometry": {"type": "LineString", "coordinates": [[36.3062, -6.2854], [36.3104, -6.2896], [36.3104, -6.2938], [36.3146, -6.2979], [36.3187, -6.2979], [36.3229, -6.3021], [36.3229, -6.3063]]}}, {"type": "Feature", "properties": {"order": 5, "discharge": 28.14}, "geometry": {"type": "LineString", "coordinates": [[32.4729, -6.3104], [32.4687, -6.3063], [32.4521, -6.3063], [32.4479, -6.3021], [32.4396, -6.3021], [32.4396, -6.2979], [32.4354, -6.2938], [32.4312, -6.2938], [32.4271, -6.2896], [32.4229, -6.2896], [32.4062, -6.2729], [32.4062, -6.2646], [32.4021, -6.2604]]}}, {"type": "Feature", "properties": {"order": 6, "discharge": 63.13}, "geometry": {"type": "LineString", "coordinates": [[37.6771, -6.3188], [37.6771, -6.3063], [37.6896, -6.2938], [37.6937, -6.2938]]}}, {"type": "Feature", "properties": {"order": 6, "discharge": 312.09}, "geometry": {"type": "LineString", "coordinates": [[29.6146, -6.3229], [29.6104, -6.3188], [29.6104, -6.3146], [29.6062, -6.3104], [29.6062, -6.3063], [29.5979, -6.2979], [29.5979, -6.2938], [29.5937, -6.2896], [29.5937, -6.2813], [29.5896, -6.2771], [29.5896, -6.2729], [29.5854, -6.2688]]}}, {"type": "Feature", "properties": {"order": 6, "discharge": 311.98}, "geometry": {"type": "LineString", "coordinates": [[29.6146, -6.3271], [29.6146, -6.3229]]}}, {"type": "Feature", "properties": {"order": 6, "discharge": 311.92}, "geometry": {"type": "LineString", "coordinates": [[29.6229, -6.3396], [29.6229, -6.3354], [29.6146, -6.3271]]}}, {"type": "Feature", "properties": {"order": 6, "discharge": 308.83}, "geometry": {"type": "LineString", "coordinates": [[29.6271, -6.3438], [29.6229, -6.3396]]}}, {"type": "Feature", "properties": {"order": 6, "discharge": 20.11}, "geometry": {"type": "LineString", "coordinates": [[36.3229, -6.3063], [36.3229, -6.3146], [36.3396, -6.3313], [36.3396, -6.3604]]}}, {"type": "Feature", "properties": {"order": 6, "discharge": 308.49}, "geometry": {"type": "LineString", "coordinates": [[29.6354, -6.3646], [29.6354, -6.3604], [29.6312, -6.3563], [29.6312, -6.3521], [29.6271, -6.3479], [29.6271, -6.3438]]}}, {"type": "Feature", "properties": {"order": 6, "discharge": 21.9}, "geometry": {"type": "LineString", "coordinates": [[36.3396, -6.3604], [36.3396, -6.3646]]}}, {"type": "Feature", "properties": {"order": 6, "discharge": 308.44}, "geometry": {"type": "LineString", "coordinates": [[29.6437, -6.3729], [29.6354, -6.3646]]}}, {"type": "Feature", "properties": {"order": 6, "discharge": 308.4}, "geometry": {"type": "LineString", "coordinates": [[29.6521, -6.3896], [29.6479, -6.3854], [29.6479, -6.3813], [29.6437, -6.3771], [29.6437, -6.3729]]}}, {"type": "Feature", "properties": {"order": 6, "discharge": 63.5}, "geometry": {"type": "LineString", "coordinates": [[37.6229, -6.3896], [37.6271, -6.3854], [37.6312, -6.3896], [37.6396, -6.3896], [37.6437, -6.3854], [37.6437, -6.3813], [37.6562, -6.3688], [37.6562, -6.3396], [37.6646, -6.3313], [37.6687, -6.3313], [37.6729, -6.3271], [37.6729, -6.3229], [37.6771, -6.3188]]}}, {"type": "Feature", "properties": {"order": 6, "discharge": 64.66}, "geometry": {"type": "LineString", "coordinates": [[37.6104, -6.3938], [37.6187, -6.3938], [37.6229, -6.3896]]}}, {"type": "Feature", "properties": {"order": 5, "discharge": 3.12}, "geometry": {"type": "LineString", "coordinates": [[34.5062, -6.3813], [34.5104, -6.3854], [34.5146, -6.3854], [34.5187, -6.3896], [34.5312, -6.3896], [34.5354, -6.3938], [34.5396, -6.3938], [34.5437, -6.3979], [34.5562, -6.3979]]}}, {"type": "Feature", "properties": {"order": 5, "discharge": 3.13}, "geometry": {"type": "LineString", "coordinates": [[34.5562, -6.3979], [34.5687, -6.3979]]}}, {"type": "Feature", "properties": {"order": 6, "discharge": 64.8}, "geometry": {"type": "LineString", "coordinates": [[37.6062, -6.3979], [37.6104, -6.3938]]}}, {"type": "Feature", "properties": {"order": 6, "discharge": 308.13}, "geometry": {"type": "LineString", "coordinates": [[29.6562, -6.4021], [29.6562, -6.3979], [29.6521, -6.3938], [29.6521, -6.3896]]}}, {"type": "Feature", "properties": {"order": 6, "discharge": 64.15}, "geometry": {"type": "LineString", "coordinates": [[37.5854, -6.4021], [37.5937, -6.4021], [37.5979, -6.3979], [37.6062, -6.3979]]}}, {"type": "Feature", "properties": {"order": 6, "discharge": 307.97}, "geometry": {"type": "LineString", "coordinates": [[29.6604, -6.4063], [29.6562, -6.4021]]}}, {"type": "Feature", "properties": {"order": 6, "discharge": 22.01}, "geometry": {"type": "LineString", "coordinates": [[36.3396, -6.3646], [36.3437, -6.3688], [36.3437, -6.3729], [36.3562, -6.3854], [36.3646, -6.3854], [36.3729, -6.3938], [36.3729, -6.3979], [36.3771, -6.4021], [36.3771, -6.4063]]}}, {"type": "Feature", "properties": {"order": 5, "discharge": 67.13}, "geometry": {"type": "LineString", "coordinates": [[38.8396, -6.4104], [38.8479, -6.4021], [38.8479, -6.3979], [38.8562, -6.3896], [38.8562, -6.3854]]}}, {"type": "Feature", "properties": {"order": 6, "discharge": 22.07}, "geometry": {"type": "LineString", "coordinates": [[36.3771, -6.4063], [36.3854, -6.4146], [36.3896, -6.4146]]}}, {"type": "Feature", "properties": {"order": 6, "discharge": 307.88}, "geometry": {"type": "LineString", "coordinates": [[29.6687, -6.4188], [29.6646, -6.4146], [29.6646, -6.4104], [29.6604, -6.4063]]}}, {"type": "Feature", "properties": {"order": 6, "discharge": 64.38}, "geometry": {"type": "LineString", "coordinates": [[37.5521, -6.4188], [37.5604, -6.4104], [37.5646, -6.4104], [37.5687, -6.4063], [37.5729, -6.4063], [37.5771, -6.4021], [37.5812, -6.4063], [37.5854, -6.4021]]}}, {"type": "Feature", "properties": {"order": 6, "discharge": 307.43}, "geometry": {"type": "LineString", "coordinates": [[29.6687, -6.4229], [29.6687, -6.4188]]}}, {"type": "Feature", "properties": {"order": 6, "discharge": 307.4}, "geometry": {"type": "LineString", "coordinates": [[29.6729, -6.4271], [29.6687, -6.4229]]}}, {"type": "Feature", "properties": {"order": 5, "discharge": 68.0}, "geometry": {"type": "LineString", "coordinates": [[38.8354, -6.4271], [38.8354, -6.4146], [38.8396, -6.4104]]}}, {"type": "Feature", "properties": {"order": 5, "discharge": 3.13}, "geometry": {"type": "LineString", "coordinates": [[34.5687, -6.3979], [34.5729, -6.3979], [34.5771, -6.4021], [34.5812, -6.4021], [34.5896, -6.4104], [34.5896, -6.4354]]}}, {"type": "Feature", "properties": {"order": 6, "discharge": 306.85}, "geometry": {"type": "LineString", "coordinates": [[29.6771, -6.4396], [29.6771, -6.4354], [29.6729, -6.4313], [29.6729, -6.4271]]}}, {"type": "Feature", "properties": {"order": 6, "discharge": 64.8}, "geometry": {"type": "LineString", "coordinates": [[37.5354, -6.4396], [37.5479, -6.4271], [37.5479, -6.4229], [37.5521, -6.4188]]}}, {"type": "Feature", "properties": {"order": 5, "discharge": 68.5}, "geometry": {"type": "LineString", "coordinates": [[38.8437, -6.4396], [38.8396, -6.4354], [38.8396, -6.4313], [38.8354, -6.4271]]}}, {"type": "Feature", "properties": {"order": 5, "discharge": 3.14}, "geometry": {"type": "LineString", "coordinates": [[34.5896, -6.4354], [34.5937, -6.4396], [34.5979, -6.4396], [34.5979, -6.4438]]}}, {"type": "Feature", "properties": {"order": 5, "discharge": 3.51}, "geometry": {"type": "LineString", "coordinates": [[34.6812, -6.4438], [34.6896, -6.4438], [34.6937, -6.4396], [34.7062, -6.4396]]}}, {"type": "Feature", "properties": {"order": 6, "discharge": 22.03}, "geometry": {"type": "LineString", "coordinates": [[36.3896, -6.4146], [36.3937, -6.4188], [36.3937, -6.4229], [36.3979, -6.4271], [36.3979, -6.4313], [36.4104, -6.4438]]}}, {"type": "Feature", "properties": {"order": 6, "discharge": 65.0}, "geometry": {"type": "LineString", "coordinates": [[37.5312, -6.4438], [37.5354, -6.4396]]}}, {"type": "Feature", "properties": {"order": 5, "discharge": 3.51}, "geometry": {"type": "LineString", "coordinates": [[34.7062, -6.4396], [34.7104, -6.4396], [34.7146, -6.4438], [34.7271, -6.4438], [34.7312, -6.4479]]}}, {"type": "Feature", "properties": {"order": 5, "discharge": 3.53}, "geometry": {"type": "LineString", "coordinates": [[34.7312, -6.4479], [34.7396, -6.4479]]}}, {"type": "Feature", "properties": {"order": 5, "discharge": 3.47}, "geometry": {"type": "LineString", "coordinates": [[34.5979, -6.4438], [34.6021, -6.4479], [34.6062, -6.4479], [34.6104, -6.4521], [34.6104, -6.4563], [34.6146, -6.4604], [34.6271, -6.4604], [34.6312, -6.4646], [34.6396, -6.4646], [34.6437, -6.4604], [34.6479, -6.4604], [34.6521, -6.4563], [34.6562, -6.4604], [34.6604, -6.4604], [34.6646, -6.4563], [34.6646, -6.4521], [34.6687, -6.4521], [34.6729, -6.4479], [34.6771, -6.4479], [34.6812, -6.4438]]}}, {"type": "Feature", "properties": {"order": 6, "discharge": 22.16}, "geometry": {"type": "LineString", "coordinates": [[36.4104, -6.4438], [36.4146, -6.4479], [36.4187, -6.4479], [36.4271, -6.4563], [36.4354, -6.4563], [36.4437, -6.4646]]}}, {"type": "Feature", "properties": {"order": 6, "discharge": 64.89}, "geometry": {"type": "LineString", "coordinates": [[37.5104, -6.4646], [37.5146, -6.4604], [37.5187, -6.4604], [37.5312, -6.4479], [37.5312, -6.4438]]}}, {"type": "Feature", "properties": {"order": 6, "discharge": 22.17}, "geometry": {"type": "LineString", "coordinates": [[36.4437, -6.4646], [36.4479, -6.4688]]}}, {"type": "Feature", "properties": {"order": 6, "discharge": 65.2}, "geometry": {"type": "LineString", "coordinates": [[37.5021, -6.4729], [37.5104, -6.4646]]}}, {"type": "Feature", "properties": {"order": 5, "discharge": 68.61}, "geometry": {"type": "LineString", "coordinates": [[38.8229, -6.4813], [38.8229, -6.4771], [38.8271, -6.4729], [38.8312, -6.4729], [38.8312, -6.4688], [38.8354, -6.4646], [38.8354, -6.4604], [38.8437, -6.4521], [38.8437, -6.4396]]}}, {"type": "Feature", "properties": {"order": 5, "discharge": 9.87}, "geometry": {"type": "LineString", "coordinates": [[34.7396, -6.4479], [34.7479, -6.4563], [34.7521, -6.4563], [34.7604, -6.4646], [34.7604, -6.4688], [34.7562, -6.4729], [34.7562, -6.4854]]}}, {"type": "Feature", "properties": {"order": 6, "discharge": 60.79}, "geometry": {"type": "LineString", "coordinates": [[37.4896, -6.4854], [37.5021, -6.4729]]}}, {"type": "Feature", "properties": {"order": 5, "discharge": 9.87}, "geometry": {"type": "LineString", "coordinates": [[34.7562, -6.4854], [34.7604, -6.4896]]}}, {"type": "Feature", "properties": {"order": 6, "discharge": 22.41}, "geometry": {"type": "LineString", "coordinates": [[36.4479, -6.4688], [36.4604, -6.4813], [36.4646, -6.4813], [36.4687, -6.4854], [36.4896, -6.4854], [36.4937, -6.4896]]}}, {"type": "Feature", "properties": {"order": 6, "discharge": 22.36}, "geometry": {"type": "LineString", "coordinates": [[36.4937, -6.4896], [36.5104, -6.4896], [36.5146, -6.4938], [36.5187, -6.4938], [36.5229, -6.4979]]}}, {"type": "Feature", "properties": {"order": 6, "discharge": 60.86}, "geometry": {"type": "LineString", "coordinates": [[37.4729, -6.4979], [37.4812, -6.4896], [37.4854, -6.4896], [37.4896, -6.4854]]}}, {"type": "Feature", "properties": {"order": 6, "discharge": 60.98}, "geometry": {"type": "LineString", "coordinates": [[37.4687, -6.5021], [37.4729, -6.4979]]}}, {"type": "Feature", "properties": {"order": 5, "discharge": 70.3}, "geometry": {"type": "LineString", "coordinates": [[38.8229, -6.5063], [38.8229, -6.4813]]}}, {"type": "Feature", "properties": {"order": 5, "discharge": 69.78}, "geometry": {"type": "LineString", "coordinates": [[38.8229, -6.5104], [38.8229, -6.5063]]}}, {"type": "Feature", "properties": {"order": 6, "discharge": 22.35}, "geometry": {"type": "LineString", "coordinates": [[36.5229, -6.4979], [36.5229, -6.5021], [36.5437, -6.5229]]}}, {"type": "Feature", "properties": {"order": 6, "discharge": 23.31}, "geometry": {"type": "LineString", "coordinates": [[36.5437, -6.5229], [36.5479, -6.5188], [36.5521, -6.5188]]}}, {"type": "Feature", "properties": {"order": 6, "discharge": 306.81}, "geometry": {"type": "LineString", "coordinates": [[29.7396, -6.5271], [29.7271, -6.5146], [29.7271, -6.5104], [29.7146, -6.4979], [29.7146, -6.4938], [29.6979, -6.4771], [29.6979, -6.4729], [29.6937, -6.4688], [29.6937, -6.4646], [29.6896, -6.4604], [29.6896, -6.4563], [29.6812, -6.4479], [29.6812, -6.4438], [29.6771, -6.4396]]}}, {"type": "Feature", "properties": {"order": 5, "discharge": 9.86}, "geometry": {"type": "LineString", "coordinates": [[34.7604, -6.4896], [34.7604, -6.4938], [34.7562, -6.4979], [34.7562, -6.5021], [34.7771, -6.5229], [34.7771, -6.5271]]}}, {"type": "Feature", "properties": {"order": 5, "discharge": 9.88}, "geometry": {"type": "LineString", "coordinates": [[34.7771, -6.5271], [34.7812, -6.5271], [34.7854, -6.5229], [34.7896, -6.5271]]}}, {"type": "Feature", "properties": {"order": 6, "discharge": 60.26}, "geometry": {"type": "LineString", "coordinates": [[37.4437, -6.5313], [37.4479, -6.5271], [37.4479, -6.5229], [37.4687, -6.5021]]}}, {"type": "Feature", "properties": {"order": 5, "discharge": 10.06}, "geometry": {"type": "LineString", "coordinates": [[34.7896, -6.5271], [34.8104, -6.5271], [34.8146, -6.5313], [34.8187, -6.5313], [34.8229, -6.5354]]}}, {"type": "Feature", "properties": {"order": 6, "discharge": 58.11}, "geometry": {"type": "LineString", "coordinates": [[37.4396, -6.5354], [37.4437, -6.5313]]}}, {"type": "Feature", "properties": {"order": 5, "discharge": 10.14}, "geometry": {"type": "LineString", "coordinates": [[34.8229, -6.5354], [34.8271, -6.5396], [34.8437, -6.5396]]}}, {"type": "Feature", "properties": {"order": 5, "discharge": 10.15}, "geometry": {"type": "LineString", "coordinates": [[34.8437, -6.5396], [34.8521, -6.5396], [34.8562, -6.5438]]}}, {"type": "Feature", "properties": {"order": 6, "discharge": 23.58}, "geometry": {"type": "LineString", "coordinates": [[36.5521, -6.5188], [36.5604, -6.5271], [36.5604, -6.5313], [36.5646, -6.5354], [36.5687, -6.5354], [36.5729, -6.5396], [36.5812, -6.5396], [36.5854, -6.5438]]}}, {"type": "Feature", "properties": {"order": 6, "discharge": 23.6}, "geometry": {"type": "LineString", "coordinates": [[36.5854, -6.5438], [36.5896, -6.5396]]}}, {"type": "Feature", "properties": {"order": 5, "discharge": 69.6}, "geometry": {"type": "LineString", "coordinates": [[38.8104, -6.5438], [38.8187, -6.5354], [38.8187, -6.5271], [38.8229, -6.5229], [38.8229, -6.5104]]}}, {"type": "Feature", "properties": {"order": 5, "discharge": 70.1}, "geometry": {"type": "LineString", "coordinates": [[38.8104, -6.5479], [38.8104, -6.5438]]}}, {"type": "Feature", "properties": {"order": 5, "discharge": 10.15}, "geometry": {"type": "LineString", "coordinates": [[34.8562, -6.5438], [34.8562, -6.5563], [34.8604, -6.5604]]}}, {"type": "Feature", "properties": {"order": 5, "discharge": 10.16}, "geometry": {"type": "LineString", "coordinates": [[34.8604, -6.5604], [34.8687, -6.5604]]}}, {"type": "Feature", "properties": {"order": 5, "discharge": 69.11}, "geometry": {"type": "LineString", "coordinates": [[38.8062, -6.5604], [38.8062, -6.5521], [38.8104, -6.5479]]}}, {"type": "Feature", "properties": {"order": 6, "discharge": 26.18}, "geometry": {"type": "LineString", "coordinates": [[36.5896, -6.5396], [36.6062, -6.5396], [36.6312, -6.5646]]}}, {"type": "Feature", "properties": {"order": 5, "discharge": 10.16}, "geometry": {"type": "LineString", "coordinates": [[34.8687, -6.5604], [34.8771, -6.5688], [34.8812, -6.5688]]}}, {"type": "Feature", "properties": {"order": 6, "discharge": 274.87}, "geometry": {"type": "LineString", "coordinates": [[29.7729, -6.5729], [29.7687, -6.5688], [29.7687, -6.5646], [29.7562, -6.5521], [29.7562, -6.5479], [29.7437, -6.5354], [29.7437, -6.5313], [29.7396, -6.5271]]}}, {"type": "Feature", "properties": {"order": 6, "discharge": 26.22}, "geometry": {"type": "LineString", "coordinates": [[36.6312, -6.5646], [36.6354, -6.5688], [36.6396, -6.5688], [36.6437, -6.5729]]}}, {"type": "Feature", "properties": {"order": 5, "discharge": 68.16}, "geometry": {"type": "LineString", "coordinates": [[38.7771, -6.5854], [38.7854, -6.5771], [38.7979, -6.5771], [38.8021, -6.5729], [38.8021, -6.5646], [38.8062, -6.5604]]}}, {"type": "Feature", "properties": {"order": 5, "discharge": 10.19}, "geometry": {"type": "LineString", "coordinates": [[34.8812, -6.5688], [34.8812, -6.5729], [34.8896, -6.5813], [34.8896, -6.5896]]}}, {"type": "Feature", "properties": {"order": 6, "discharge": 26.54}, "geometry": {"type": "LineString", "coordinates": [[36.6437, -6.5729], [36.6479, -6.5771], [36.6562, -6.5771], [36.6604, -6.5813], [36.6604, -6.5854], [36.6646, -6.5896]]}}, {"type": "Feature", "properties": {"order": 6, "discharge": 26.6}, "geometry": {"type": "LineString", "coordinates": [[36.6646, -6.5896], [36.6646, -6.5979]]}}, {"type": "Feature", "properties": {"order": 6, "discharge": 55.12}, "geometry": {"type": "LineString", "coordinates": [[37.4562, -6.5979], [37.4604, -6.5938], [37.4604, -6.5854], [37.4646, -6.5813], [37.4646, -6.5771], [37.4562, -6.5688], [37.4562, -6.5646], [37.4479, -6.5563], [37.4521, -6.5521], [37.4437, -6.5438], [37.4437, -6.5396], [37.4396, -6.5354]]}}, {"type": "Feature", "properties": {"order": 5, "discharge": 10.2}, "geometry": {"type": "LineString", "coordinates": [[34.8896, -6.5896], [34.8979, -6.5979], [34.9062, -6.5979], [34.9104, -6.6021], [34.9271, -6.6021]]}}, {"type": "Feature", "properties": {"order": 6, "discharge": 54.74}, "geometry": {"type": "LineString", "coordinates": [[37.4521, -6.6021], [37.4562, -6.5979]]}}, {"type": "Feature", "properties": {"order": 6, "discharge": 273.75}, "geometry": {"type": "LineString", "coordinates": [[29.7979, -6.6063], [29.7979, -6.6021], [29.7812, -6.5854], [29.7812, -6.5813], [29.7729, -6.5729]]}}, {"type": "Feature", "properties": {"order": 5, "discharge": 10.25}, "geometry": {"type": "LineString", "coordinates": [[34.9271, -6.6021], [34.9396, -6.6021], [34.9437, -6.6063], [34.9479, -6.6063]]}}, {"type": "Feature", "properties": {"order": 5, "discharge": 1.59}, "geometry": {"type": "LineString", "coordinates": [[34.1604, -6.5813], [34.1604, -6.6021], [34.1562, -6.6063], [34.1562, -6.6104]]}}, {"type": "Feature", "properties": {"order": 5, "discharge": 10.25}, "geometry": {"type": "LineString", "coordinates": [[34.9479, -6.6063], [34.9687, -6.6063], [34.9729, -6.6104], [34.9771, -6.6104]]}}, {"type": "Feature", "properties": {"order": 6, "discharge": 273.45}, "geometry": {"type": "LineString", "coordinates": [[29.8062, -6.6146], [29.7979, -6.6063]]}}, {"type": "Feature", "properties": {"order": 5, "discharge": 67.69}, "geometry": {"type": "LineString", "coordinates": [[38.7604, -6.6146], [38.7729, -6.6021], [38.7729, -6.5979], [38.7771, -6.5938], [38.7771, -6.5854]]}}, {"type": "Feature", "properties": {"order": 5, "discharge": 1.62}, "geometry": {"type": "LineString", "coordinates": [[34.1562, -6.6104], [34.1562, -6.6146], [34.1604, -6.6188], [34.1646, -6.6188]]}}, {"type": "Feature", "properties": {"order": 5, "discharge": 11.41}, "geometry": {"type": "LineString", "coordinates": [[31.1271, -6.6271], [31.1396, -6.6271]]}}, {"type": "Feature", "properties": {"order": 5, "discharge": 10.31}, "geometry": {"type": "LineString", "coordinates": [[34.9771, -6.6104], [34.9812, -6.6104], [34.9937, -6.6229], [34.9937, -6.6271]]}}, {"type": "Feature", "properties": {"order": 5, "discharge": 65.57}, "geometry": {"type": "LineString", "coordinates": [[38.7521, -6.6396], [38.7521, -6.6313], [38.7604, -6.6229], [38.7604, -6.6146]]}}, {"type": "Feature", "properties": {"order": 6, "discharge": 266.83}, "geometry": {"type": "LineString", "coordinates": [[29.8271, -6.6438], [29.8229, -6.6396], [29.8229, -6.6354], [29.8104, -6.6229], [29.8104, -6.6188], [29.8062, -6.6146]]}}, {"type": "Feature", "properties": {"order": 6, "discharge": 26.74}, "geometry": {"type": "LineString", "coordinates": [[36.6646, -6.5979], [36.6687, -6.6021], [36.6687, -6.6063], [36.6854, -6.6229], [36.6937, -6.6229], [36.6979, -6.6271], [36.6979, -6.6313], [36.7021, -6.6354], [36.7062, -6.6354], [36.7146, -6.6438], [36.7146, -6.6479]]}}, {"type": "Feature", "properties": {"order": 5, "discharge": 65.9}, "geometry": {"type": "LineString", "coordinates": [[38.7437, -6.6479], [38.7521, -6.6396]]}}, {"type": "Feature", "properties": {"order": 5, "discharge": 1.64}, "geometry": {"type": "LineString", "coordinates": [[34.1646, -6.6188], [34.1687, -6.6229], [34.1687, -6.6313], [34.1729, -6.6354], [34.1729, -6.6438], [34.1771, -6.6479], [34.1771, -6.6521]]}}, {"type": "Feature", "properties": {"order": 6, "discharge": 28.25}, "geometry": {"type": "LineString", "coordinates": [[36.7146, -6.6479], [36.7187, -6.6521]]}}, {"type": "Feature", "properties": {"order": 6, "discharge": 54.61}, "geometry": {"type": "LineString", "coordinates": [[37.4354, -6.6521], [37.4354, -6.6354], [37.4396, -6.6313], [37.4396, -6.6229], [37.4437, -6.6188], [37.4437, -6.6146], [37.4521, -6.6063], [37.4521, -6.6021]]}}, {"type": "Feature", "properties": {"order": 5, "discharge": 10.29}, "geometry": {"type": "LineString", "coordinates": [[34.9937, -6.6271], [35.0021, -6.6354], [35.0021, -6.6396], [35.0104, -6.6479], [35.0146, -6.6479], [35.0229, -6.6563]]}}, {"type": "Feature", "properties": {"order": 5, "discharge": 10.99}, "geometry": {"type": "LineString", "coordinates": [[31.0687, -6.6563], [31.0729, -6.6604], [31.0771, -6.6563], [31.0812, -6.6563], [31.0896, -6.6479], [31.0937, -6.6479], [31.0979, -6.6438], [31.1021, -6.6438], [31.1062, -6.6396], [31.1104, -6.6396], [31.1187, -6.6313], [31.1229, -6.6313], [31.1271, -6.6271]]}}, {"type": "Feature", "properties": {"order": 5, "discharge": 1.68}, "geometry": {"type": "LineString", "coordinates": [[34.1771, -6.6521], [34.1771, -6.6604]]}}, {"type": "Feature", "properties": {"order": 5, "discharge": 10.3}, "geometry": {"type": "LineString", "coordinates": [[35.0229, -6.6563], [35.0271, -6.6604]]}}, {"type": "Feature", "properties": {"order": 6, "discharge": 54.45}, "geometry": {"type": "LineString", "coordinates": [[37.4271, -6.6604], [37.4354, -6.6521]]}}, {"type": "Feature", "properties": {"order": 5, "discharge": 63.67}, "geometry": {"type": "LineString", "coordinates": [[38.7354, -6.6604], [38.7354, -6.6563], [38.7437, -6.6479]]}}, {"type": "Feature", "properties": {"order": 6, "discharge": 28.33}, "geometry": {"type": "LineString", "coordinates": [[36.7187, -6.6521], [36.7229, -6.6563], [36.7312, -6.6563], [36.7354, -6.6604], [36.7437, -6.6604], [36.7479, -6.6646]]}}, {"type": "Feature", "properties": {"order": 5, "discharge": 8.33}, "geometry": {"type": "LineString", "coordinates": [[30.9646, -6.6146], [30.9646, -6.6188], [30.9729, -6.6271], [30.9729, -6.6688]]}}, {"type": "Feature", "properties": {"order": 6, "discharge": 54.41}, "geometry": {"type": "LineString", "coordinates": [[37.4312, -6.6688], [37.4312, -6.6646], [37.4271, -6.6604]]}}, {"type": "Feature", "properties": {"order": 5, "discharge": 10.3}, "geometry": {"type": "LineString", "coordinates": [[35.0271, -6.6604], [35.0312, -6.6604], [35.0437, -6.6729]]}}, {"type": "Feature", "properties": {"order": 6, "discharge": 29.7}, "geometry": {"type": "LineString", "coordinates": [[36.7479, -6.6646], [36.7562, -6.6729]]}}, {"type": "Feature", "properties": {"order": 6, "discharge": 54.26}, "geometry": {"type": "LineString", "coordinates": [[37.4229, -6.6771], [37.4312, -6.6688]]}}, {"type": "Feature", "properties": {"order": 5, "discharge": 1.79}, "geometry": {"type": "LineString", "coordinates": [[34.1771, -6.6604], [34.1729, -6.6646], [34.1729, -6.6688], [34.1687, -6.6729], [34.1687, -6.6813]]}}, {"type": "Feature", "properties": {"order": 5, "discharge": 63.78}, "geometry": {"type": "LineString", "coordinates": [[38.7229, -6.6813], [38.7229, -6.6771], [38.7354, -6.6646], [38.7354, -6.6604]]}}, {"type": "Feature", "properties": {"order": 5, "discharge": 9.08}, "geometry": {"type": "LineString", "coordinates": [[30.9729, -6.6688], [30.9812, -6.6771], [30.9854, -6.6771], [30.9937, -6.6854]]}}, {"type": "Feature", "properties": {"order": 5, "discharge": 10.39}, "geometry": {"type": "LineString", "coordinates": [[35.0437, -6.6729], [35.0562, -6.6854], [35.0604, -6.6854]]}}, {"type": "Feature", "properties": {"order": 6, "discharge": 29.8}, "geometry": {"type": "LineString", "coordinates": [[36.7562, -6.6729], [36.7562, -6.6771], [36.7604, -6.6813], [36.7646, -6.6813], [36.7687, -6.6854], [36.7729, -6.6854]]}}, {"type": "Feature", "properties": {"order": 5, "discharge": 63.53}, "geometry": {"type": "LineString", "coordinates": [[38.7187, -6.6854], [38.7229, -6.6813]]}}, {"type": "Feature", "properties": {"order": 5, "discharge": 13.59}, "geometry": {"type": "LineString", "coordinates": [[31.1396, -6.6271], [31.1479, -6.6354], [31.1437, -6.6396], [31.1437, -6.6479], [31.1396, -6.6521], [31.1396, -6.6563], [31.1437, -6.6604], [31.1437, -6.6646], [31.1396, -6.6688], [31.1354, -6.6688], [31.1312, -6.6729], [31.1354, -6.6771], [31.1354, -6.6896]]}}, {"type": "Feature", "properties": {"order": 5, "discharge": 9.21}, "geometry": {"type": "LineString", "coordinates": [[30.9937, -6.6854], [31.0021, -6.6938], [31.0146, -6.6938]]}}, {"type": "Feature", "properties": {"order": 5, "discharge": 9.46}, "geometry": {"type": "LineString", "coordinates": [[31.0146, -6.6938], [31.0187, -6.6938]]}}, {"type": "Feature", "properties": {"order": 5, "discharge": 13.69}, "geometry": {"type": "LineString", "coordinates": [[31.1354, -6.6896], [31.1354, -6.6938]]}}, {"type": "Feature", "properties": {"order": 5, "discharge": 10.37}, "geometry": {"type": "LineString", "coordinates": [[31.0187, -6.6938], [31.0229, -6.6979], [31.0354, -6.6854], [31.0396, -6.6854], [31.0437, -6.6813], [31.0437, -6.6771], [31.0604, -6.6604], [31.0646, -6.6604], [31.0687, -6.6563]]}}, {"type": "Feature", "properties": {"order": 6, "discharge": 53.89}, "geometry": {"type": "LineString", "coordinates": [[37.4104, -6.6979], [37.4146, -6.6938], [37.4146, -6.6896], [37.4187, -6.6854], [37.4187, -6.6813], [37.4229, -6.6771]]}}, {"type": "Feature", "properties": {"order": 6, "discharge": 266.54}, "geometry": {"type": "LineString", "coordinates": [[29.8854, -6.7021], [29.8271, -6.6438]]}}, {"type": "Feature", "properties": {"order": 6, "discharge": 30.06}, "geometry": {"type": "LineString", "coordinates": [[36.7729, -6.6854], [36.7812, -6.6938], [36.7854, -6.6938], [36.7896, -6.6979], [36.8021, -6.6979], [36.8062, -6.7021], [36.8146, -6.7021], [36.8187, -6.6979], [36.8229, -6.7021], [36.8271, -6.7021]]}}, {"type": "Feature", "properties": {"order": 5, "discharge": 63.55}, "geometry": {"type": "LineString", "coordinates": [[38.7062, -6.7021], [38.7062, -6.6979], [38.7187, -6.6854]]}}, {"type": "Feature", "properties": {"order": 6, "discharge": 30.1}, "geometry": {"type": "LineString", "coordinates": [[36.8271, -6.7021], [36.8312, -6.7063]]}}, {"type": "Feature", "properties": {"order": 5, "discharge": 1.86}, "geometry": {"type": "LineString", "coordinates": [[34.1687, -6.6813], [34.1687, -6.6854], [34.1729, -6.6896], [34.1729, -6.7021], [34.1812, -6.7104]]}}, {"type": "Feature", "properties": {"order": 5, "discharge": 10.38}, "geometry": {"type": "LineString", "coordinates": [[35.0604, -6.6854], [35.0604, -6.6896], [35.0687, -6.6979], [35.0687, -6.7021], [35.0646, -6.7063], [35.0646, -6.7104]]}}, {"type": "Feature", "properties": {"order": 5, "discharge": 63.2}, "geometry": {"type": "LineString", "coordinates": [[38.7021, -6.7104], [38.7062, -6.7063], [38.7062, -6.7021]]}}, {"type": "Feature", "properties": {"order": 5, "discharge": 13.85}, "geometry": {"type": "LineString", "coordinates": [[31.1354, -6.6938], [31.1354, -6.6979], [31.1396, -6.7021], [31.1396, -6.7063], [31.1437, -6.7104], [31.1437, -6.7146]]}}, {"type": "Feature", "properties": {"order": 5, "discharge": 1.91}, "geometry": {"type": "LineString", "coordinates": [[34.1812, -6.7104], [34.1854, -6.7146], [34.1937, -6.7146], [34.1979, -6.7188]]}}, {"type": "Feature", "properties": {"order": 6, "discharge": 30.2}, "geometry": {"type": "LineString", "coordinates": [[36.8312, -6.7063], [36.8396, -6.7146], [36.8396, -6.7188], [36.8437, -6.7229], [36.8437, -6.7271]]}}, {"type": "Feature", "properties": {"order": 5, "discharge": 63.27}, "geometry": {"type": "LineString", "coordinates": [[38.6854, -6.7271], [38.7021, -6.7104]]}}, {"type": "Feature", "properties": {"order": 6, "discharge": 264.08}, "geometry": {"type": "LineString", "coordinates": [[29.9146, -6.7313], [29.8854, -6.7021]]}}, {"type": "Feature", "properties": {"order": 6, "discharge": 53.73}, "geometry": {"type": "LineString", "coordinates": [[37.3937, -6.7313], [37.4062, -6.7188], [37.4062, -6.7104], [37.4146, -6.7021], [37.4104, -6.6979]]}}, {"type": "Feature", "properties": {"order": 5, "discharge": 14.16}, "geometry": {"type": "LineString", "coordinates": [[31.1437, -6.7146], [31.1437, -6.7229], [31.1562, -6.7354]]}}, {"type": "Feature", "properties": {"order": 5, "discharge": 2.05}, "geometry": {"type": "LineString", "coordinates": [[34.1979, -6.7188], [34.2062, -6.7188], [34.2146, -6.7271], [34.2146, -6.7354], [34.2187, -6.7396]]}}, {"type": "Feature", "properties": {"order": 5, "discharge": 10.38}, "geometry": {"type": "LineString", "coordinates": [[35.0646, -6.7104], [35.0646, -6.7146], [35.0854, -6.7354], [35.0854, -6.7396]]}}, {"type": "Feature", "properties": {"order": 6, "discharge": 30.38}, "geometry": {"type": "LineString", "coordinates": [[36.8437, -6.7271], [36.8479, -6.7313], [36.8479, -6.7354], [36.8521, -6.7396]]}}, {"type": "Feature", "properties": {"order": 6, "discharge": 263.42}, "geometry": {"type": "LineString", "coordinates": [[29.9271, -6.7438], [29.9146, -6.7313]]}}, {"type": "Feature", "properties": {"order": 6, "discharge": 30.44}, "geometry": {"type": "LineString", "coordinates": [[36.8521, -6.7396], [36.8562, -6.7396], [36.8604, -6.7438], [36.8729, -6.7438]]}}, {"type": "Feature", "properties": {"order": 6, "discharge": 30.49}, "geometry": {"type": "LineString", "coordinates": [[36.8729, -6.7438], [36.8771, -6.7396]]}}, {"type": "Feature", "properties": {"order": 6, "discharge": 30.57}, "geometry": {"type": "LineString", "coordinates": [[36.8771, -6.7396], [36.8937, -6.7396], [36.8979, -6.7438], [36.9062, -6.7438]]}}, {"type": "Feature", "properties": {"order": 5, "discharge": 63.51}, "geometry": {"type": "LineString", "coordinates": [[38.6771, -6.7438], [38.6812, -6.7396], [38.6812, -6.7354], [38.6854, -6.7313], [38.6854, -6.7271]]}}, {"type": "Feature", "properties": {"order": 5, "discharge": 10.37}, "geometry": {"type": "LineString", "coordinates": [[35.0854, -6.7396], [35.0937, -6.7479]]}}, {"type": "Feature", "properties": {"order": 6, "discharge": 30.89}, "geometry": {"type": "LineString", "coordinates": [[36.9062, -6.7438], [36.9104, -6.7396], [36.9187, -6.7479]]}}, {"type": "Feature", "properties": {"order": 6, "discharge": 53.56}, "geometry": {"type": "LineString", "coordinates": [[37.3771, -6.7521], [37.3896, -6.7396], [37.3896, -6.7354], [37.3937, -6.7313]]}}, {"type": "Feature", "properties": {"order": 5, "discharge": 14.74}, "geometry": {"type": "LineString", "coordinates": [[31.1562, -6.7354], [31.1604, -6.7396], [31.1604, -6.7563]]}}, {"type": "Feature", "properties": {"order": 6, "discharge": 52.78}, "geometry": {"type": "LineString", "coordinates": [[37.3687, -6.7563], [37.3729, -6.7521], [37.3771, -6.7521]]}}, {"type": "Feature", "properties": {"order": 5, "discharge": 63.69}, "geometry": {"type": "LineString", "coordinates": [[38.6771, -6.7646], [38.6771, -6.7438]]}}, {"type": "Feature", "properties": {"order": 5, "discharge": 15.03}, "geometry": {"type": "LineString", "coordinates": [[31.1604, -6.7563], [31.1604, -6.7646], [31.1646, -6.7688]]}}, {"type": "Feature", "properties": {"order": 5, "discharge": 2.27}, "geometry": {"type": "LineString", "coordinates": [[34.2187, -6.7396], [34.2146, -6.7438], [34.2146, -6.7688]]}}, {"type": "Feature", "properties": {"order": 5, "discharge": 64.0}, "geometry": {"type": "LineString", "coordinates": [[38.6687, -6.7729], [38.6771, -6.7646]]}}, {"type": "Feature", "properties": {"order": 5, "discharge": 10.34}, "geometry": {"type": "LineString", "coordinates": [[35.0937, -6.7479], [35.1104, -6.7646], [35.1146, -6.7646], [35.1187, -6.7688], [35.1229, -6.7646], [35.1354, -6.7771]]}}, {"type": "Feature", "properties": {"order": 6, "discharge": 52.75}, "geometry": {"type": "LineString", "coordinates": [[37.3604, -6.7771], [37.3646, -6.7729], [37.3646, -6.7688], [37.3687, -6.7646], [37.3687, -6.7563]]}}, {"type": "Feature", "properties": {"order": 5, "discharge": 61.11}, "geometry": {"type": "LineString", "coordinates": [[38.6646, -6.7771], [38.6687, -6.7729]]}}, {"type": "Feature", "properties": {"order": 6, "discharge": 263.24}, "geometry": {"type": "LineString", "coordinates": [[29.9646, -6.7813], [29.9271, -6.7438]]}}, {"type": "Feature", "properties": {"order": 5, "discharge": 2.29}, "geometry": {"type": "LineString", "coordinates": [[34.2146, -6.7688], [34.2146, -6.7813]]}}, {"type": "Feature", "properties": {"order": 5, "discharge": 16.75}, "geometry": {"type": "LineString", "coordinates": [[31.1646, -6.7688], [31.1646, -6.7854], [31.1604, -6.7896]]}}, {"type": "Feature", "properties": {"order": 6, "discharge": 30.99}, "geometry": {"type": "LineString", "coordinates": [[36.9187, -6.7479], [36.9187, -6.7521], [36.9271, -6.7604], [36.9312, -6.7604], [36.9437, -6.7729], [36.9437, -6.7771], [36.9479, -6.7813], [36.9479, -6.7896]]}}, {"type": "Feature", "properties": {"order": 6, "discharge": 52.42}, "geometry": {"type": "LineString", "coordinates": [[37.3521, -6.7938], [37.3562, -6.7896], [37.3562, -6.7854], [37.3604, -6.7813], [37.3604, -6.7771]]}}, {"type": "Feature", "properties": {"order": 5, "discharge": 17.31}, "geometry": {"type": "LineString", "coordinates": [[31.1604, -6.7896], [31.1604, -6.7938], [31.1562, -6.7979]]}}, {"type": "Feature", "properties": {"order": 6, "discharge": 246.64}, "geometry": {"type": "LineString", "coordinates": [[29.9854, -6.8021], [29.9646, -6.7813]]}}, {"type": "Feature", "properties": {"order": 5, "discharge": 19.09}, "geometry": {"type": "LineString", "coordinates": [[30.1396, -6.8021], [30.1354, -6.8021]]}}, {"type": "Feature", "properties": {"order": 5, "discharge": 19.05}, "geometry": {"type": "LineString", "coordinates": [[30.1646, -6.8021], [30.1396, -6.8021]]}}, {"type": "Feature", "properties": {"order": 5, "discharge": 18.32}, "geometry": {"type": "LineString", "coordinates": [[30.1687, -6.8021], [30.1646, -6.8021]]}}, {"type": "Feature", "properties": {"order": 5, "discharge": 18.19}, "geometry": {"type": "LineString", "coordinates": [[30.2021, -6.8021], [30.1687, -6.8021]]}}, {"type": "Feature", "properties": {"order": 5, "discharge": 17.62}, "geometry": {"type": "LineString", "coordinates": [[30.2854, -6.8021], [30.2021, -6.8021]]}}, {"type": "Feature", "properties": {"order": 5, "discharge": 17.49}, "geometry": {"type": "LineString", "coordinates": [[30.3146, -6.8021], [30.2854, -6.8021]]}}, {"type": "Feature", "properties": {"order": 6, "discharge": 32.4}, "geometry": {"type": "LineString", "coordinates": [[36.9479, -6.7896], [36.9479, -6.7938], [36.9521, -6.7979], [36.9562, -6.7979], [36.9604, -6.8021]]}}, {"type": "Feature", "properties": {"order": 6, "discharge": 52.06}, "geometry": {"type": "LineString", "coordinates": [[37.3479, -6.8021], [37.3521, -6.7979], [37.3521, -6.7938]]}}, {"type": "Feature", "properties": {"order": 6, "discharge": 246.38}, "geometry": {"type": "LineString", "coordinates": [[29.9896, -6.8063], [29.9854, -6.8021]]}}, {"type": "Feature", "properties": {"order": 5, "discharge": 19.3}, "geometry": {"type": "LineString", "coordinates": [[30.1354, -6.8021], [29.9937, -6.8021], [29.9896, -6.8063]]}}, {"type": "Feature", "properties": {"order": 5, "discharge": 2.31}, "geometry": {"type": "LineString", "coordinates": [[34.2146, -6.7813], [34.2146, -6.8021], [34.2104, -6.8063]]}}, {"type": "Feature", "properties": {"order": 5, "discharge": 17.66}, "geometry": {"type": "LineString", "coordinates": [[31.1562, -6.7979], [31.1562, -6.8063], [31.1521, -6.8104], [31.1521, -6.8188]]}}, {"type": "Feature", "properties": {"order": 5, "discharge": 59.47}, "geometry": {"type": "LineString", "coordinates": [[38.6312, -6.8188], [38.6312, -6.8104], [38.6646, -6.7771]]}}, {"type": "Feature", "properties": {"order": 5, "discharge": 10.28}, "geometry": {"type": "LineString", "coordinates": [[35.1354, -6.7771], [35.1396, -6.7813], [35.1396, -6.8063], [35.1354, -6.8104], [35.1354, -6.8188], [35.1312, -6.8229]]}}, {"type": "Feature", "properties": {"order": 5, "discharge": 17.81}, "geometry": {"type": "LineString", "coordinates": [[31.1521, -6.8188], [31.1521, -6.8271]]}}, {"type": "Feature", "properties": {"order": 5, "discharge": 2.35}, "geometry": {"type": "LineString", "coordinates": [[34.2104, -6.8063], [34.2104, -6.8188], [34.2187, -6.8271], [34.2187, -6.8313]]}}, {"type": "Feature", "properties": {"order": 5, "discharge": 2.39}, "geometry": {"type": "LineString", "coordinates": [[34.2187, -6.8313], [34.2229, -6.8354], [34.2271, -6.8354]]}}, {"type": "Feature", "properties": {"order": 5, "discharge": 59.51}, "geometry": {"type": "LineString", "coordinates": [[38.6229, -6.8354], [38.6271, -6.8313], [38.6271, -6.8271], [38.6312, -6.8229], [38.6312, -6.8188]]}}, {"type": "Feature", "properties": {"order": 6, "discharge": 32.62}, "geometry": {"type": "LineString", "coordinates": [[36.9604, -6.8021], [36.9646, -6.8063], [36.9646, -6.8146], [36.9687, -6.8188], [36.9687, -6.8229], [36.9771, -6.8313], [36.9896, -6.8313], [36.9937, -6.8354], [36.9979, -6.8354], [37.0021, -6.8396], [37.0104, -6.8396], [37.0146, -6.8354], [37.0312, -6.8354], [37.0396, -6.8271], [37.0437, -6.8313], [37.0521, -6.8313], [37.0562, -6.8271], [37.0604, -6.8271], [37.0687, -6.8354]]}}, {"type": "Feature", "properties": {"order": 6, "discharge": 32.78}, "geometry": {"type": "LineString", "coordinates": [[37.0687, -6.8354], [37.0729, -6.8396], [37.0812, -6.8396], [37.0854, -6.8438], [37.0937, -6.8438]]}}, {"type": "Feature", "properties": {"order": 6, "discharge": 227.05}, "geometry": {"type": "LineString", "coordinates": [[30.0312, -6.8479], [29.9896, -6.8063]]}}, {"type": "Feature", "properties": {"order": 5, "discharge": 18.29}, "geometry": {"type": "LineString", "coordinates": [[31.1521, -6.8271], [31.1354, -6.8438], [31.1312, -6.8438], [31.1271, -6.8479]]}}, {"type": "Feature", "properties": {"order": 6, "discharge": 51.06}, "geometry": {"type": "LineString", "coordinates": [[37.3104, -6.8479], [37.3146, -6.8438], [37.3146, -6.8188], [37.3229, -6.8104], [37.3312, -6.8104], [37.3354, -6.8063], [37.3396, -6.8104], [37.3479, -6.8021]]}}, {"type": "Feature", "properties": {"order": 5, "discharge": 59.73}, "geometry": {"type": "LineString", "coordinates": [[38.6146, -6.8479], [38.6146, -6.8438], [38.6229, -6.8354]]}}, {"type": "Feature", "properties": {"order": 5, "discharge": 10.26}, "geometry": {"type": "LineString", "coordinates": [[35.1312, -6.8229], [35.1354, -6.8271], [35.1354, -6.8354], [35.1312, -6.8396], [35.1312, -6.8521]]}}, {"type": "Feature", "properties": {"order": 5, "discharge": 59.8}, "geometry": {"type": "LineString", "coordinates": [[38.5979, -6.8563], [38.6021, -6.8521], [38.6104, -6.8521], [38.6146, -6.8479]]}}, {"type": "Feature", "properties": {"order": 6, "discharge": 50.86}, "geometry": {"type": "LineString", "coordinates": [[37.3104, -6.8604], [37.3104, -6.8479]]}}, {"type": "Feature", "properties": {"order": 6, "discharge": 226.78}, "geometry": {"type": "LineString", "coordinates": [[30.0479, -6.8646], [30.0312, -6.8479]]}}, {"type": "Feature", "properties": {"order": 5, "discharge": 2.4}, "geometry": {"type": "LineString", "coordinates": [[34.2271, -6.8354], [34.2271, -6.8479], [34.2312, -6.8521], [34.2312, -6.8563], [34.2354, -6.8604], [34.2354, -6.8646]]}}, {"type": "Feature", "properties": {"order": 6, "discharge": 32.93}, "geometry": {"type": "LineString", "coordinates": [[37.0937, -6.8438], [37.0979, -6.8479], [37.1021, -6.8479], [37.1062, -6.8521], [37.1104, -6.8521], [37.1146, -6.8563], [37.1187, -6.8563], [37.1229, -6.8604], [37.1271, -6.8604], [37.1312, -6.8646]]}}, {"type": "Feature", "properties": {"order": 6, "discharge": 226.69}, "geometry": {"type": "LineString", "coordinates": [[30.0521, -6.8688], [30.0479, -6.8646]]}}, {"type": "Feature", "properties": {"order": 5, "discharge": 19.3}, "geometry": {"type": "LineString", "coordinates": [[31.1271, -6.8479], [31.1271, -6.8688]]}}, {"type": "Feature", "properties": {"order": 5, "discharge": 59.8}, "geometry": {"type": "LineString", "coordinates": [[38.5812, -6.8688], [38.5937, -6.8563], [38.5979, -6.8563]]}}, {"type": "Feature", "properties": {"order": 6, "discharge": 50.65}, "geometry": {"type": "LineString", "coordinates": [[37.2979, -6.8729], [37.3104, -6.8604]]}}, {"type": "Feature", "properties": {"order": 5, "discharge": 59.74}, "geometry": {"type": "LineString", "coordinates": [[38.5812, -6.8729], [38.5812, -6.8688]]}}, {"type": "Feature", "properties": {"order": 5, "discharge": 19.5}, "geometry": {"type": "LineString", "coordinates": [[31.1271, -6.8688], [31.1354, -6.8771]]}}, {"type": "Feature", "properties": {"order": 5, "discharge": 2.82}, "geometry": {"type": "LineString", "coordinates": [[34.2354, -6.8646], [34.2437, -6.8729], [34.2479, -6.8729], [34.2521, -6.8771]]}}, {"type": "Feature", "properties": {"order": 6, "discharge": 50.21}, "geometry": {"type": "LineString", "coordinates": [[37.2729, -6.8771], [37.2771, -6.8729], [37.2979, -6.8729]]}}, {"type": "Feature", "properties": {"order": 6, "discharge": 226.65}, "geometry": {"type": "LineString", "coordinates": [[30.0646, -6.8813], [30.0521, -6.8688]]}}, {"type": "Feature", "properties": {"order": 5, "discharge": 23.79}, "geometry": {"type": "LineString", "coordinates": [[31.1354, -6.8771], [31.1479, -6.8896]]}}, {"type": "Feature", "properties": {"order": 5, "discharge": 2.83}, "geometry": {"type": "LineString", "coordinates": [[34.2521, -6.8771], [34.2646, -6.8896], [34.2646, -6.8938]]}}, {"type": "Feature", "properties": {"order": 5, "discharge": 10.2}, "geometry": {"type": "LineString", "coordinates": [[35.1312, -6.8521], [35.1312, -6.8563], [35.1354, -6.8604], [35.1354, -6.8646], [35.1396, -6.8688], [35.1396, -6.8771], [35.1354, -6.8813], [35.1354, -6.8896], [35.1312, -6.8938]]}}, {"type": "Feature", "properties": {"order": 6, "discharge": 33.09}, "geometry": {"type": "LineString", "coordinates": [[37.1312, -6.8646], [37.1354, -6.8646], [37.1396, -6.8604], [37.1604, -6.8604], [37.1729, -6.8729], [37.1896, -6.8729], [37.2062, -6.8896], [37.2104, -6.8896], [37.2146, -6.8938]]}}, {"type": "Feature", "properties": {"order": 6, "discharge": 226.52}, "geometry": {"type": "LineString", "coordinates": [[30.0812, -6.9021], [30.0687, -6.8896], [30.0687, -6.8854], [30.0646, -6.8813]]}}, {"type": "Feature", "properties": {"order": 5, "discharge": 26.13}, "geometry": {"type": "LineString", "coordinates": [[31.1479, -6.8896], [31.1521, -6.8938], [31.1562, -6.8938], [31.1604, -6.8979], [31.1646, -6.8979], [31.1687, -6.9021], [31.1729, -6.9021]]}}, {"type": "Feature", "properties": {"order": 5, "discharge": 2.88}, "geometry": {"type": "LineString", "coordinates": [[34.2646, -6.8938], [34.2687, -6.8979], [34.2646, -6.9021]]}}, {"type": "Feature", "properties": {"order": 5, "discharge": 26.72}, "geometry": {"type": "LineString", "coordinates": [[31.1729, -6.9021], [31.2104, -6.9021], [31.2146, -6.9063], [31.2312, -6.9063]]}}, {"type": "Feature", "properties": {"order": 6, "discharge": 12.47}, "geometry": {"type": "LineString", "coordinates": [[34.9187, -6.8938], [34.9229, -6.8896], [34.9354, -6.8896], [34.9396, -6.8938], [34.9437, -6.8938], [34.9479, -6.8896], [34.9521, -6.8896], [34.9687, -6.9063], [34.9729, -6.9063], [34.9771, -6.9021], [35.0187, -6.9021], [35.0271, -6.9104], [35.0354, -6.9021]]}}, {"type": "Feature", "properties": {"order": 6, "discharge": 33.27}, "geometry": {"type": "LineString", "coordinates": [[37.2146, -6.8938], [37.2187, -6.8979], [37.2187, -6.9021], [37.2229, -6.9063], [37.2271, -6.9063], [37.2312, -6.9021], [37.2354, -6.9063], [37.2396, -6.9063], [37.2437, -6.9104], [37.2479, -6.9104]]}}, {"type": "Feature", "properties": {"order": 6, "discharge": 49.99}, "geometry": {"type": "LineString", "coordinates": [[37.2479, -6.9104], [37.2729, -6.8854], [37.2729, -6.8771]]}}, {"type": "Feature", "properties": {"order": 5, "discharge": 2.9}, "geometry": {"type": "LineString", "coordinates": [[34.2646, -6.9021], [34.2646, -6.9063], [34.2729, -6.9146]]}}, {"type": "Feature", "properties": {"order": 6, "discharge": 226.28}, "geometry": {"type": "LineString", "coordinates": [[30.0979, -6.9188], [30.0812, -6.9021]]}}, {"type": "Feature", "properties": {"order": 6, "discharge": 11.03}, "geometry": {"type": "LineString", "coordinates": [[34.8979, -6.9188], [34.9146, -6.9021], [34.9146, -6.8979], [34.9187, -6.8938]]}}, {"type": "Feature", "properties": {"order": 5, "discharge": 27.22}, "geometry": {"type": "LineString", "coordinates": [[31.2312, -6.9063], [31.2354, -6.9063], [31.2521, -6.9229]]}}, {"type": "Feature", "properties": {"order": 5, "discharge": 59.15}, "geometry": {"type": "LineString", "coordinates": [[38.5562, -6.9229], [38.5562, -6.9146], [38.5604, -6.9104], [38.5604, -6.9021], [38.5646, -6.8979], [38.5646, -6.8896], [38.5812, -6.8729]]}}, {"type": "Feature", "properties": {"order": 5, "discharge": 27.41}, "geometry": {"type": "LineString", "coordinates": [[31.2521, -6.9229], [31.2562, -6.9229], [31.2604, -6.9271]]}}, {"type": "Feature", "properties": {"order": 5, "discharge": 3.95}, "geometry": {"type": "LineString", "coordinates": [[34.2729, -6.9146], [34.2771, -6.9146], [34.2854, -6.9229], [34.2937, -6.9229], [34.2979, -6.9271], [34.2979, -6.9313], [34.3021, -6.9354], [34.3146, -6.9354]]}}, {"type": "Feature", "properties": {"order": 6, "discharge": 22.59}, "geometry": {"type": "LineString", "coordinates": [[35.3854, -6.9354], [35.3896, -6.9313]]}}, {"type": "Feature", "properties": {"order": 6, "discharge": 22.38}, "geometry": {"type": "LineString", "coordinates": [[35.3896, -6.9313], [35.4062, -6.9313], [35.4104, -6.9271], [35.4187, -6.9271], [35.4271, -6.9354], [35.4354, -6.9354], [35.4396, -6.9313]]}}, {"type": "Feature", "properties": {"order": 6, "discharge": 11.04}, "geometry": {"type": "LineString", "coordinates": [[34.8562, -6.9396], [34.8604, -6.9354], [34.8604, -6.9313], [34.8646, -6.9271], [34.8687, -6.9271], [34.8729, -6.9229], [34.8812, -6.9229], [34.8854, -6.9188], [34.8979, -6.9188]]}}, {"type": "Feature", "properties": {"order": 6, "discharge": 22.75}, "geometry": {"type": "LineString", "coordinates": [[35.3021, -6.9396], [35.3062, -6.9354], [35.3312, -6.9354]]}}, {"type": "Feature", "properties": {"order": 6, "discharge": 22.63}, "geometry": {"type": "LineString", "coordinates": [[35.3312, -6.9354], [35.3562, -6.9354], [35.3604, -6.9396]]}}, {"type": "Feature", "properties": {"order": 6, "discharge": 22.53}, "geometry": {"type": "LineString", "coordinates": [[35.3604, -6.9396], [35.3729, -6.9396], [35.3771, -6.9354], [35.3854, -6.9354]]}}, {"type": "Feature", "properties": {"order": 5, "discharge": 59.69}, "geometry": {"type": "LineString", "coordinates": [[38.5479, -6.9396], [38.5521, -6.9354], [38.5521, -6.9313], [38.5562, -6.9271], [38.5562, -6.9229]]}}, {"type": "Feature", "properties": {"order": 5, "discharge": 58.87}, "geometry": {"type": "LineString", "coordinates": [[32.8479, -6.9313], [32.8437, -6.9354], [32.8396, -6.9354], [32.8354, -6.9396], [32.8021, -6.9396], [32.7979, -6.9438]]}}, {"type": "Feature", "properties": {"order": 5, "discharge": 3.98}, "geometry": {"type": "LineString", "coordinates": [[34.3146, -6.9354], [34.3187, -6.9396], [34.3187, -6.9438]]}}, {"type": "Feature", "properties": {"order": 5, "discharge": 59.79}, "geometry": {"type": "LineString", "coordinates": [[38.5479, -6.9438], [38.5479, -6.9396]]}}, {"type": "Feature", "properties": {"order": 6, "discharge": 226.06}, "geometry": {"type": "LineString", "coordinates": [[30.1271, -6.9479], [30.0979, -6.9188]]}}, {"type": "Feature", "properties": {"order": 5, "discharge": 57.86}, "geometry": {"type": "LineString", "coordinates": [[32.8729, -6.9479], [32.8687, -6.9479], [32.8521, -6.9313], [32.8479, -6.9313]]}}, {"type": "Feature", "properties": {"order": 6, "discharge": 12.52}, "geometry": {"type": "LineString", "coordinates": [[35.0354, -6.9021], [35.0396, -6.9063], [35.0479, -6.9063], [35.0604, -6.9188], [35.0729, -6.9188], [35.0771, -6.9229], [35.0812, -6.9229], [35.0937, -6.9354], [35.1062, -6.9354], [35.1146, -6.9438], [35.1187, -6.9438], [35.1229, -6.9479]]}}, {"type": "Feature", "properties": {"order": 6, "discharge": 22.73}, "geometry": {"type": "LineString", "coordinates": [[35.4396, -6.9313], [35.4437, -6.9313], [35.4521, -6.9396], [35.4604, -6.9396], [35.4646, -6.9438], [35.4646, -6.9479], [35.4687, -6.9521], [35.4729, -6.9479], [35.4771, -6.9479]]}}, {"type": "Feature", "properties": {"order": 5, "discharge": 3.98}, "geometry": {"type": "LineString", "coordinates": [[34.3187, -6.9438], [34.3229, -6.9479], [34.3271, -6.9479], [34.3354, -6.9563], [34.3396, -6.9563], [34.3437, -6.9604]]}}, {"type": "Feature", "properties": {"order": 5, "discharge": 27.86}, "geometry": {"type": "LineString", "coordinates": [[31.2604, -6.9271], [31.2604, -6.9313], [31.2646, -6.9354], [31.2646, -6.9646]]}}, {"type": "Feature", "properties": {"order": 5, "discharge": 61.81}, "geometry": {"type": "LineString", "coordinates": [[32.7979, -6.9438], [32.7896, -6.9521], [32.7896, -6.9646]]}}, {"type": "Feature", "properties": {"order": 6, "discharge": 12.49}, "geometry": {"type": "LineString", "coordinates": [[35.1229, -6.9479], [35.1271, -6.9521], [35.1312, -6.9521], [35.1354, -6.9563], [35.1396, -6.9563], [35.1479, -6.9646], [35.1521, -6.9646]]}}, {"type": "Feature", "properties": {"order": 5, "discharge": 10.12}, "geometry": {"type": "LineString", "coordinates": [[35.1312, -6.8938], [35.1312, -6.8979], [35.1437, -6.9104], [35.1437, -6.9188], [35.1479, -6.9229], [35.1479, -6.9354], [35.1437, -6.9396], [35.1437, -6.9438], [35.1479, -6.9479], [35.1479, -6.9521], [35.1521, -6.9563], [35.1521, -6.9646]]}}, {"type": "Feature", "properties": {"order": 6, "discharge": 22.57}, "geometry": {"type": "LineString", "coordinates": [[35.4771, -6.9479], [35.4812, -6.9438], [35.4854, -6.9479], [35.4896, -6.9479], [35.4937, -6.9521], [35.4979, -6.9521], [35.5104, -6.9646]]}}, {"type": "Feature", "properties": {"order": 6, "discharge": 225.95}, "geometry": {"type": "LineString", "coordinates": [[30.1437, -6.9688], [30.1437, -6.9646], [30.1271, -6.9479]]}}, {"type": "Feature", "properties": {"order": 6, "discharge": 22.77}, "geometry": {"type": "LineString", "coordinates": [[35.2771, -6.9688], [35.2896, -6.9563], [35.2896, -6.9521], [35.3021, -6.9396]]}}, {"type": "Feature", "properties": {"order": 5, "discharge": 28.44}, "geometry": {"type": "LineString", "coordinates": [[31.2646, -6.9646], [31.2646, -6.9771], [31.2687, -6.9813]]}}, {"type": "Feature", "properties": {"order": 6, "discharge": 11.01}, "geometry": {"type": "LineString", "coordinates": [[34.7812, -6.9813], [34.7854, -6.9771], [34.7896, -6.9771], [34.7937, -6.9729], [34.7979, -6.9729], [34.8104, -6.9604], [34.8229, -6.9604], [34.8396, -6.9438], [34.8479, -6.9438], [34.8521, -6.9396], [34.8562, -6.9396]]}}, {"type": "Feature", "properties": {"order": 5, "discharge": 3.99}, "geometry": {"type": "LineString", "coordinates": [[34.3437, -6.9604], [34.3479, -6.9646], [34.3521, -6.9646], [34.3646, -6.9771], [34.3687, -6.9771], [34.3771, -6.9854], [34.3771, -6.9896]]}}, {"type": "Feature", "properties": {"order": 5, "discharge": 58.57}, "geometry": {"type": "LineString", "coordinates": [[38.5562, -6.9896], [38.5562, -6.9813], [38.5521, -6.9771], [38.5521, -6.9479], [38.5479, -6.9438]]}}, {"type": "Feature", "properties": {"order": 5, "discharge": 62.47}, "geometry": {"type": "LineString", "coordinates": [[32.7896, -6.9646], [32.7896, -6.9771], [32.7729, -6.9938]]}}, {"type": "Feature", "properties": {"order": 5, "discharge": 4.22}, "geometry": {"type": "LineString", "coordinates": [[34.3771, -6.9896], [34.3812, -6.9938], [34.3937, -6.9938]]}}, {"type": "Feature", "properties": {"order": 6, "discharge": 11.04}, "geometry": {"type": "LineString", "coordinates": [[34.7729, -6.9938], [34.7771, -6.9896], [34.7771, -6.9854], [34.7812, -6.9813]]}}, {"type": "Feature", "properties": {"order": 6, "discharge": 22.88}, "geometry": {"type": "LineString", "coordinates": [[35.2479, -6.9938], [35.2604, -6.9813], [35.2646, -6.9813], [35.2771, -6.9688]]}}, {"type": "Feature", "properties": {"order": 6, "discharge": 224.54}, "geometry": {"type": "LineString", "coordinates": [[30.1729, -6.9979], [30.1437, -6.9688]]}}, {"type": "Feature", "properties": {"order": 6, "discharge": 224.45}, "geometry": {"type": "LineString", "coordinates": [[30.1771, -7.0021], [30.1729, -6.9979]]}}, {"type": "Feature", "properties": {"order": 5, "discharge": 3.57}, "geometry": {"type": "LineString", "coordinates": [[35.9271, -6.9729], [35.9271, -6.9771], [35.9229, -6.9813], [35.9229, -6.9896], [35.9187, -6.9938], [35.9187, -7.0021]]}}, {"type": "Feature", "properties": {"order": 5, "discharge": 63.27}, "geometry": {"type": "LineString", "coordinates": [[32.7729, -6.9938], [32.7687, -6.9938], [32.7646, -6.9979], [32.7562, -6.9979], [32.7479, -7.0063]]}}, {"type": "Feature", "properties": {"order": 6, "discharge": 22.44}, "geometry": {"type": "LineString", "coordinates": [[35.1521, -6.9646], [35.1729, -6.9854], [35.1729, -6.9896], [35.1771, -6.9938], [35.1771, -7.0021], [35.1812, -7.0063]]}}, {"type": "Feature", "properties": {"order": 6, "discharge": 22.99}, "geometry": {"type": "LineString", "coordinates": [[35.2062, -7.0063], [35.2229, -6.9896], [35.2271, -6.9896], [35.2312, -6.9938], [35.2396, -6.9938], [35.2437, -6.9979], [35.2479, -6.9938]]}}, {"type": "Feature", "properties": {"order": 6, "discharge": 10.98}, "geometry": {"type": "LineString", "coordinates": [[34.7562, -7.0104], [34.7729, -6.9938]]}}, {"type": "Feature", "properties": {"order": 6, "discharge": 23.0}, "geometry": {"type": "LineString", "coordinates": [[35.1812, -7.0063], [35.1854, -7.0104], [35.1896, -7.0063], [35.2062, -7.0063]]}}, {"type": "Feature", "properties": {"order": 6, "discharge": 218.29}, "geometry": {"type": "LineString", "coordinates": [[30.1896, -7.0146], [30.1771, -7.0021]]}}, {"type": "Feature", "properties": {"order": 6, "discharge": 22.15}, "geometry": {"type": "LineString", "coordinates": [[35.5104, -6.9646], [35.5146, -6.9688], [35.5187, -6.9688], [35.5271, -6.9771], [35.5271, -6.9854], [35.5229, -6.9896], [35.5229, -6.9979], [35.5271, -7.0021], [35.5354, -7.0021], [35.5396, -7.0063], [35.5396, -7.0104], [35.5437, -7.0146], [35.5521, -7.0146]]}}, {"type": "Feature", "properties": {"order": 6, "discharge": 22.59}, "geometry": {"type": "LineString", "coordinates": [[35.5521, -7.0146], [35.5562, -7.0104], [35.5646, -7.0104], [35.5687, -7.0063]]}}, {"type": "Feature", "properties": {"order": 6, "discharge": 22.74}, "geometry": {"type": "LineString", "coordinates": [[35.5687, -7.0063], [35.5812, -7.0063], [35.5854, -7.0104], [35.5896, -7.0104], [35.5937, -7.0146]]}}, {"type": "Feature", "properties": {"order": 5, "discharge": 4.23}, "geometry": {"type": "LineString", "coordinates": [[34.3937, -6.9938], [34.4187, -7.0188]]}}, {"type": "Feature", "properties": {"order": 6, "discharge": 11.05}, "geometry": {"type": "LineString", "coordinates": [[34.7354, -7.0188], [34.7396, -7.0146], [34.7479, -7.0146], [34.7521, -7.0104], [34.7562, -7.0104]]}}, {"type": "Feature", "properties": {"order": 5, "discharge": 4.25}, "geometry": {"type": "LineString", "coordinates": [[34.4187, -7.0188], [34.4229, -7.0188], [34.4271, -7.0229], [34.4354, -7.0229], [34.4396, -7.0188], [34.4521, -7.0188]]}}, {"type": "Feature", "properties": {"order": 6, "discharge": 22.83}, "geometry": {"type": "LineString", "coordinates": [[35.5937, -7.0146], [35.6021, -7.0229], [35.6062, -7.0229]]}}, {"type": "Feature", "properties": {"order": 5, "discharge": 58.46}, "geometry": {"type": "LineString", "coordinates": [[38.5604, -7.0271], [38.5562, -7.0229], [38.5562, -7.0146], [38.5604, -7.0104], [38.5604, -6.9938], [38.5562, -6.9896]]}}, {"type": "Feature", "properties": {"order": 6, "discharge": 218.47}, "geometry": {"type": "LineString", "coordinates": [[30.2062, -7.0313], [30.1896, -7.0146]]}}, {"type": "Feature", "properties": {"order": 5, "discharge": 6.8}, "geometry": {"type": "LineString", "coordinates": [[34.5062, -7.0313], [34.5187, -7.0188], [34.5271, -7.0188], [34.5312, -7.0146], [34.5354, -7.0146], [34.5396, -7.0188], [34.5479, -7.0188], [34.5521, -7.0146], [34.5604, -7.0229], [34.5687, -7.0146], [34.5729, -7.0188], [34.5729, -7.0229], [34.5771, -7.0271], [34.5854, -7.0271], [34.5896, -7.0313], [34.5979, -7.0313]]}}, {"type": "Feature", "properties": {"order": 6, "discharge": 22.84}, "geometry": {"type": "LineString", "coordinates": [[35.6062, -7.0229], [35.6146, -7.0229], [35.6187, -7.0271], [35.6229, -7.0271], [35.6271, -7.0313]]}}, {"type": "Feature", "properties": {"order": 5, "discharge": 4.28}, "geometry": {"type": "LineString", "coordinates": [[34.4521, -7.0188], [34.4562, -7.0229], [34.4646, -7.0229], [34.4687, -7.0271], [34.4812, -7.0271], [34.4896, -7.0354]]}}, {"type": "Feature", "properties": {"order": 5, "discharge": 7.05}, "geometry": {"type": "LineString", "coordinates": [[34.4896, -7.0354], [34.4979, -7.0354]]}}, {"type": "Feature", "properties": {"order": 5, "discharge": 7.05}, "geometry": {"type": "LineString", "coordinates": [[34.4979, -7.0354], [34.5021, -7.0313], [34.5062, -7.0313]]}}, {"type": "Feature", "properties": {"order": 6, "discharge": 11.17}, "geometry": {"type": "LineString", "coordinates": [[34.7229, -7.0354], [34.7229, -7.0271], [34.7271, -7.0229], [34.7312, -7.0229], [34.7354, -7.0188]]}}, {"type": "Feature", "properties": {"order": 5, "discharge": 38.2}, "geometry": {"type": "LineString", "coordinates": [[31.2687, -6.9813], [31.2687, -6.9854], [31.2646, -6.9896], [31.2646, -6.9938], [31.2604, -6.9979], [31.2562, -6.9979], [31.2479, -7.0063], [31.2479, -7.0104], [31.2521, -7.0146], [31.2521, -7.0188], [31.2396, -7.0313], [31.2396, -7.0396]]}}, {"type": "Feature", "properties": {"order": 5, "discharge": 61.16}, "geometry": {"type": "LineString", "coordinates": [[38.5479, -7.0396], [38.5521, -7.0396]]}}, {"type": "Feature", "properties": {"order": 5, "discharge": 60.52}, "geometry": {"type": "LineString", "coordinates": [[38.5521, -7.0396], [38.5604, -7.0313], [38.5604, -7.0271]]}}, {"type": "Feature", "properties": {"order": 5, "discharge": 38.98}, "geometry": {"type": "LineString", "coordinates": [[31.2396, -7.0396], [31.2437, -7.0438]]}}, {"type": "Feature", "properties": {"order": 5, "discharge": 39.4}, "geometry": {"type": "LineString", "coordinates": [[31.2437, -7.0438], [31.2479, -7.0438], [31.2646, -7.0271], [31.2687, -7.0271], [31.2729, -7.0313], [31.2812, -7.0313], [31.2896, -7.0396], [31.2937, -7.0354], [31.2979, -7.0354]]}}, {"type": "Feature", "properties": {"order": 5, "discharge": 65.31}, "geometry": {"type": "LineString", "coordinates": [[32.7479, -7.0063], [32.7229, -7.0313], [32.7229, -7.0354], [32.7146, -7.0438]]}}, {"type": "Feature", "properties": {"order": 5, "discharge": 60.67}, "geometry": {"type": "LineString", "coordinates": [[38.5229, -7.0438], [38.5354, -7.0438], [38.5354, -7.0396], [38.5396, -7.0354], [38.5437, -7.0354], [38.5479, -7.0396]]}}, {"type": "Feature", "properties": {"order": 6, "discharge": 218.68}, "geometry": {"type": "LineString", "coordinates": [[30.2229, -7.0479], [30.2062, -7.0313]]}}, {"type": "Feature", "properties": {"order": 5, "discharge": 6.74}, "geometry": {"type": "LineString", "coordinates": [[34.5979, -7.0313], [34.6021, -7.0354], [34.6187, -7.0354], [34.6229, -7.0396], [34.6271, -7.0396], [34.6312, -7.0438], [34.6312, -7.0479]]}}, {"type": "Feature", "properties": {"order": 6, "discharge": 22.81}, "geometry": {"type": "LineString", "coordinates": [[35.6271, -7.0313], [35.6396, -7.0313], [35.6437, -7.0354], [35.6479, -7.0354], [35.6521, -7.0313], [35.6562, -7.0354], [35.6562, -7.0396], [35.6646, -7.0479]]}}, {"type": "Feature", "properties": {"order": 6, "discharge": 219.04}, "geometry": {"type": "LineString", "coordinates": [[30.2229, -7.0521], [30.2229, -7.0479]]}}, {"type": "Feature", "properties": {"order": 5, "discharge": 69.99}, "geometry": {"type": "LineString", "coordinates": [[32.7146, -7.0438], [32.7146, -7.0521], [32.7104, -7.0563]]}}, {"type": "Feature", "properties": {"order": 6, "discharge": 11.3}, "geometry": {"type": "LineString", "coordinates": [[34.6812, -7.0563], [34.6937, -7.0438], [34.7104, -7.0438], [34.7146, -7.0396], [34.7187, -7.0396], [34.7229, -7.0354]]}}, {"type": "Feature", "properties": {"order": 5, "discharge": 56.94}, "geometry": {"type": "LineString", "coordinates": [[38.5062, -7.0563], [38.5104, -7.0521], [38.5146, -7.0521], [38.5229, -7.0438]]}}, {"type": "Feature", "properties": {"order": 6, "discharge": 22.82}, "geometry": {"type": "LineString", "coordinates": [[35.6646, -7.0479], [35.6687, -7.0521], [35.6729, -7.0521], [35.6812, -7.0604], [35.6896, -7.0604]]}}, {"type": "Feature", "properties": {"order": 5, "discharge": 6.64}, "geometry": {"type": "LineString", "coordinates": [[34.6312, -7.0479], [34.6396, -7.0479], [34.6521, -7.0604], [34.6687, -7.0604], [34.6729, -7.0646]]}}, {"type": "Feature", "properties": {"order": 6, "discharge": 11.56}, "geometry": {"type": "LineString", "coordinates": [[34.6729, -7.0646], [34.6812, -7.0563]]}}, {"type": "Feature", "properties": {"order": 5, "discharge": 39.74}, "geometry": {"type": "LineString", "coordinates": [[31.2979, -7.0354], [31.3146, -7.0354], [31.3312, -7.0521], [31.3271, -7.0563], [31.3271, -7.0604], [31.3312, -7.0646], [31.3312, -7.0688]]}}, {"type": "Feature", "properties": {"order": 5, "discharge": 70.97}, "geometry": {"type": "LineString", "coordinates": [[32.7104, -7.0563], [32.6937, -7.0729], [32.6854, -7.0729]]}}, {"type": "Feature", "properties": {"order": 5, "discharge": 71.55}, "geometry": {"type": "LineString", "coordinates": [[32.6854, -7.0729], [32.6812, -7.0729], [32.6729, -7.0813]]}}, {"type": "Feature", "properties": {"order": 6, "discharge": 219.09}, "geometry": {"type": "LineString", "coordinates": [[30.2521, -7.0854], [30.2396, -7.0729], [30.2396, -7.0688], [30.2229, -7.0521]]}}, {"type": "Feature", "properties": {"order": 5, "discharge": 73.75}, "geometry": {"type": "LineString", "coordinates": [[31.3312, -7.0688], [31.3437, -7.0813], [31.3437, -7.0854]]}}, {"type": "Feature", "properties": {"order": 6, "discharge": 22.79}, "geometry": {"type": "LineString", "coordinates": [[35.6896, -7.0604], [35.6937, -7.0646], [35.6979, -7.0646], [35.7062, -7.0729], [35.7104, -7.0729], [35.7187, -7.0813], [35.7271, -7.0813], [35.7312, -7.0854], [35.7521, -7.0854], [35.7562, -7.0896]]}}, {"type": "Feature", "properties": {"order": 6, "discharge": 22.76}, "geometry": {"type": "LineString", "coordinates": [[35.7562, -7.0896], [35.8062, -7.0896]]}}, {"type": "Feature", "properties": {"order": 6, "discharge": 23.02}, "geometry": {"type": "LineString", "coordinates": [[35.8062, -7.0896], [35.8104, -7.0896]]}}, {"type": "Feature", "properties": {"order": 7, "discharge": 100.07}, "geometry": {"type": "LineString", "coordinates": [[35.8104, -7.0896], [35.8729, -7.0896]]}}, {"type": "Feature", "properties": {"order": 7, "discharge": 100.29}, "geometry": {"type": "LineString", "coordinates": [[35.8729, -7.0896], [35.8771, -7.0896]]}}, {"type": "Feature", "properties": {"order": 5, "discharge": 3.67}, "geometry": {"type": "LineString", "coordinates": [[35.9187, -7.0021], [35.9146, -7.0063], [35.9146, -7.0104], [35.9104, -7.0146], [35.9104, -7.0188], [35.9062, -7.0229], [35.9062, -7.0271], [35.9021, -7.0313], [35.9021, -7.0396], [35.8979, -7.0438], [35.8979, -7.0479], [35.8937, -7.0521], [35.8937, -7.0604], [35.8896, -7.0646], [35.8896, -7.0688], [35.8854, -7.0729], [35.8854, -7.0771], [35.8812, -7.0813], [35.8812, -7.0854], [35.8771, -7.0896]]}}, {"type": "Feature", "properties": {"order": 5, "discharge": 57.24}, "geometry": {"type": "LineString", "coordinates": [[38.4854, -7.0896], [38.4896, -7.0854], [38.4896, -7.0813], [38.4937, -7.0771], [38.4937, -7.0729], [38.4979, -7.0688], [38.4979, -7.0646], [38.5062, -7.0563]]}}, {"type": "Feature", "properties": {"order": 5, "discharge": 74.33}, "geometry": {"type": "LineString", "coordinates": [[31.4271, -7.0938], [31.4312, -7.0938], [31.4354, -7.0896], [31.4437, -7.0896], [31.4479, -7.0938], [31.4521, -7.0938]]}}, {"type": "Feature", "properties": {"order": 5, "discharge": 71.96}, "geometry": {"type": "LineString", "coordinates": [[32.6729, -7.0813], [32.6646, -7.0896], [32.6646, -7.0938], [32.6687, -7.0979]]}}, {"type": "Feature", "properties": {"order": 5, "discharge": 4.97}, "geometry": {"type": "LineString", "coordinates": [[34.6562, -7.0979], [34.6604, -7.0938], [34.6604, -7.0854], [34.6687, -7.0771], [34.6687, -7.0729], [34.6729, -7.0688], [34.6729, -7.0646]]}}, {"type": "Feature", "properties": {"order": 5, "discharge": 74.17}, "geometry": {"type": "LineString", "coordinates": [[31.3437, -7.0854], [31.3521, -7.0938], [31.3562, -7.0938], [31.3604, -7.0896], [31.3646, -7.0896], [31.3687, -7.0854], [31.3771, -7.0938], [31.3937, -7.0938], [31.4021, -7.1021], [31.4104, -7.1021], [31.4146, -7.0979], [31.4229, -7.0979], [31.4271, -7.0938]]}}, {"type": "Feature", "properties": {"order": 5, "discharge": 5.0}, "geometry": {"type": "LineString", "coordinates": [[34.6562, -7.1021], [34.6562, -7.0979]]}}, {"type": "Feature", "properties": {"order": 5, "discharge": 72.34}, "geometry": {"type": "LineString", "coordinates": [[32.6687, -7.0979], [32.6604, -7.1063], [32.6562, -7.1063]]}}, {"type": "Feature", "properties": {"order": 7, "discharge": 103.82}, "geometry": {"type": "LineString", "coordinates": [[35.8771, -7.0896], [35.8812, -7.0938], [35.8812, -7.0979], [35.8896, -7.1063]]}}, {"type": "Feature", "properties": {"order": 7, "discharge": 103.76}, "geometry": {"type": "LineString", "coordinates": [[35.8896, -7.1063], [35.9146, -7.1063]]}}, {"type": "Feature", "properties": {"order": 5, "discharge": 75.47}, "geometry": {"type": "LineString", "coordinates": [[31.4521, -7.0938], [31.4604, -7.0938], [31.4771, -7.1104]]}}, {"type": "Feature", "properties": {"order": 7, "discharge": 103.77}, "geometry": {"type": "LineString", "coordinates": [[35.9146, -7.1063], [35.9187, -7.1104]]}}, {"type": "Feature", "properties": {"order": 5, "discharge": 78.63}, "geometry": {"type": "LineString", "coordinates": [[32.5687, -7.1021], [32.5646, -7.1063], [32.5562, -7.1063], [32.5479, -7.1146]]}}, {"type": "Feature", "properties": {"order": 5, "discharge": 75.36}, "geometry": {"type": "LineString", "coordinates": [[32.6312, -7.1146], [32.6271, -7.1104], [32.6271, -7.1063], [32.6187, -7.0979], [32.6104, -7.0979], [32.6062, -7.1021], [32.6021, -7.0979], [32.5979, -7.1021], [32.5937, -7.1021], [32.5896, -7.1063], [32.5812, -7.1063], [32.5771, -7.1021], [32.5687, -7.1021]]}}, {"type": "Feature", "properties": {"order": 5, "discharge": 74.04}, "geometry": {"type": "LineString", "coordinates": [[32.6562, -7.1063], [32.6396, -7.1063], [32.6312, -7.1146]]}}, {"type": "Feature", "properties": {"order": 7, "discharge": 103.56}, "geometry": {"type": "LineString", "coordinates": [[35.9187, -7.1104], [35.9396, -7.1104], [35.9437, -7.1146]]}}, {"type": "Feature", "properties": {"order": 5, "discharge": 104.04}, "geometry": {"type": "LineString", "coordinates": [[32.5479, -7.1146], [32.5437, -7.1146], [32.5396, -7.1188], [32.5312, -7.1188], [32.5271, -7.1229]]}}, {"type": "Feature", "properties": {"order": 7, "discharge": 102.83}, "geometry": {"type": "LineString", "coordinates": [[36.0354, -7.1188], [36.0396, -7.1229], [36.0437, -7.1188], [36.0521, -7.1188], [36.0562, -7.1229]]}}, {"type": "Feature", "properties": {"order": 6, "discharge": 219.73}, "geometry": {"type": "LineString", "coordinates": [[30.2812, -7.1271], [30.2687, -7.1146], [30.2687, -7.1104], [30.2604, -7.1021], [30.2604, -7.0979], [30.2521, -7.0896], [30.2521, -7.0854]]}}, {"type": "Feature", "properties": {"order": 7, "discharge": 102.36}, "geometry": {"type": "LineString", "coordinates": [[36.0854, -7.1271], [36.0979, -7.1271]]}}, {"type": "Feature", "properties": {"order": 5, "discharge": 57.31}, "geometry": {"type": "LineString", "coordinates": [[38.4646, -7.1271], [38.4687, -7.1229], [38.4771, -7.1229], [38.4812, -7.1188], [38.4812, -7.1146], [38.4854, -7.1104], [38.4854, -7.0896]]}}, {"type": "Feature", "properties": {"order": 5, "discharge": 105.38}, "geometry": {"type": "LineString", "coordinates": [[32.5271, -7.1229], [32.5104, -7.1229], [32.5062, -7.1271], [32.5021, -7.1271], [32.4979, -7.1313]]}}, {"type": "Feature", "properties": {"order": 7, "discharge": 102.47}, "geometry": {"type": "LineString", "coordinates": [[36.0562, -7.1229], [36.0604, -7.1229], [36.0646, -7.1271], [36.0687, -7.1271], [36.0729, -7.1313], [36.0771, -7.1313], [36.0812, -7.1271], [36.0854, -7.1271]]}}, {"type": "Feature", "properties": {"order": 7, "discharge": 102.12}, "geometry": {"type": "LineString", "coordinates": [[36.0979, -7.1271], [36.1021, -7.1313], [36.1104, -7.1313], [36.1146, -7.1271], [36.1187, -7.1271]]}}, {"type": "Feature", "properties": {"order": 7, "discharge": 103.29}, "geometry": {"type": "LineString", "coordinates": [[35.9437, -7.1146], [35.9479, -7.1146], [35.9521, -7.1188], [35.9604, -7.1188], [35.9771, -7.1354]]}}, {"type": "Feature", "properties": {"order": 7, "discharge": 102.8}, "geometry": {"type": "LineString", "coordinates": [[35.9771, -7.1354], [35.9896, -7.1354], [35.9937, -7.1313], [36.0021, -7.1313], [36.0062, -7.1271], [36.0146, -7.1271], [36.0187, -7.1229], [36.0312, -7.1229], [36.0354, -7.1188]]}}, {"type": "Feature", "properties": {"order": 5, "discharge": 57.03}, "geometry": {"type": "LineString", "coordinates": [[38.4521, -7.1354], [38.4604, -7.1271], [38.4646, -7.1271]]}}, {"type": "Feature", "properties": {"order": 5, "discharge": 56.71}, "geometry": {"type": "LineString", "coordinates": [[38.4437, -7.1396], [38.4479, -7.1354], [38.4521, -7.1354]]}}, {"type": "Feature", "properties": {"order": 5, "discharge": 5.01}, "geometry": {"type": "LineString", "coordinates": [[34.6229, -7.1438], [34.6271, -7.1396], [34.6271, -7.1354], [34.6312, -7.1313], [34.6354, -7.1313], [34.6396, -7.1271], [34.6396, -7.1229], [34.6479, -7.1146], [34.6479, -7.1104], [34.6562, -7.1021]]}}, {"type": "Feature", "properties": {"order": 5, "discharge": 75.72}, "geometry": {"type": "LineString", "coordinates": [[31.4771, -7.1104], [31.4771, -7.1396], [31.4812, -7.1438], [31.4812, -7.1479]]}}, {"type": "Feature", "properties": {"order": 5, "discharge": 106.77}, "geometry": {"type": "LineString", "coordinates": [[32.4854, -7.1521], [32.4729, -7.1521], [32.4687, -7.1479], [32.4646, -7.1479], [32.4562, -7.1396], [32.4521, -7.1438], [32.4521, -7.1521]]}}, {"type": "Feature", "properties": {"order": 5, "discharge": 106.14}, "geometry": {"type": "LineString", "coordinates": [[32.4896, -7.1521], [32.4854, -7.1521]]}}, {"type": "Feature", "properties": {"order": 5, "discharge": 105.83}, "geometry": {"type": "LineString", "coordinates": [[32.4979, -7.1313], [32.4937, -7.1313], [32.4896, -7.1354], [32.4896, -7.1438], [32.4937, -7.1479], [32.4896, -7.1521]]}}, {"type": "Feature", "properties": {"order": 7, "discharge": 101.5}, "geometry": {"type": "LineString", "coordinates": [[36.1187, -7.1271], [36.1229, -7.1313], [36.1271, -7.1313], [36.1312, -7.1354], [36.1437, -7.1354], [36.1479, -7.1396], [36.1479, -7.1438], [36.1521, -7.1479], [36.1562, -7.1479], [36.1604, -7.1521], [36.1646, -7.1521]]}}, {"type": "Feature", "properties": {"order": 6, "discharge": 77.58}, "geometry": {"type": "LineString", "coordinates": [[35.7104, -7.1563], [35.7146, -7.1521], [35.7187, -7.1521], [35.7271, -7.1438], [35.7312, -7.1438], [35.7396, -7.1354], [35.7437, -7.1354], [35.7521, -7.1271], [35.7562, -7.1271], [35.7646, -7.1188], [35.7687, -7.1188], [35.7771, -7.1104], [35.7812, -7.1104], [35.7854, -7.1063], [35.7896, -7.1063], [35.7979, -7.0979], [35.8021, -7.0979], [35.8104, -7.0896]]}}, {"type": "Feature", "properties": {"order": 7, "discharge": 101.31}, "geometry": {"type": "LineString", "coordinates": [[36.1646, -7.1521], [36.1687, -7.1563], [36.1771, -7.1563], [36.1812, -7.1521]]}}, {"type": "Feature", "properties": {"order": 5, "discharge": 110.43}, "geometry": {"type": "LineString", "coordinates": [[32.4521, -7.1521], [32.4479, -7.1563], [32.4312, -7.1563], [32.4271, -7.1604]]}}, {"type": "Feature", "properties": {"order": 5, "discharge": 56.0}, "geometry": {"type": "LineString", "coordinates": [[38.4396, -7.1646], [38.4396, -7.1604], [38.4354, -7.1563], [38.4354, -7.1521], [38.4396, -7.1479], [38.4396, -7.1438], [38.4437, -7.1396]]}}, {"type": "Feature", "properties": {"order": 6, "discharge": 220.6}, "geometry": {"type": "LineString", "coordinates": [[30.3062, -7.1688], [30.3062, -7.1646], [30.2979, -7.1563], [30.2979, -7.1521], [30.2896, -7.1438], [30.2896, -7.1396], [30.2812, -7.1313], [30.2812, -7.1271]]}}, {"type": "Feature", "properties": {"order": 5, "discharge": 112.26}, "geometry": {"type": "LineString", "coordinates": [[32.3896, -7.1646], [32.3854, -7.1646], [32.3812, -7.1688]]}}, {"type": "Feature", "properties": {"order": 5, "discharge": 110.69}, "geometry": {"type": "LineString", "coordinates": [[32.4271, -7.1604], [32.4229, -7.1604], [32.4187, -7.1563], [32.4062, -7.1688], [32.4021, -7.1688], [32.3979, -7.1646], [32.3896, -7.1646]]}}, {"type": "Feature", "properties": {"order": 6, "discharge": 78.05}, "geometry": {"type": "LineString", "coordinates": [[35.6937, -7.1688], [35.7021, -7.1604], [35.7062, -7.1604], [35.7104, -7.1563]]}}, {"type": "Feature", "properties": {"order": 5, "discharge": 76.02}, "geometry": {"type": "LineString", "coordinates": [[31.4812, -7.1479], [31.4854, -7.1521], [31.4854, -7.1563], [31.4937, -7.1646], [31.4979, -7.1646], [31.5062, -7.1729]]}}, {"type": "Feature", "properties": {"order": 5, "discharge": 17.87}, "geometry": {"type": "LineString", "coordinates": [[32.1937, -7.1146], [32.2021, -7.1229], [32.2021, -7.1313], [32.2062, -7.1354], [32.2062, -7.1521], [32.2104, -7.1563], [32.2104, -7.1604], [32.2062, -7.1646], [32.2062, -7.1729]]}}, {"type": "Feature", "properties": {"order": 5, "discharge": 4.56}, "geometry": {"type": "LineString", "coordinates": [[34.6021, -7.1729], [34.6146, -7.1604], [34.6104, -7.1563], [34.6229, -7.1438]]}}, {"type": "Feature", "properties": {"order": 7, "discharge": 100.47}, "geometry": {"type": "LineString", "coordinates": [[36.1812, -7.1521], [36.1854, -7.1521], [36.1896, -7.1479], [36.1937, -7.1521], [36.1937, -7.1563], [36.1979, -7.1604], [36.1979, -7.1646], [36.2062, -7.1729], [36.2437, -7.1729]]}}, {"type": "Feature", "properties": {"order": 6, "discharge": 218.32}, "geometry": {"type": "LineString", "coordinates": [[30.3146, -7.1771], [30.3062, -7.1688]]}}, {"type": "Feature", "properties": {"order": 5, "discharge": 76.01}, "geometry": {"type": "LineString", "coordinates": [[31.5062, -7.1729], [31.5104, -7.1729], [31.5146, -7.1771], [31.5354, -7.1771]]}}, {"type": "Feature", "properties": {"order": 5, "discharge": 80.93}, "geometry": {"type": "LineString", "coordinates": [[31.5354, -7.1771], [31.5562, -7.1771]]}}, {"type": "Feature", "properties": {"order": 6, "discharge": 78.14}, "geometry": {"type": "LineString", "coordinates": [[35.6854, -7.1771], [35.6937, -7.1688]]}}, {"type": "Feature", "properties": {"order": 6, "discharge": 78.13}, "geometry": {"type": "LineString", "coordinates": [[35.6812, -7.1813], [35.6854, -7.1771]]}}, {"type": "Feature", "properties": {"order": 7, "discharge": 101.38}, "geometry": {"type": "LineString", "coordinates": [[36.2437, -7.1729], [36.2521, -7.1813]]}}, {"type": "Feature", "properties": {"order": 5, "discharge": 113.52}, "geometry": {"type": "LineString", "coordinates": [[32.3812, -7.1688], [32.3771, -7.1729], [32.3646, -7.1729], [32.3604, -7.1771], [32.3437, -7.1771], [32.3312, -7.1896]]}}, {"type": "Feature", "properties": {"order": 6, "discharge": 77.97}, "geometry": {"type": "LineString", "coordinates": [[35.6646, -7.1938], [35.6687, -7.1896], [35.6729, -7.1896], [35.6812, -7.1813]]}}, {"type": "Feature", "properties": {"order": 5, "discharge": 54.41}, "geometry": {"type": "LineString", "coordinates": [[38.3771, -7.1938], [38.3854, -7.1854]]}}, {"type": "Feature", "properties": {"order": 5, "discharge": 55.26}, "geometry": {"type": "LineString", "coordinates": [[38.3854, -7.1854], [38.3896, -7.1854], [38.3937, -7.1896], [38.4062, -7.1896], [38.4104, -7.1938], [38.4229, -7.1938]]}}, {"type": "Feature", "properties": {"order": 5, "discharge": 55.86}, "geometry": {"type": "LineString", "coordinates": [[38.4229, -7.1938], [38.4271, -7.1896], [38.4312, -7.1896], [38.4354, -7.1854], [38.4354, -7.1688], [38.4396, -7.1646]]}}, {"type": "Feature", "properties": {"order": 5, "discharge": 113.7}, "geometry": {"type": "LineString", "coordinates": [[32.3312, -7.1896], [32.3271, -7.1938], [32.3229, -7.1938], [32.3187, -7.1979]]}}, {"type": "Feature", "properties": {"order": 5, "discharge": 4.62}, "geometry": {"type": "LineString", "coordinates": [[34.5729, -7.1979], [34.5771, -7.1979], [34.5812, -7.1938], [34.5854, -7.1938], [34.5937, -7.1854], [34.5937, -7.1813], [34.6021, -7.1729]]}}, {"type": "Feature", "properties": {"order": 6, "discharge": 78.05}, "geometry": {"type": "LineString", "coordinates": [[35.6479, -7.1979], [35.6562, -7.1979], [35.6604, -7.1938], [35.6646, -7.1938]]}}, {"type": "Feature", "properties": {"order": 7, "discharge": 102.2}, "geometry": {"type": "LineString", "coordinates": [[36.2521, -7.1813], [36.2521, -7.1854], [36.2562, -7.1896], [36.2562, -7.1979]]}}, {"type": "Feature", "properties": {"order": 5, "discharge": 114.01}, "geometry": {"type": "LineString", "coordinates": [[32.3187, -7.1979], [32.3146, -7.2021]]}}, {"type": "Feature", "properties": {"order": 6, "discharge": 218.29}, "geometry": {"type": "LineString", "coordinates": [[30.3354, -7.2104], [30.3271, -7.2021], [30.3271, -7.1979], [30.3229, -7.1938], [30.3229, -7.1896], [30.3146, -7.1813], [30.3146, -7.1771]]}}, {"type": "Feature", "properties": {"order": 5, "discharge": 114.22}, "geometry": {"type": "LineString", "coordinates": [[32.3146, -7.2021], [32.3104, -7.2063], [32.3062, -7.2063], [32.3021, -7.2104], [32.2979, -7.2104]]}}, {"type": "Feature", "properties": {"order": 6, "discharge": 78.03}, "geometry": {"type": "LineString", "coordinates": [[35.6312, -7.2104], [35.6354, -7.2063], [35.6396, -7.2063], [35.6479, -7.1979]]}}, {"type": "Feature", "properties": {"order": 5, "discharge": 83.48}, "geometry": {"type": "LineString", "coordinates": [[31.5562, -7.1771], [31.5604, -7.1771], [31.5646, -7.1813], [31.5729, -7.1813], [31.5771, -7.1854], [31.5812, -7.1854], [31.5854, -7.1896], [31.5854, -7.1938], [31.5896, -7.1979], [31.5896, -7.2021], [31.5937, -7.2063], [31.5937, -7.2146]]}}, {"type": "Feature", "properties": {"order": 5, "discharge": 4.67}, "geometry": {"type": "LineString", "coordinates": [[34.5521, -7.2146], [34.5562, -7.2146], [34.5729, -7.1979]]}}, {"type": "Feature", "properties": {"order": 6, "discharge": 78.04}, "geometry": {"type": "LineString", "coordinates": [[35.6062, -7.2146], [35.6229, -7.2146]]}}, {"type": "Feature", "properties": {"order": 6, "discharge": 78.05}, "geometry": {"type": "LineString", "coordinates": [[35.6229, -7.2146], [35.6271, -7.2146], [35.6312, -7.2104]]}}, {"type": "Feature", "properties": {"order": 7, "discharge": 106.57}, "geometry": {"type": "LineString", "coordinates": [[36.2562, -7.1979], [36.2604, -7.2021], [36.2604, -7.2063], [36.2646, -7.2104], [36.2646, -7.2146], [36.2687, -7.2188]]}}, {"type": "Feature", "properties": {"order": 5, "discharge": 54.08}, "geometry": {"type": "LineString", "coordinates": [[38.3479, -7.2188], [38.3521, -7.2146], [38.3521, -7.2104], [38.3562, -7.2063], [38.3646, -7.2063], [38.3771, -7.1938]]}}, {"type": "Feature", "properties": {"order": 5, "discharge": 84.67}, "geometry": {"type": "LineString", "coordinates": [[31.5937, -7.2146], [31.5979, -7.2188], [31.5937, -7.2229]]}}, {"type": "Feature", "properties": {"order": 5, "discharge": 18.22}, "geometry": {"type": "LineString", "coordinates": [[32.2062, -7.1729], [32.2062, -7.1771], [32.2104, -7.1813], [32.2104, -7.1938], [32.2062, -7.1979], [32.2062, -7.2063], [32.2021, -7.2104], [32.1979, -7.2104], [32.1937, -7.2146], [32.1937, -7.2188], [32.1979, -7.2229]]}}, {"type": "Feature", "properties": {"order": 5, "discharge": 114.56}, "geometry": {"type": "LineString", "coordinates": [[32.2979, -7.2104], [32.2937, -7.2146], [32.2896, -7.2104], [32.2854, -7.2146], [32.2812, -7.2146], [32.2771, -7.2188], [32.2729, -7.2188], [32.2687, -7.2229]]}}, {"type": "Feature", "properties": {"order": 6, "discharge": 78.25}, "geometry": {"type": "LineString", "coordinates": [[35.5687, -7.2229], [35.5771, -7.2229]]}}, {"type": "Feature", "properties": {"order": 6, "discharge": 78.07}, "geometry": {"type": "LineString", "coordinates": [[35.5771, -7.2229], [35.5854, -7.2229], [35.5937, -7.2146], [35.6062, -7.2146]]}}, {"type": "Feature", "properties": {"order": 5, "discharge": 53.35}, "geometry": {"type": "LineString", "coordinates": [[38.3437, -7.2229], [38.3479, -7.2188]]}}, {"type": "Feature", "properties": {"order": 5, "discharge": 89.06}, "geometry": {"type": "LineString", "coordinates": [[31.5937, -7.2229], [31.5896, -7.2271]]}}, {"type": "Feature", "properties": {"order": 6, "discharge": 144.55}, "geometry": {"type": "LineString", "coordinates": [[32.0646, -7.2271], [32.0562, -7.2188]]}}, {"type": "Feature", "properties": {"order": 5, "discharge": 119.82}, "geometry": {"type": "LineString", "coordinates": [[32.2687, -7.2229], [32.2521, -7.2229], [32.2479, -7.2271], [32.2437, -7.2229], [32.2354, -7.2229], [32.2312, -7.2271]]}}, {"type": "Feature", "properties": {"order": 6, "discharge": 218.16}, "geometry": {"type": "LineString", "coordinates": [[30.3437, -7.2313], [30.3437, -7.2271], [30.3354, -7.2188], [30.3354, -7.2104]]}}, {"type": "Feature", "properties": {"order": 5, "discharge": 4.7}, "geometry": {"type": "LineString", "coordinates": [[34.5146, -7.2313], [34.5229, -7.2313], [34.5354, -7.2188], [34.5354, -7.2146], [34.5396, -7.2104], [34.5437, -7.2146], [34.5521, -7.2146]]}}, {"type": "Feature", "properties": {"order": 5, "discharge": 19.68}, "geometry": {"type": "LineString", "coordinates": [[32.1979, -7.2229], [32.1937, -7.2271], [32.1937, -7.2313], [32.1896, -7.2354]]}}, {"type": "Feature", "properties": {"order": 5, "discharge": 120.59}, "geometry": {"type": "LineString", "coordinates": [[32.2021, -7.2354], [32.1896, -7.2354]]}}, {"type": "Feature", "properties": {"order": 5, "discharge": 120.35}, "geometry": {"type": "LineString", "coordinates": [[32.2312, -7.2271], [32.2229, -7.2271], [32.2187, -7.2313], [32.2062, -7.2313], [32.2021, -7.2354]]}}, {"type": "Feature", "properties": {"order": 6, "discharge": 78.17}, "geometry": {"type": "LineString", "coordinates": [[35.5604, -7.2354], [35.5687, -7.2271], [35.5687, -7.2229]]}}, {"type": "Feature", "properties": {"order": 6, "discharge": 147.27}, "geometry": {"type": "LineString", "coordinates": [[32.0562, -7.2188], [32.0521, -7.2229], [32.0521, -7.2271], [32.0479, -7.2313], [32.0271, -7.2313], [32.0229, -7.2354], [32.0104, -7.2354], [32.0062, -7.2396]]}}, {"type": "Feature", "properties": {"order": 7, "discharge": 106.25}, "geometry": {"type": "LineString", "coordinates": [[36.2687, -7.2188], [36.2896, -7.2396], [36.2979, -7.2396]]}}, {"type": "Feature", "properties": {"order": 6, "discharge": 140.89}, "geometry": {"type": "LineString", "coordinates": [[32.1687, -7.2438], [32.1479, -7.2438]]}}, {"type": "Feature", "properties": {"order": 6, "discharge": 140.38}, "geometry": {"type": "LineString", "coordinates": [[32.1896, -7.2354], [32.1854, -7.2313], [32.1812, -7.2354], [32.1771, -7.2354], [32.1687, -7.2438]]}}, {"type": "Feature", "properties": {"order": 6, "discharge": 217.68}, "geometry": {"type": "LineString", "coordinates": [[30.3521, -7.2479], [30.3521, -7.2438], [30.3479, -7.2396], [30.3479, -7.2354], [30.3437, -7.2313]]}}, {"type": "Feature", "properties": {"order": 6, "discharge": 144.39}, "geometry": {"type": "LineString", "coordinates": [[32.0812, -7.2479], [32.0771, -7.2479], [32.0687, -7.2396], [32.0687, -7.2354], [32.0646, -7.2313], [32.0646, -7.2271]]}}, {"type": "Feature", "properties": {"order": 5, "discharge": 88.91}, "geometry": {"type": "LineString", "coordinates": [[31.5896, -7.2271], [31.5854, -7.2313], [31.5854, -7.2354], [31.5729, -7.2479], [31.5604, -7.2479], [31.5521, -7.2563]]}}, {"type": "Feature", "properties": {"order": 5, "discharge": 53.26}, "geometry": {"type": "LineString", "coordinates": [[38.3187, -7.2563], [38.3312, -7.2438], [38.3312, -7.2396], [38.3437, -7.2271], [38.3437, -7.2229]]}}, {"type": "Feature", "properties": {"order": 6, "discharge": 147.73}, "geometry": {"type": "LineString", "coordinates": [[31.9187, -7.2604], [31.9104, -7.2604], [31.9021, -7.2521]]}}, {"type": "Feature", "properties": {"order": 6, "discharge": 144.15}, "geometry": {"type": "LineString", "coordinates": [[32.1021, -7.2646], [32.0937, -7.2563], [32.0896, -7.2563], [32.0812, -7.2479]]}}, {"type": "Feature", "properties": {"order": 6, "discharge": 141.64}, "geometry": {"type": "LineString", "coordinates": [[32.1479, -7.2438], [32.1437, -7.2479], [32.1354, -7.2479], [32.1312, -7.2521], [32.1271, -7.2521], [32.1229, -7.2563], [32.1146, -7.2563], [32.1062, -7.2646], [32.1021, -7.2646]]}}, {"type": "Feature", "properties": {"order": 6, "discharge": 147.65}, "geometry": {"type": "LineString", "coordinates": [[31.9021, -7.2521], [31.8896, -7.2521], [31.8854, -7.2563], [31.8771, -7.2563], [31.8729, -7.2604], [31.8687, -7.2604], [31.8604, -7.2688]]}}, {"type": "Feature", "properties": {"order": 6, "discharge": 147.43}, "geometry": {"type": "LineString", "coordinates": [[32.0062, -7.2396], [32.0062, -7.2438], [32.0021, -7.2479], [32.0021, -7.2563], [31.9896, -7.2688]]}}, {"type": "Feature", "properties": {"order": 5, "discharge": 4.77}, "geometry": {"type": "LineString", "coordinates": [[34.4854, -7.2729], [34.4854, -7.2604], [34.4937, -7.2521], [34.4979, -7.2563], [34.5062, -7.2479], [34.5062, -7.2438], [34.5104, -7.2396], [34.5104, -7.2354], [34.5146, -7.2313]]}}, {"type": "Feature", "properties": {"order": 6, "discharge": 78.44}, "geometry": {"type": "LineString", "coordinates": [[35.4687, -7.2729], [35.4729, -7.2729], [35.4771, -7.2771], [35.4812, -7.2771]]}}, {"type": "Feature", "properties": {"order": 6, "discharge": 78.28}, "geometry": {"type": "LineString", "coordinates": [[35.4812, -7.2771], [35.4896, -7.2771]]}}, {"type": "Feature", "properties": {"order": 6, "discharge": 77.62}, "geometry": {"type": "LineString", "coordinates": [[35.4896, -7.2771], [35.4979, -7.2771], [35.5021, -7.2729], [35.5062, -7.2729], [35.5104, -7.2688], [35.5146, -7.2688], [35.5187, -7.2646], [35.5187, -7.2604], [35.5229, -7.2563], [35.5312, -7.2563], [35.5396, -7.2479], [35.5437, -7.2479], [35.5479, -7.2438], [35.5521, -7.2438], [35.5604, -7.2354]]}}, {"type": "Feature", "properties": {"order": 5, "discharge": 52.59}, "geometry": {"type": "LineString", "coordinates": [[38.2146, -7.2729], [38.2229, -7.2646], [38.2396, -7.2646], [38.2437, -7.2604], [38.2479, -7.2646], [38.2521, -7.2646], [38.2604, -7.2729], [38.2687, -7.2729], [38.2729, -7.2771], [38.2771, -7.2771], [38.2812, -7.2729], [38.3062, -7.2729], [38.3146, -7.2646], [38.3146, -7.2604], [38.3187, -7.2563]]}}, {"type": "Feature", "properties": {"order": 5, "discharge": 89.12}, "geometry": {"type": "LineString", "coordinates": [[31.5521, -7.2563], [31.5354, -7.2729], [31.5354, -7.2813]]}}, {"type": "Feature", "properties": {"order": 5, "discharge": 4.53}, "geometry": {"type": "LineString", "coordinates": [[34.4604, -7.2813], [34.4687, -7.2813], [34.4729, -7.2771], [34.4812, -7.2771], [34.4854, -7.2729]]}}, {"type": "Feature", "properties": {"order": 6, "discharge": 78.7}, "geometry": {"type": "LineString", "coordinates": [[35.4437, -7.2813], [35.4521, -7.2813], [35.4562, -7.2771], [35.4646, -7.2771], [35.4687, -7.2729]]}}, {"type": "Feature", "properties": {"order": 6, "discharge": 217.92}, "geometry": {"type": "LineString", "coordinates": [[30.3729, -7.2854], [30.3729, -7.2813], [30.3687, -7.2771], [30.3687, -7.2729], [30.3646, -7.2688], [30.3646, -7.2646], [30.3562, -7.2563], [30.3562, -7.2521], [30.3521, -7.2479]]}}, {"type": "Feature", "properties": {"order": 6, "discharge": 147.51}, "geometry": {"type": "LineString", "coordinates": [[31.8604, -7.2688], [31.8479, -7.2688], [31.8437, -7.2729], [31.8437, -7.2771], [31.8354, -7.2854]]}}, {"type": "Feature", "properties": {"order": 6, "discharge": 147.44}, "geometry": {"type": "LineString", "coordinates": [[31.9479, -7.2854], [31.9437, -7.2854], [31.9187, -7.2604]]}}, {"type": "Feature", "properties": {"order": 6, "discharge": 147.09}, "geometry": {"type": "LineString", "coordinates": [[31.9896, -7.2688], [31.9812, -7.2688], [31.9771, -7.2729], [31.9771, -7.2771], [31.9562, -7.2771], [31.9479, -7.2854]]}}, {"type": "Feature", "properties": {"order": 5, "discharge": 49.28}, "geometry": {"type": "LineString", "coordinates": [[38.1354, -7.2771], [38.1396, -7.2771], [38.1437, -7.2813], [38.1479, -7.2813], [38.1521, -7.2771], [38.1562, -7.2771], [38.1646, -7.2854], [38.1729, -7.2854]]}}, {"type": "Feature", "properties": {"order": 5, "discharge": 49.68}, "geometry": {"type": "LineString", "coordinates": [[38.1729, -7.2854], [38.1937, -7.2854], [38.1979, -7.2813], [38.2104, -7.2813], [38.2146, -7.2771], [38.2146, -7.2729]]}}, {"type": "Feature", "properties": {"order": 6, "discharge": 149.88}, "geometry": {"type": "LineString", "coordinates": [[31.8354, -7.2854], [31.8271, -7.2854], [31.8229, -7.2896], [31.8187, -7.2854], [31.8146, -7.2896]]}}, {"type": "Feature", "properties": {"order": 5, "discharge": 48.61}, "geometry": {"type": "LineString", "coordinates": [[38.1062, -7.2938], [38.1187, -7.2813], [38.1271, -7.2813], [38.1312, -7.2771], [38.1354, -7.2771]]}}, {"type": "Feature", "properties": {"order": 6, "discharge": 218.63}, "geometry": {"type": "LineString", "coordinates": [[30.3812, -7.2979], [30.3771, -7.2938], [30.3771, -7.2896], [30.3729, -7.2854]]}}, {"type": "Feature", "properties": {"order": 6, "discharge": 149.43}, "geometry": {"type": "LineString", "coordinates": [[31.7771, -7.2938], [31.7729, -7.2979], [31.7687, -7.2979], [31.7646, -7.2938], [31.7604, -7.2938], [31.7562, -7.2979], [31.7396, -7.2979]]}}, {"type": "Feature", "properties": {"order": 6, "discharge": 78.21}, "geometry": {"type": "LineString", "coordinates": [[35.4187, -7.2979], [35.4229, -7.2938], [35.4312, -7.2938], [35.4437, -7.2813]]}}, {"type": "Feature", "properties": {"order": 6, "discharge": 149.69}, "geometry": {"type": "LineString", "coordinates": [[31.8146, -7.2896], [31.8146, -7.2938], [31.8104, -7.2979], [31.7937, -7.2979], [31.7896, -7.3021], [31.7854, -7.2979], [31.7812, -7.2979], [31.7771, -7.2938]]}}, {"type": "Feature", "properties": {"order": 5, "discharge": 4.47}, "geometry": {"type": "LineString", "coordinates": [[34.4354, -7.3063], [34.4604, -7.2813]]}}, {"type": "Feature", "properties": {"order": 6, "discharge": 78.7}, "geometry": {"type": "LineString", "coordinates": [[35.4187, -7.3063], [35.4187, -7.2979]]}}, {"type": "Feature", "properties": {"order": 6, "discharge": 218.83}, "geometry": {"type": "LineString", "coordinates": [[30.3896, -7.3104], [30.3854, -7.3063], [30.3854, -7.3021], [30.3812, -7.2979]]}}, {"type": "Feature", "properties": {"order": 5, "discharge": 4.45}, "geometry": {"type": "LineString", "coordinates": [[34.4354, -7.3146], [34.4354, -7.3063]]}}, {"type": "Feature", "properties": {"order": 6, "discharge": 148.89}, "geometry": {"type": "LineString", "coordinates": [[31.7396, -7.2979], [31.7354, -7.3021], [31.7354, -7.3104], [31.7312, -7.3146], [31.7271, -7.3104], [31.7229, -7.3146], [31.7229, -7.3188], [31.7104, -7.3188], [31.7062, -7.3146], [31.7021, -7.3188]]}}, {"type": "Feature", "properties": {"order": 5, "discharge": 4.44}, "geometry": {"type": "LineString", "coordinates": [[34.4312, -7.3188], [34.4354, -7.3146]]}}, {"type": "Feature", "properties": {"order": 6, "discharge": 218.95}, "geometry": {"type": "LineString", "coordinates": [[30.3937, -7.3229], [30.3937, -7.3188], [30.3896, -7.3146], [30.3896, -7.3104]]}}, {"type": "Feature", "properties": {"order": 7, "discharge": 105.23}, "geometry": {"type": "LineString", "coordinates": [[36.2979, -7.2396], [36.3021, -7.2438], [36.3021, -7.2521], [36.3104, -7.2604], [36.3104, -7.2646], [36.3146, -7.2688], [36.3146, -7.2729], [36.3187, -7.2771], [36.3187, -7.2813], [36.3271, -7.2896], [36.3146, -7.3021], [36.3187, -7.3063], [36.3187, -7.3229]]}}, {"type": "Feature", "properties": {"order": 5, "discharge": 89.11}, "geometry": {"type": "LineString", "coordinates": [[31.5354, -7.2813], [31.5396, -7.2854], [31.5396, -7.2979], [31.5437, -7.3021], [31.5437, -7.3229], [31.5479, -7.3271]]}}, {"type": "Feature", "properties": {"order": 6, "discharge": 78.87}, "geometry": {"type": "LineString", "coordinates": [[35.4146, -7.3271], [35.4146, -7.3229], [35.4229, -7.3146], [35.4187, -7.3104], [35.4187, -7.3063]]}}, {"type": "Feature", "properties": {"order": 7, "discharge": 105.3}, "geometry": {"type": "LineString", "coordinates": [[36.3187, -7.3229], [36.3187, -7.3271], [36.3229, -7.3313]]}}, {"type": "Feature", "properties": {"order": 7, "discharge": 105.67}, "geometry": {"type": "LineString", "coordinates": [[36.3229, -7.3313], [36.3271, -7.3313], [36.3312, -7.3354]]}}, {"type": "Feature", "properties": {"order": 7, "discharge": 105.58}, "geometry": {"type": "LineString", "coordinates": [[36.3312, -7.3354], [36.3396, -7.3354]]}}, {"type": "Feature", "properties": {"order": 7, "discharge": 105.78}, "geometry": {"type": "LineString", "coordinates": [[36.3396, -7.3354], [36.3437, -7.3313], [36.3646, -7.3313], [36.3687, -7.3271], [36.3729, -7.3271], [36.3771, -7.3229], [36.3812, -7.3229], [36.3854, -7.3188]]}}, {"type": "Feature", "properties": {"order": 6, "discharge": 148.87}, "geometry": {"type": "LineString", "coordinates": [[31.7021, -7.3188], [31.7021, -7.3229], [31.7062, -7.3271], [31.7062, -7.3313], [31.7021, -7.3354], [31.6896, -7.3354], [31.6854, -7.3396]]}}, {"type": "Feature", "properties": {"order": 5, "discharge": 89.16}, "geometry": {"type": "LineString", "coordinates": [[31.5479, -7.3271], [31.5437, -7.3313], [31.5437, -7.3479], [31.5479, -7.3521]]}}, {"type": "Feature", "properties": {"order": 6, "discharge": 61.14}, "geometry": {"type": "LineString", "coordinates": [[35.3896, -7.3521], [35.3937, -7.3479], [35.3979, -7.3521], [35.4021, -7.3479], [35.4021, -7.3438], [35.4104, -7.3354], [35.4104, -7.3313], [35.4146, -7.3271]]}}, {"type": "Feature", "properties": {"order": 7, "discharge": 105.28}, "geometry": {"type": "LineString", "coordinates": [[36.3854, -7.3188], [36.3896, -7.3146], [36.3937, -7.3146], [36.4021, -7.3229], [36.4062, -7.3229], [36.4104, -7.3271], [36.4146, -7.3271], [36.4187, -7.3313], [36.4229, -7.3313], [36.4312, -7.3396], [36.4479, -7.3396], [36.4604, -7.3521], [36.4646, -7.3521]]}}, {"type": "Feature", "properties": {"order": 6, "discharge": 219.15}, "geometry": {"type": "LineString", "coordinates": [[30.4104, -7.3563], [30.4104, -7.3479], [30.4062, -7.3438], [30.4062, -7.3396], [30.3979, -7.3313], [30.3979, -7.3271], [30.3937, -7.3229]]}}, {"type": "Feature", "properties": {"order": 6, "discharge": 219.83}, "geometry": {"type": "LineString", "coordinates": [[30.4146, -7.3604], [30.4104, -7.3563]]}}, {"type": "Feature", "properties": {"order": 6, "discharge": 61.74}, "geometry": {"type": "LineString", "coordinates": [[35.3729, -7.3604], [35.3771, -7.3563], [35.3812, -7.3563], [35.3854, -7.3521], [35.3896, -7.3521]]}}, {"type": "Feature", "properties": {"order": 7, "discharge": 105.17}, "geometry": {"type": "LineString", "coordinates": [[36.4646, -7.3521], [36.4687, -7.3521], [36.4771, -7.3604]]}}, {"type": "Feature", "properties": {"order": 6, "discharge": 148.79}, "geometry": {"type": "LineString", "coordinates": [[31.6854, -7.3396], [31.6854, -7.3563], [31.6771, -7.3646]]}}, {"type": "Feature", "properties": {"order": 6, "discharge": 62.04}, "geometry": {"type": "LineString", "coordinates": [[35.3521, -7.3563], [35.3562, -7.3521], [35.3687, -7.3646], [35.3729, -7.3604]]}}, {"type": "Feature", "properties": {"order": 5, "discharge": 89.07}, "geometry": {"type": "LineString", "coordinates": [[31.5479, -7.3521], [31.5396, -7.3604], [31.5312, -7.3604], [31.5229, -7.3688], [31.5187, -7.3688], [31.5146, -7.3729]]}}, {"type": "Feature", "properties": {"order": 6, "discharge": 62.42}, "geometry": {"type": "LineString", "coordinates": [[35.3312, -7.3729], [35.3354, -7.3729], [35.3437, -7.3646], [35.3479, -7.3646], [35.3521, -7.3604], [35.3521, -7.3563]]}}, {"type": "Feature", "properties": {"order": 7, "discharge": 107.91}, "geometry": {"type": "LineString", "coordinates": [[36.4771, -7.3604], [36.4771, -7.3646], [36.4812, -7.3688], [36.4812, -7.3729]]}}, {"type": "Feature", "properties": {"order": 6, "discharge": 207.67}, "geometry": {"type": "LineString", "coordinates": [[30.4187, -7.3771], [30.4187, -7.3729], [30.4146, -7.3688], [30.4146, -7.3604]]}}, {"type": "Feature", "properties": {"order": 5, "discharge": 89.11}, "geometry": {"type": "LineString", "coordinates": [[31.5146, -7.3729], [31.5104, -7.3771], [31.5021, -7.3771]]}}, {"type": "Feature", "properties": {"order": 6, "discharge": 62.83}, "geometry": {"type": "LineString", "coordinates": [[35.3229, -7.3854], [35.3271, -7.3813], [35.3271, -7.3771], [35.3312, -7.3729]]}}, {"type": "Feature", "properties": {"order": 5, "discharge": 89.31}, "geometry": {"type": "LineString", "coordinates": [[31.5021, -7.3771], [31.4979, -7.3813], [31.4896, -7.3813], [31.4771, -7.3938]]}}, {"type": "Feature", "properties": {"order": 7, "discharge": 107.72}, "geometry": {"type": "LineString", "coordinates": [[36.4812, -7.3729], [36.4812, -7.3854], [36.4771, -7.3896], [36.4771, -7.3938]]}}, {"type": "Feature", "properties": {"order": 6, "discharge": 205.51}, "geometry": {"type": "LineString", "coordinates": [[30.4271, -7.3979], [30.4271, -7.3938], [30.4229, -7.3896], [30.4229, -7.3813], [30.4187, -7.3771]]}}, {"type": "Feature", "properties": {"order": 6, "discharge": 148.68}, "geometry": {"type": "LineString", "coordinates": [[31.6771, -7.3646], [31.6771, -7.3688], [31.6937, -7.3854], [31.6937, -7.3979], [31.6979, -7.4021]]}}, {"type": "Feature", "properties": {"order": 7, "discharge": 107.7}, "geometry": {"type": "LineString", "coordinates": [[36.4771, -7.3938], [36.4812, -7.3979], [36.4812, -7.4063], [36.4771, -7.4104]]}}, {"type": "Feature", "properties": {"order": 5, "discharge": 89.71}, "geometry": {"type": "LineString", "coordinates": [[31.4771, -7.3938], [31.4771, -7.4146], [31.4812, -7.4188], [31.4812, -7.4229]]}}, {"type": "Feature", "properties": {"order": 7, "discharge": 107.55}, "geometry": {"type": "LineString", "coordinates": [[36.4771, -7.4104], [36.4896, -7.4229], [36.4937, -7.4229], [36.5021, -7.4313]]}}, {"type": "Feature", "properties": {"order": 6, "discharge": 148.58}, "geometry": {"type": "LineString", "coordinates": [[31.6979, -7.4021], [31.7021, -7.4063], [31.7062, -7.4063], [31.7104, -7.4104], [31.7146, -7.4104], [31.7187, -7.4146], [31.7229, -7.4146], [31.7312, -7.4229], [31.7354, -7.4229], [31.7396, -7.4271], [31.7396, -7.4313], [31.7437, -7.4354]]}}, {"type": "Feature", "properties": {"order": 6, "discharge": 148.35}, "geometry": {"type": "LineString", "coordinates": [[31.7437, -7.4354], [31.7646, -7.4354], [31.7687, -7.4396]]}}, {"type": "Feature", "properties": {"order": 6, "discharge": 62.49}, "geometry": {"type": "LineString", "coordinates": [[35.2854, -7.4396], [35.2896, -7.4354], [35.2896, -7.4229], [35.2937, -7.4188], [35.2937, -7.4146], [35.3062, -7.4021], [35.3062, -7.3979], [35.3104, -7.3938], [35.3104, -7.3896], [35.3146, -7.3854], [35.3229, -7.3854]]}}, {"type": "Feature", "properties": {"order": 6, "discharge": 149.06}, "geometry": {"type": "LineString", "coordinates": [[31.7687, -7.4396], [31.7729, -7.4438]]}}, {"type": "Feature", "properties": {"order": 6, "discharge": 63.6}, "geometry": {"type": "LineString", "coordinates": [[35.2229, -7.4646], [35.2271, -7.4604], [35.2312, -7.4604], [35.2354, -7.4563], [35.2396, -7.4563], [35.2437, -7.4604], [35.2521, -7.4604], [35.2562, -7.4563], [35.2687, -7.4563], [35.2729, -7.4521], [35.2771, -7.4521], [35.2854, -7.4438], [35.2854, -7.4396]]}}, {"type": "Feature", "properties": {"order": 7, "discharge": 105.84}, "geometry": {"type": "LineString", "coordinates": [[36.5021, -7.4313], [36.5062, -7.4354], [36.5062, -7.4438], [36.5021, -7.4479], [36.5021, -7.4521], [36.5146, -7.4646]]}}, {"type": "Feature", "properties": {"order": 5, "discharge": 89.97}, "geometry": {"type": "LineString", "coordinates": [[31.4812, -7.4229], [31.4854, -7.4271], [31.4854, -7.4396], [31.4896, -7.4438], [31.4896, -7.4604], [31.4854, -7.4646], [31.4854, -7.4688]]}}, {"type": "Feature", "properties": {"order": 6, "discharge": 205.34}, "geometry": {"type": "LineString", "coordinates": [[30.4521, -7.4729], [30.4521, -7.4646], [30.4479, -7.4604], [30.4479, -7.4521], [30.4437, -7.4479], [30.4437, -7.4438], [30.4396, -7.4396], [30.4396, -7.4313], [30.4354, -7.4271], [30.4354, -7.4188], [30.4312, -7.4146], [30.4312, -7.4063], [30.4271, -7.4021], [30.4271, -7.3979]]}}, {"type": "Feature", "properties": {"order": 5, "discharge": 90.48}, "geometry": {"type": "LineString", "coordinates": [[31.4854, -7.4688], [31.4854, -7.4729], [31.4812, -7.4771]]}}, {"type": "Feature", "properties": {"order": 6, "discharge": 64.78}, "geometry": {"type": "LineString", "coordinates": [[35.2062, -7.4813], [35.2229, -7.4646]]}}, {"type": "Feature", "properties": {"order": 6, "discharge": 204.93}, "geometry": {"type": "LineString", "coordinates": [[30.4562, -7.4854], [30.4562, -7.4771], [30.4521, -7.4729]]}}, {"type": "Feature", "properties": {"order": 6, "discharge": 148.67}, "geometry": {"type": "LineString", "coordinates": [[31.7729, -7.4438], [31.7771, -7.4479], [31.7771, -7.4521], [31.7854, -7.4604], [31.7854, -7.4854]]}}, {"type": "Feature", "properties": {"order": 5, "discharge": 92.2}, "geometry": {"type": "LineString", "coordinates": [[31.4812, -7.4771], [31.4771, -7.4813], [31.4771, -7.4854], [31.4812, -7.4896], [31.4812, -7.4938]]}}, {"type": "Feature", "properties": {"order": 6, "discharge": 62.62}, "geometry": {"type": "LineString", "coordinates": [[35.1521, -7.4854], [35.1562, -7.4854], [35.1604, -7.4896], [35.1646, -7.4896], [35.1687, -7.4854], [35.1729, -7.4854], [35.1854, -7.4979], [35.1937, -7.4896], [35.1979, -7.4896], [35.2062, -7.4813]]}}, {"type": "Feature", "properties": {"order": 6, "discharge": 63.48}, "geometry": {"type": "LineString", "coordinates": [[35.1104, -7.5021], [35.1146, -7.4979], [35.1187, -7.4979], [35.1229, -7.4938], [35.1271, -7.4938], [35.1312, -7.4979], [35.1354, -7.4979], [35.1437, -7.4896], [35.1479, -7.4896], [35.1521, -7.4854]]}}, {"type": "Feature", "properties": {"order": 5, "discharge": 20.8}, "geometry": {"type": "LineString", "coordinates": [[36.4771, -7.5021], [36.4854, -7.4938], [36.4854, -7.4813], [36.4896, -7.4771], [36.5021, -7.4771], [36.5062, -7.4729], [36.5104, -7.4729], [36.5146, -7.4688], [36.5146, -7.4646]]}}, {"type": "Feature", "properties": {"order": 6, "discharge": 204.78}, "geometry": {"type": "LineString", "coordinates": [[30.4646, -7.5063], [30.4646, -7.5021], [30.4604, -7.4979], [30.4604, -7.4896], [30.4562, -7.4854]]}}, {"type": "Feature", "properties": {"order": 6, "discharge": 149.18}, "geometry": {"type": "LineString", "coordinates": [[31.7854, -7.4854], [31.7854, -7.5063], [31.7812, -7.5104]]}}, {"type": "Feature", "properties": {"order": 7, "discharge": 124.05}, "geometry": {"type": "LineString", "coordinates": [[36.5146, -7.4646], [36.5187, -7.4688], [36.5187, -7.4813], [36.5229, -7.4854], [36.5229, -7.5063], [36.5271, -7.5104]]}}, {"type": "Feature", "properties": {"order": 7, "discharge": 123.89}, "geometry": {"type": "LineString", "coordinates": [[36.5271, -7.5104], [36.5396, -7.5104], [36.5437, -7.5063], [36.5479, -7.5063], [36.5521, -7.5021], [36.5646, -7.5021], [36.5687, -7.4979], [36.5729, -7.4979]]}}, {"type": "Feature", "properties": {"order": 7, "discharge": 122.97}, "geometry": {"type": "LineString", "coordinates": [[36.5729, -7.4979], [36.5771, -7.4979], [36.5854, -7.5063], [36.5854, -7.5104], [36.5896, -7.5146]]}}, {"type": "Feature", "properties": {"order": 5, "discharge": 94.05}, "geometry": {"type": "LineString", "coordinates": [[31.4812, -7.4938], [31.4812, -7.5104], [31.4854, -7.5146], [31.4812, -7.5188], [31.4812, -7.5229]]}}, {"type": "Feature", "properties": {"order": 7, "discharge": 120.67}, "geometry": {"type": "LineString", "coordinates": [[36.5896, -7.5146], [36.5937, -7.5188], [36.5979, -7.5188], [36.6021, -7.5229], [36.6229, -7.5229], [36.6271, -7.5188], [36.6312, -7.5188], [36.6354, -7.5146], [36.6396, -7.5188], [36.6437, -7.5188]]}}, {"type": "Feature", "properties": {"order": 6, "discharge": 205.3}, "geometry": {"type": "LineString", "coordinates": [[30.4771, -7.5354], [30.4729, -7.5313], [30.4729, -7.5229], [30.4687, -7.5188], [30.4687, -7.5146], [30.4646, -7.5104], [30.4646, -7.5063]]}}, {"type": "Feature", "properties": {"order": 5, "discharge": 95.41}, "geometry": {"type": "LineString", "coordinates": [[31.4812, -7.5229], [31.4854, -7.5271], [31.4854, -7.5313], [31.4896, -7.5354]]}}, {"type": "Feature", "properties": {"order": 6, "discharge": 64.17}, "geometry": {"type": "LineString", "coordinates": [[35.0604, -7.5354], [35.0646, -7.5313], [35.0812, -7.5313], [35.0854, -7.5354], [35.1104, -7.5104], [35.1104, -7.5021]]}}, {"type": "Feature", "properties": {"order": 5, "discharge": 20.69}, "geometry": {"type": "LineString", "coordinates": [[36.4562, -7.5354], [36.4604, -7.5313], [36.4604, -7.5229], [36.4687, -7.5146], [36.4687, -7.5104], [36.4771, -7.5021]]}}, {"type": "Feature", "properties": {"order": 5, "discharge": 95.84}, "geometry": {"type": "LineString", "coordinates": [[31.4896, -7.5354], [31.4854, -7.5396]]}}, {"type": "Feature", "properties": {"order": 5, "discharge": 20.45}, "geometry": {"type": "LineString", "coordinates": [[36.4437, -7.5438], [36.4479, -7.5396], [36.4521, -7.5396], [36.4562, -7.5354]]}}, {"type": "Feature", "properties": {"order": 7, "discharge": 120.22}, "geometry": {"type": "LineString", "coordinates": [[36.6437, -7.5188], [36.6479, -7.5229], [36.6521, -7.5229], [36.6687, -7.5396], [36.6687, -7.5438]]}}, {"type": "Feature", "properties": {"order": 6, "discharge": 64.65}, "geometry": {"type": "LineString", "coordinates": [[35.0521, -7.5479], [35.0604, -7.5396], [35.0604, -7.5354]]}}, {"type": "Feature", "properties": {"order": 7, "discharge": 120.34}, "geometry": {"type": "LineString", "coordinates": [[36.6687, -7.5438], [36.6729, -7.5479]]}}, {"type": "Feature", "properties": {"order": 6, "discharge": 206.71}, "geometry": {"type": "LineString", "coordinates": [[30.4812, -7.5521], [30.4812, -7.5479], [30.4771, -7.5438], [30.4771, -7.5354]]}}, {"type": "Feature", "properties": {"order": 6, "discharge": 147.84}, "geometry": {"type": "LineString", "coordinates": [[31.7812, -7.5104], [31.7812, -7.5146], [31.7854, -7.5188], [31.7812, -7.5229], [31.7812, -7.5521]]}}, {"type": "Feature", "properties": {"order": 6, "discharge": 64.71}, "geometry": {"type": "LineString", "coordinates": [[35.0521, -7.5521], [35.0521, -7.5479]]}}, {"type": "Feature", "properties": {"order": 5, "discharge": 19.18}, "geometry": {"type": "LineString", "coordinates": [[36.4229, -7.5521], [36.4312, -7.5438], [36.4437, -7.5438]]}}, {"type": "Feature", "properties": {"order": 5, "discharge": 97.81}, "geometry": {"type": "LineString", "coordinates": [[31.4854, -7.5396], [31.4854, -7.5438], [31.4896, -7.5479], [31.4979, -7.5479], [31.5062, -7.5563]]}}, {"type": "Feature", "properties": {"order": 7, "discharge": 120.18}, "geometry": {"type": "LineString", "coordinates": [[36.6729, -7.5479], [36.6771, -7.5521], [36.6771, -7.5563]]}}, {"type": "Feature", "properties": {"order": 5, "discharge": 18.95}, "geometry": {"type": "LineString", "coordinates": [[36.3896, -7.5604], [36.3937, -7.5604], [36.4062, -7.5479], [36.4104, -7.5521], [36.4229, -7.5521]]}}, {"type": "Feature", "properties": {"order": 6, "discharge": 147.28}, "geometry": {"type": "LineString", "coordinates": [[31.7812, -7.5521], [31.7937, -7.5646], [31.7937, -7.5688]]}}, {"type": "Feature", "properties": {"order": 5, "discharge": 18.68}, "geometry": {"type": "LineString", "coordinates": [[36.3812, -7.5688], [36.3896, -7.5604]]}}, {"type": "Feature", "properties": {"order": 5, "discharge": 98.29}, "geometry": {"type": "LineString", "coordinates": [[31.5062, -7.5563], [31.5229, -7.5563], [31.5312, -7.5646], [31.5312, -7.5729]]}}, {"type": "Feature", "properties": {"order": 6, "discharge": 207.22}, "geometry": {"type": "LineString", "coordinates": [[30.4896, -7.5771], [30.4896, -7.5729], [30.4854, -7.5688], [30.4854, -7.5604], [30.4812, -7.5563], [30.4812, -7.5521]]}}, {"type": "Feature", "properties": {"order": 6, "discharge": 64.63}, "geometry": {"type": "LineString", "coordinates": [[35.0229, -7.5771], [35.0312, -7.5688], [35.0354, -7.5688], [35.0521, -7.5521]]}}, {"type": "Feature", "properties": {"order": 5, "discharge": 97.98}, "geometry": {"type": "LineString", "coordinates": [[31.5312, -7.5729], [31.5354, -7.5771], [31.5437, -7.5771], [31.5479, -7.5813], [31.5521, -7.5813]]}}, {"type": "Feature", "properties": {"order": 7, "discharge": 115.26}, "geometry": {"type": "LineString", "coordinates": [[36.6771, -7.5563], [36.6854, -7.5646], [36.6896, -7.5646], [36.6937, -7.5688], [36.7229, -7.5688], [36.7271, -7.5729], [36.7396, -7.5729], [36.7437, -7.5771], [36.7604, -7.5771], [36.7646, -7.5813], [36.7687, -7.5813], [36.7729, -7.5854], [36.7812, -7.5854], [36.7854, -7.5813], [36.7896, -7.5813], [36.7937, -7.5854]]}}, {"type": "Feature", "properties": {"order": 7, "discharge": 118.47}, "geometry": {"type": "LineString", "coordinates": [[36.7937, -7.5854], [36.7937, -7.5896]]}}, {"type": "Feature", "properties": {"order": 5, "discharge": 99.44}, "geometry": {"type": "LineString", "coordinates": [[31.5521, -7.5813], [31.5562, -7.5854], [31.5771, -7.5854], [31.5854, -7.5938]]}}, {"type": "Feature", "properties": {"order": 5, "discharge": 18.61}, "geometry": {"type": "LineString", "coordinates": [[36.3312, -7.5938], [36.3354, -7.5938], [36.3396, -7.5896], [36.3437, -7.5938], [36.3521, -7.5854], [36.3562, -7.5854], [36.3646, -7.5771], [36.3687, -7.5771], [36.3729, -7.5729], [36.3771, -7.5729], [36.3812, -7.5688]]}}, {"type": "Feature", "properties": {"order": 5, "discharge": 18.22}, "geometry": {"type": "LineString", "coordinates": [[36.3312, -7.6021], [36.3312, -7.5938]]}}, {"type": "Feature", "properties": {"order": 5, "discharge": 99.83}, "geometry": {"type": "LineString", "coordinates": [[31.5854, -7.5938], [31.5937, -7.5938], [31.5979, -7.5979], [31.6021, -7.5979], [31.6104, -7.6063], [31.6146, -7.6063]]}}, {"type": "Feature", "properties": {"order": 5, "discharge": 18.12}, "geometry": {"type": "LineString", "coordinates": [[36.3229, -7.6063], [36.3271, -7.6063], [36.3312, -7.6021]]}}, {"type": "Feature", "properties": {"order": 6, "discharge": 208.45}, "geometry": {"type": "LineString", "coordinates": [[30.5062, -7.6146], [30.5021, -7.6104], [30.5021, -7.6063], [30.4979, -7.6021], [30.4979, -7.5938], [30.4937, -7.5896], [30.4937, -7.5813], [30.4896, -7.5771]]}}, {"type": "Feature", "properties": {"order": 5, "discharge": 99.4}, "geometry": {"type": "LineString", "coordinates": [[31.6146, -7.6063], [31.6229, -7.6146], [31.6396, -7.6146]]}}, {"type": "Feature", "properties": {"order": 6, "discharge": 63.91}, "geometry": {"type": "LineString", "coordinates": [[35.0062, -7.6146], [35.0104, -7.6104], [35.0104, -7.6063], [35.0062, -7.6021], [35.0062, -7.5979], [35.0104, -7.5938], [35.0104, -7.5896], [35.0229, -7.5771]]}}, {"type": "Feature", "properties": {"order": 5, "discharge": 99.03}, "geometry": {"type": "LineString", "coordinates": [[31.6396, -7.6146], [31.6562, -7.6146], [31.6604, -7.6188]]}}, {"type": "Feature", "properties": {"order": 5, "discharge": 17.25}, "geometry": {"type": "LineString", "coordinates": [[36.3146, -7.6188], [36.3187, -7.6146], [36.3187, -7.6104], [36.3229, -7.6063]]}}, {"type": "Feature", "properties": {"order": 7, "discharge": 117.45}, "geometry": {"type": "LineString", "coordinates": [[36.7937, -7.5896], [36.7937, -7.5979], [36.7896, -7.6021], [36.7896, -7.6146], [36.7854, -7.6188]]}}, {"type": "Feature", "properties": {"order": 5, "discharge": 110.76}, "geometry": {"type": "LineString", "coordinates": [[31.6604, -7.6188], [31.6646, -7.6229], [31.6771, -7.6229], [31.6812, -7.6271]]}}, {"type": "Feature", "properties": {"order": 5, "discharge": 110.71}, "geometry": {"type": "LineString", "coordinates": [[31.6812, -7.6271], [31.6854, -7.6271]]}}, {"type": "Feature", "properties": {"order": 5, "discharge": 110.45}, "geometry": {"type": "LineString", "coordinates": [[31.6854, -7.6271], [31.7021, -7.6271]]}}, {"type": "Feature", "properties": {"order": 6, "discharge": 64.19}, "geometry": {"type": "LineString", "coordinates": [[34.9979, -7.6271], [35.0062, -7.6188], [35.0062, -7.6146]]}}, {"type": "Feature", "properties": {"order": 6, "discharge": 141.34}, "geometry": {"type": "LineString", "coordinates": [[31.7937, -7.5688], [31.7979, -7.5729], [31.7979, -7.5771], [31.8021, -7.5813], [31.8021, -7.5854], [31.8146, -7.5979], [31.8146, -7.6021], [31.8187, -7.6063], [31.8146, -7.6104], [31.8354, -7.6313], [31.9229, -7.6313]]}}, {"type": "Feature", "properties": {"order": 5, "discharge": 110.65}, "geometry": {"type": "LineString", "coordinates": [[31.7021, -7.6271], [31.7104, -7.6354]]}}, {"type": "Feature", "properties": {"order": 7, "discharge": 114.57}, "geometry": {"type": "LineString", "coordinates": [[36.8854, -7.6354], [36.8937, -7.6354]]}}, {"type": "Feature", "properties": {"order": 6, "discharge": 142.8}, "geometry": {"type": "LineString", "coordinates": [[31.9229, -7.6313], [31.9271, -7.6313], [31.9354, -7.6396]]}}, {"type": "Feature", "properties": {"order": 7, "discharge": 114.89}, "geometry": {"type": "LineString", "coordinates": [[36.8562, -7.6354], [36.8729, -7.6354], [36.8771, -7.6396], [36.8812, -7.6354], [36.8854, -7.6354]]}}, {"type": "Feature", "properties": {"order": 7, "discharge": 116.53}, "geometry": {"type": "LineString", "coordinates": [[36.7854, -7.6188], [36.7854, -7.6271], [36.7812, -7.6313], [36.7812, -7.6354], [36.7771, -7.6396], [36.7771, -7.6438]]}}, {"type": "Feature", "properties": {"order": 7, "discharge": 117.09}, "geometry": {"type": "LineString", "coordinates": [[36.7771, -7.6438], [36.8271, -7.6438]]}}, {"type": "Feature", "properties": {"order": 7, "discharge": 116.05}, "geometry": {"type": "LineString", "coordinates": [[36.8271, -7.6438], [36.8354, -7.6438], [36.8437, -7.6354], [36.8562, -7.6354]]}}, {"type": "Feature", "properties": {"order": 6, "discharge": 64.27}, "geometry": {"type": "LineString", "coordinates": [[34.9937, -7.6479], [34.9937, -7.6438], [34.9979, -7.6396], [34.9979, -7.6271]]}}, {"type": "Feature", "properties": {"order": 6, "discharge": 208.89}, "geometry": {"type": "LineString", "coordinates": [[30.5187, -7.6563], [30.5187, -7.6521], [30.5146, -7.6479], [30.5146, -7.6396], [30.5104, -7.6354], [30.5104, -7.6313], [30.5062, -7.6271], [30.5062, -7.6146]]}}, {"type": "Feature", "properties": {"order": 5, "discharge": 110.36}, "geometry": {"type": "LineString", "coordinates": [[31.7104, -7.6354], [31.7146, -7.6396], [31.7146, -7.6438], [31.7187, -7.6479], [31.7187, -7.6521], [31.7271, -7.6604], [31.7354, -7.6604], [31.7437, -7.6521], [31.7521, -7.6521], [31.7562, -7.6563], [31.7604, -7.6563], [31.7646, -7.6604]]}}, {"type": "Feature", "properties": {"order": 6, "discharge": 64.33}, "geometry": {"type": "LineString", "coordinates": [[34.9854, -7.6604], [34.9937, -7.6521], [34.9937, -7.6479]]}}, {"type": "Feature", "properties": {"order": 6, "discharge": 143.39}, "geometry": {"type": "LineString", "coordinates": [[31.9354, -7.6396], [31.9604, -7.6646]]}}, {"type": "Feature", "properties": {"order": 5, "discharge": 110.53}, "geometry": {"type": "LineString", "coordinates": [[31.7646, -7.6604], [31.7687, -7.6604], [31.7729, -7.6646], [31.7771, -7.6646], [31.7812, -7.6688]]}}, {"type": "Feature", "properties": {"order": 7, "discharge": 110.56}, "geometry": {"type": "LineString", "coordinates": [[36.8937, -7.6354], [36.9021, -7.6438], [36.9062, -7.6396], [36.9312, -7.6396], [36.9396, -7.6479], [36.9437, -7.6479], [36.9521, -7.6563], [36.9646, -7.6563], [36.9687, -7.6604], [36.9771, -7.6604], [36.9854, -7.6688]]}}, {"type": "Feature", "properties": {"order": 7, "discharge": 109.98}, "geometry": {"type": "LineString", "coordinates": [[36.9854, -7.6688], [36.9896, -7.6688], [36.9937, -7.6729], [37.0021, -7.6729]]}}, {"type": "Feature", "properties": {"order": 5, "discharge": 110.09}, "geometry": {"type": "LineString", "coordinates": [[31.7812, -7.6688], [31.7854, -7.6729], [31.7896, -7.6729], [31.7937, -7.6771], [31.7979, -7.6771]]}}, {"type": "Feature", "properties": {"order": 5, "discharge": 15.38}, "geometry": {"type": "LineString", "coordinates": [[36.2104, -7.6771], [36.2229, -7.6771], [36.2646, -7.6354], [36.2729, -7.6354], [36.2771, -7.6313], [36.2854, -7.6313], [36.2896, -7.6271], [36.3062, -7.6271], [36.3146, -7.6188]]}}, {"type": "Feature", "properties": {"order": 5, "discharge": 109.98}, "geometry": {"type": "LineString", "coordinates": [[31.7979, -7.6771], [31.8062, -7.6854]]}}, {"type": "Feature", "properties": {"order": 5, "discharge": 108.18}, "geometry": {"type": "LineString", "coordinates": [[31.8062, -7.6854], [31.8729, -7.6854]]}}, {"type": "Feature", "properties": {"order": 5, "discharge": 107.05}, "geometry": {"type": "LineString", "coordinates": [[31.8729, -7.6854], [31.9187, -7.6854]]}}, {"type": "Feature", "properties": {"order": 5, "discharge": 105.39}, "geometry": {"type": "LineString", "coordinates": [[31.9187, -7.6854], [31.9812, -7.6854]]}}, {"type": "Feature", "properties": {"order": 6, "discharge": 142.65}, "geometry": {"type": "LineString", "coordinates": [[31.9604, -7.6646], [31.9812, -7.6854]]}}, {"type": "Feature", "properties": {"order": 6, "discharge": 64.34}, "geometry": {"type": "LineString", "coordinates": [[34.9354, -7.6854], [34.9396, -7.6813], [34.9396, -7.6771], [34.9479, -7.6688], [34.9521, -7.6688], [34.9562, -7.6646], [34.9771, -7.6646], [34.9812, -7.6604], [34.9854, -7.6604]]}}, {"type": "Feature", "properties": {"order": 7, "discharge": 110.06}, "geometry": {"type": "LineString", "coordinates": [[37.0021, -7.6729], [37.0146, -7.6854]]}}, {"type": "Feature", "properties": {"order": 6, "discharge": 63.36}, "geometry": {"type": "LineString", "coordinates": [[34.9271, -7.6896], [34.9312, -7.6896], [34.9354, -7.6854]]}}, {"type": "Feature", "properties": {"order": 7, "discharge": 114.98}, "geometry": {"type": "LineString", "coordinates": [[37.0146, -7.6854], [37.0312, -7.7021]]}}, {"type": "Feature", "properties": {"order": 6, "discharge": 202.43}, "geometry": {"type": "LineString", "coordinates": [[30.5396, -7.7063], [30.5354, -7.7021], [30.5354, -7.6979], [30.5312, -7.6938], [30.5312, -7.6854], [30.5271, -7.6813], [30.5271, -7.6771], [30.5229, -7.6729], [30.5229, -7.6646], [30.5187, -7.6604], [30.5187, -7.6563]]}}, {"type": "Feature", "properties": {"order": 7, "discharge": 115.16}, "geometry": {"type": "LineString", "coordinates": [[37.0312, -7.7021], [37.0354, -7.7063], [37.0396, -7.7063], [37.0437, -7.7104], [37.0521, -7.7104]]}}, {"type": "Feature", "properties": {"order": 6, "discharge": 245.52}, "geometry": {"type": "LineString", "coordinates": [[31.9812, -7.6854], [32.0187, -7.7229]]}}, {"type": "Feature", "properties": {"order": 6, "discharge": 245.75}, "geometry": {"type": "LineString", "coordinates": [[32.0187, -7.7229], [32.0229, -7.7271]]}}, {"type": "Feature", "properties": {"order": 6, "discharge": 62.32}, "geometry": {"type": "LineString", "coordinates": [[34.8687, -7.7354], [34.8771, -7.7271], [34.8854, -7.7271], [34.9104, -7.7021], [34.9104, -7.6979], [34.9146, -7.6938], [34.9229, -7.6938], [34.9271, -7.6896]]}}, {"type": "Feature", "properties": {"order": 7, "discharge": 120.48}, "geometry": {"type": "LineString", "coordinates": [[37.0521, -7.7104], [37.0562, -7.7146], [37.0604, -7.7146], [37.0604, -7.7229], [37.0771, -7.7396], [37.0812, -7.7396]]}}, {"type": "Feature", "properties": {"order": 6, "discharge": 202.21}, "geometry": {"type": "LineString", "coordinates": [[30.5562, -7.7479], [30.5521, -7.7438], [30.5521, -7.7396], [30.5479, -7.7354], [30.5479, -7.7271], [30.5437, -7.7229], [30.5437, -7.7188], [30.5396, -7.7146], [30.5396, -7.7063]]}}, {"type": "Feature", "properties": {"order": 6, "discharge": 249.12}, "geometry": {"type": "LineString", "coordinates": [[32.0229, -7.7271], [32.0229, -7.7313], [32.0437, -7.7521]]}}, {"type": "Feature", "properties": {"order": 6, "discharge": 62.58}, "geometry": {"type": "LineString", "coordinates": [[34.8729, -7.7646], [34.8729, -7.7438], [34.8687, -7.7396], [34.8687, -7.7354]]}}, {"type": "Feature", "properties": {"order": 6, "discharge": 251.38}, "geometry": {"type": "LineString", "coordinates": [[32.0437, -7.7521], [32.0604, -7.7688]]}}, {"type": "Feature", "properties": {"order": 6, "discharge": 62.7}, "geometry": {"type": "LineString", "coordinates": [[34.8687, -7.7729], [34.8729, -7.7688], [34.8729, -7.7646]]}}, {"type": "Feature", "properties": {"order": 6, "discharge": 203.03}, "geometry": {"type": "LineString", "coordinates": [[30.5646, -7.7771], [30.5646, -7.7688], [30.5604, -7.7646], [30.5604, -7.7604], [30.5562, -7.7563], [30.5562, -7.7479]]}}, {"type": "Feature", "properties": {"order": 7, "discharge": 120.47}, "geometry": {"type": "LineString", "coordinates": [[37.0812, -7.7396], [37.0937, -7.7521], [37.0937, -7.7604], [37.0896, -7.7646], [37.0896, -7.7688], [37.0937, -7.7729], [37.0937, -7.7771]]}}, {"type": "Feature", "properties": {"order": 6, "discharge": 202.3}, "geometry": {"type": "LineString", "coordinates": [[30.5687, -7.7854], [30.5687, -7.7813], [30.5646, -7.7771]]}}, {"type": "Feature", "properties": {"order": 7, "discharge": 120.5}, "geometry": {"type": "LineString", "coordinates": [[37.0937, -7.7771], [37.0979, -7.7771], [37.1021, -7.7813], [37.1062, -7.7813], [37.1104, -7.7854]]}}, {"type": "Feature", "properties": {"order": 8, "discharge": 855.51}, "geometry": {"type": "LineString", "coordinates": [[38.0062, -7.7854], [38.0104, -7.7813], [38.0437, -7.7813], [38.0479, -7.7771], [38.0687, -7.7771], [38.0729, -7.7813], [38.1521, -7.7813], [38.1562, -7.7854], [38.1687, -7.7854], [38.1729, -7.7813], [38.1896, -7.7813], [38.1937, -7.7771], [38.1937, -7.7729], [38.1979, -7.7688], [38.2021, -7.7688], [38.2062, -7.7646], [38.2146, -7.7646]]}}, {"type": "Feature", "properties": {"order": 8, "discharge": 861.39}, "geometry": {"type": "LineString", "coordinates": [[38.2146, -7.7646], [38.2187, -7.7688], [38.2229, -7.7688], [38.2312, -7.7771], [38.2312, -7.7896]]}}, {"type": "Feature", "properties": {"order": 6, "discharge": 62.65}, "geometry": {"type": "LineString", "coordinates": [[34.8437, -7.7938], [34.8437, -7.7896], [34.8479, -7.7896], [34.8521, -7.7854], [34.8562, -7.7854], [34.8604, -7.7813], [34.8604, -7.7771], [34.8646, -7.7729], [34.8687, -7.7729]]}}, {"type": "Feature", "properties": {"order": 6, "discharge": 62.45}, "geometry": {"type": "LineString", "coordinates": [[34.8187, -7.7979], [34.8312, -7.7979]]}}, {"type": "Feature", "properties": {"order": 6, "discharge": 62.41}, "geometry": {"type": "LineString", "coordinates": [[34.8312, -7.7979], [34.8396, -7.7979], [34.8437, -7.7938]]}}, {"type": "Feature", "properties": {"order": 8, "discharge": 862.61}, "geometry": {"type": "LineString", "coordinates": [[37.9521, -7.7979], [37.9562, -7.7979], [37.9604, -7.7938], [37.9646, -7.7938], [37.9687, -7.7896], [37.9896, -7.7896], [37.9937, -7.7854], [38.0062, -7.7854]]}}, {"type": "Feature", "properties": {"order": 8, "discharge": 863.45}, "geometry": {"type": "LineString", "coordinates": [[38.2312, -7.7896], [38.2396, -7.7979], [38.2479, -7.7979], [38.2604, -7.7854]]}}, {"type": "Feature", "properties": {"order": 8, "discharge": 895.97}, "geometry": {"type": "LineString", "coordinates": [[37.8312, -7.8063], [37.8354, -7.8021], [37.8604, -7.8021], [37.8646, -7.7979], [37.8646, -7.7938]]}}, {"type": "Feature", "properties": {"order": 8, "discharge": 862.61}, "geometry": {"type": "LineString", "coordinates": [[38.2604, -7.7854], [38.2687, -7.7938], [38.2687, -7.7979], [38.2729, -7.8021], [38.2812, -7.8021], [38.2854, -7.8063]]}}, {"type": "Feature", "properties": {"order": 6, "discharge": 202.39}, "geometry": {"type": "LineString", "coordinates": [[30.5812, -7.8104], [30.5771, -7.8063], [30.5771, -7.8021], [30.5729, -7.7979], [30.5729, -7.7896], [30.5687, -7.7854]]}}, {"type": "Feature", "properties": {"order": 6, "discharge": 250.26}, "geometry": {"type": "LineString", "coordinates": [[32.0604, -7.7688], [32.1021, -7.8104]]}}, {"type": "Feature", "properties": {"order": 6, "discharge": 62.48}, "geometry": {"type": "LineString", "coordinates": [[34.8021, -7.8104], [34.8146, -7.7979], [34.8187, -7.7979]]}}, {"type": "Feature", "properties": {"order": 8, "discharge": 884.16}, "geometry": {"type": "LineString", "coordinates": [[37.8646, -7.7938], [37.8687, -7.7896], [37.8729, -7.7938], [37.8729, -7.7979], [37.8771, -7.8021], [37.8812, -7.8021], [37.8854, -7.8063], [37.8937, -7.8063], [37.8979, -7.8104], [37.9062, -7.8104], [37.9104, -7.8146]]}}, {"type": "Feature", "properties": {"order": 8, "discharge": 874.45}, "geometry": {"type": "LineString", "coordinates": [[37.9104, -7.8146], [37.9146, -7.8146], [37.9271, -7.8021], [37.9437, -7.8021], [37.9479, -7.7979], [37.9521, -7.7979]]}}, {"type": "Feature", "properties": {"order": 6, "discharge": 62.62}, "geometry": {"type": "LineString", "coordinates": [[34.7729, -7.8188], [34.7771, -7.8188]]}}, {"type": "Feature", "properties": {"order": 6, "discharge": 62.53}, "geometry": {"type": "LineString", "coordinates": [[34.7771, -7.8188], [34.7812, -7.8188], [34.7854, -7.8146], [34.7896, -7.8146], [34.7937, -7.8104], [34.8021, -7.8104]]}}, {"type": "Feature", "properties": {"order": 8, "discharge": 904.25}, "geometry": {"type": "LineString", "coordinates": [[37.8271, -7.8188], [37.8312, -7.8146], [37.8312, -7.8063]]}}, {"type": "Feature", "properties": {"order": 6, "discharge": 255.63}, "geometry": {"type": "LineString", "coordinates": [[32.1021, -7.8104], [32.1187, -7.8271]]}}, {"type": "Feature", "properties": {"order": 6, "discharge": 62.6}, "geometry": {"type": "LineString", "coordinates": [[34.7521, -7.8271], [34.7562, -7.8271], [34.7604, -7.8229], [34.7646, -7.8229], [34.7687, -7.8188], [34.7729, -7.8188]]}}, {"type": "Feature", "properties": {"order": 6, "discharge": 258.68}, "geometry": {"type": "LineString", "coordinates": [[32.1187, -7.8271], [32.1229, -7.8313]]}}, {"type": "Feature", "properties": {"order": 6, "discharge": 201.23}, "geometry": {"type": "LineString", "coordinates": [[30.5896, -7.8354], [30.5896, -7.8313], [30.5854, -7.8271], [30.5854, -7.8229], [30.5812, -7.8188], [30.5812, -7.8104]]}}, {"type": "Feature", "properties": {"order": 6, "discharge": 62.62}, "geometry": {"type": "LineString", "coordinates": [[34.7021, -7.8438], [34.7187, -7.8438], [34.7271, -7.8354], [34.7312, -7.8354], [34.7354, -7.8313], [34.7396, -7.8313], [34.7437, -7.8271], [34.7521, -7.8271]]}}, {"type": "Feature", "properties": {"order": 8, "discharge": 860.14}, "geometry": {"type": "LineString", "coordinates": [[38.2854, -7.8063], [38.2937, -7.8063], [38.3104, -7.8229], [38.3187, -7.8229], [38.3312, -7.8354], [38.3354, -7.8354], [38.3437, -7.8438], [38.3604, -7.8438]]}}, {"type": "Feature", "properties": {"order": 6, "discharge": 258.43}, "geometry": {"type": "LineString", "coordinates": [[32.1229, -7.8313], [32.1396, -7.8479]]}}, {"type": "Feature", "properties": {"order": 6, "discharge": 62.8}, "geometry": {"type": "LineString", "coordinates": [[34.6896, -7.8479], [34.6937, -7.8438], [34.7021, -7.8438]]}}, {"type": "Feature", "properties": {"order": 6, "discharge": 62.74}, "geometry": {"type": "LineString", "coordinates": [[34.6854, -7.8521], [34.6896, -7.8479]]}}, {"type": "Feature", "properties": {"order": 7, "discharge": 121.03}, "geometry": {"type": "LineString", "coordinates": [[37.2437, -7.8521], [37.2479, -7.8563], [37.2771, -7.8563]]}}, {"type": "Feature", "properties": {"order": 8, "discharge": 904.86}, "geometry": {"type": "LineString", "coordinates": [[37.8437, -7.8563], [37.8437, -7.8479], [37.8312, -7.8354], [37.8312, -7.8229], [37.8271, -7.8188]]}}, {"type": "Feature", "properties": {"order": 6, "discharge": 201.61}, "geometry": {"type": "LineString", "coordinates": [[30.5979, -7.8604], [30.5979, -7.8521], [30.5937, -7.8479], [30.5937, -7.8396], [30.5896, -7.8354]]}}, {"type": "Feature", "properties": {"order": 7, "discharge": 127.19}, "geometry": {"type": "LineString", "coordinates": [[37.4479, -7.8521], [37.4646, -7.8521], [37.4729, -7.8604]]}}, {"type": "Feature", "properties": {"order": 7, "discharge": 121.03}, "geometry": {"type": "LineString", "coordinates": [[37.1437, -7.8604], [37.1479, -7.8646], [37.1604, -7.8646]]}}, {"type": "Feature", "properties": {"order": 7, "discharge": 121.07}, "geometry": {"type": "LineString", "coordinates": [[37.1604, -7.8646], [37.1646, -7.8604], [37.2146, -7.8604], [37.2187, -7.8563], [37.2312, -7.8563], [37.2354, -7.8604], [37.2437, -7.8521]]}}, {"type": "Feature", "properties": {"order": 7, "discharge": 124.19}, "geometry": {"type": "LineString", "coordinates": [[37.3479, -7.8563], [37.3521, -7.8563], [37.3562, -7.8604], [37.3646, -7.8604], [37.3687, -7.8646]]}}, {"type": "Feature", "properties": {"order": 7, "discharge": 128.65}, "geometry": {"type": "LineString", "coordinates": [[37.4729, -7.8604], [37.4771, -7.8604], [37.4812, -7.8646], [37.4937, -7.8646]]}}, {"type": "Feature", "properties": {"order": 7, "discharge": 128.46}, "geometry": {"type": "LineString", "coordinates": [[37.4937, -7.8646], [37.5062, -7.8521]]}}, {"type": "Feature", "properties": {"order": 6, "discharge": 202.0}, "geometry": {"type": "LineString", "coordinates": [[30.6021, -7.8688], [30.6021, -7.8646], [30.5979, -7.8604]]}}, {"type": "Feature", "properties": {"order": 7, "discharge": 121.96}, "geometry": {"type": "LineString", "coordinates": [[37.2771, -7.8563], [37.2812, -7.8604], [37.2854, -7.8604], [37.2937, -7.8688]]}}, {"type": "Feature", "properties": {"order": 7, "discharge": 124.1}, "geometry": {"type": "LineString", "coordinates": [[37.3312, -7.8688], [37.3354, -7.8646], [37.3354, -7.8604], [37.3396, -7.8563], [37.3479, -7.8563]]}}, {"type": "Feature", "properties": {"order": 8, "discharge": 858.21}, "geometry": {"type": "LineString", "coordinates": [[38.3604, -7.8438], [38.3646, -7.8479], [38.3812, -7.8479], [38.3854, -7.8438], [38.3979, -7.8438], [38.4146, -7.8604], [38.4187, -7.8604], [38.4271, -7.8688]]}}, {"type": "Feature", "properties": {"order": 8, "discharge": 856.59}, "geometry": {"type": "LineString", "coordinates": [[38.4271, -7.8688], [38.4396, -7.8688], [38.4437, -7.8646], [38.4646, -7.8646], [38.4687, -7.8688], [38.4937, -7.8688]]}}, {"type": "Feature", "properties": {"order": 8, "discharge": 868.8}, "geometry": {"type": "LineString", "coordinates": [[38.4937, -7.8688], [38.5104, -7.8688]]}}, {"type": "Feature", "properties": {"order": 7, "discharge": 120.78}, "geometry": {"type": "LineString", "coordinates": [[37.1104, -7.7854], [37.1104, -7.7938], [37.1062, -7.7979], [37.1062, -7.8021], [37.1104, -7.8063], [37.1062, -7.8104], [37.1062, -7.8188], [37.1021, -7.8229], [37.1021, -7.8271], [37.1062, -7.8313], [37.1062, -7.8396], [37.1021, -7.8438], [37.1021, -7.8521], [37.1062, -7.8563], [37.1062, -7.8646], [37.1146, -7.8729], [37.1229, -7.8729]]}}, {"type": "Feature", "properties": {"order": 7, "discharge": 120.94}, "geometry": {"type": "LineString", "coordinates": [[37.1229, -7.8729], [37.1312, -7.8646], [37.1354, -7.8646], [37.1396, -7.8604], [37.1437, -7.8604]]}}, {"type": "Feature", "properties": {"order": 7, "discharge": 123.8}, "geometry": {"type": "LineString", "coordinates": [[37.2937, -7.8688], [37.2979, -7.8729], [37.3062, -7.8729], [37.3146, -7.8646], [37.3187, -7.8688], [37.3312, -7.8688]]}}, {"type": "Feature", "properties": {"order": 7, "discharge": 127.28}, "geometry": {"type": "LineString", "coordinates": [[37.5062, -7.8521], [37.5146, -7.8604], [37.5146, -7.8646], [37.5187, -7.8688], [37.5229, -7.8688], [37.5271, -7.8729], [37.5312, -7.8729]]}}, {"type": "Feature", "properties": {"order": 7, "discharge": 123.34}, "geometry": {"type": "LineString", "coordinates": [[37.6021, -7.8729], [37.6104, -7.8729]]}}, {"type": "Feature", "properties": {"order": 7, "discharge": 123.55}, "geometry": {"type": "LineString", "coordinates": [[37.6104, -7.8729], [37.6187, -7.8729]]}}, {"type": "Feature", "properties": {"order": 8, "discharge": 868.78}, "geometry": {"type": "LineString", "coordinates": [[38.5104, -7.8688], [38.5146, -7.8729]]}}, {"type": "Feature", "properties": {"order": 6, "discharge": 62.38}, "geometry": {"type": "LineString", "coordinates": [[34.6521, -7.8771], [34.6562, -7.8729], [34.6604, -7.8729], [34.6687, -7.8646], [34.6729, -7.8646], [34.6854, -7.8521]]}}, {"type": "Feature", "properties": {"order": 7, "discharge": 126.97}, "geometry": {"type": "LineString", "coordinates": [[37.5312, -7.8729], [37.5354, -7.8771], [37.5437, -7.8771]]}}, {"type": "Feature", "properties": {"order": 8, "discharge": 913.72}, "geometry": {"type": "LineString", "coordinates": [[37.8396, -7.8771], [37.8437, -7.8729], [37.8437, -7.8563]]}}, {"type": "Feature", "properties": {"order": 8, "discharge": 868.05}, "geometry": {"type": "LineString", "coordinates": [[38.5146, -7.8729], [38.5312, -7.8729], [38.5354, -7.8771], [38.5521, -7.8771]]}}, {"type": "Feature", "properties": {"order": 6, "discharge": 201.47}, "geometry": {"type": "LineString", "coordinates": [[30.6062, -7.8813], [30.6062, -7.8729], [30.6021, -7.8688]]}}, {"type": "Feature", "properties": {"order": 8, "discharge": 918.49}, "geometry": {"type": "LineString", "coordinates": [[37.8354, -7.8813], [37.8396, -7.8771]]}}, {"type": "Feature", "properties": {"order": 8, "discharge": 867.97}, "geometry": {"type": "LineString", "coordinates": [[38.5521, -7.8771], [38.5562, -7.8813], [38.5604, -7.8813]]}}, {"type": "Feature", "properties": {"order": 7, "discharge": 125.91}, "geometry": {"type": "LineString", "coordinates": [[37.5437, -7.8771], [37.5479, -7.8771], [37.5521, -7.8813], [37.5604, -7.8813], [37.5646, -7.8854]]}}, {"type": "Feature", "properties": {"order": 8, "discharge": 919.35}, "geometry": {"type": "LineString", "coordinates": [[37.8312, -7.8854], [37.8354, -7.8813]]}}, {"type": "Feature", "properties": {"order": 6, "discharge": 256.39}, "geometry": {"type": "LineString", "coordinates": [[32.1396, -7.8479], [32.1812, -7.8896]]}}, {"type": "Feature", "properties": {"order": 6, "discharge": 62.25}, "geometry": {"type": "LineString", "coordinates": [[34.6271, -7.8896], [34.6354, -7.8813], [34.6479, -7.8813], [34.6521, -7.8771]]}}, {"type": "Feature", "properties": {"order": 7, "discharge": 124.17}, "geometry": {"type": "LineString", "coordinates": [[37.3687, -7.8646], [37.3729, -7.8688], [37.3771, -7.8688], [37.3979, -7.8896], [37.4021, -7.8896]]}}, {"type": "Feature", "properties": {"order": 7, "discharge": 124.16}, "geometry": {"type": "LineString", "coordinates": [[37.4021, -7.8896], [37.4062, -7.8854], [37.4104, -7.8854], [37.4146, -7.8813], [37.4146, -7.8771], [37.4271, -7.8646], [37.4271, -7.8563], [37.4354, -7.8479], [37.4396, -7.8521], [37.4479, -7.8521]]}}, {"type": "Feature", "properties": {"order": 6, "discharge": 199.03}, "geometry": {"type": "LineString", "coordinates": [[30.6146, -7.8938], [30.6104, -7.8896], [30.6104, -7.8854], [30.6062, -7.8813]]}}, {"type": "Feature", "properties": {"order": 7, "discharge": 124.82}, "geometry": {"type": "LineString", "coordinates": [[37.5646, -7.8854], [37.5687, -7.8854], [37.5729, -7.8896], [37.5812, -7.8896], [37.5854, -7.8938]]}}, {"type": "Feature", "properties": {"order": 7, "discharge": 123.75}, "geometry": {"type": "LineString", "coordinates": [[37.5854, -7.8938], [37.5937, -7.8854], [37.5937, -7.8813], [37.6021, -7.8729]]}}, {"type": "Feature", "properties": {"order": 6, "discharge": 199.01}, "geometry": {"type": "LineString", "coordinates": [[30.6187, -7.9021], [30.6146, -7.8979], [30.6146, -7.8938]]}}, {"type": "Feature", "properties": {"order": 6, "discharge": 62.31}, "geometry": {"type": "LineString", "coordinates": [[34.5854, -7.9063], [34.5854, -7.9021], [34.5896, -7.8979], [34.6104, -7.8979], [34.6146, -7.8938], [34.6187, -7.8938], [34.6229, -7.8896], [34.6271, -7.8896]]}}, {"type": "Feature", "properties": {"order": 7, "discharge": 121.81}, "geometry": {"type": "LineString", "coordinates": [[37.6187, -7.8729], [37.6229, -7.8771], [37.6229, -7.8813], [37.6312, -7.8896], [37.6312, -7.8938], [37.6437, -7.9063]]}}, {"type": "Feature", "properties": {"order": 7, "discharge": 118.98}, "geometry": {"type": "LineString", "coordinates": [[37.6437, -7.9063], [37.6479, -7.9063], [37.6562, -7.8979], [37.6604, -7.8979], [37.6646, -7.8938], [37.6896, -7.8938], [37.6937, -7.8896], [37.6979, -7.8896]]}}, {"type": "Feature", "properties": {"order": 6, "discharge": 255.95}, "geometry": {"type": "LineString", "coordinates": [[32.1812, -7.8896], [32.2021, -7.9104], [32.2021, -7.9146]]}}, {"type": "Feature", "properties": {"order": 6, "discharge": 238.16}, "geometry": {"type": "LineString", "coordinates": [[32.2104, -7.9188], [32.2062, -7.9146], [32.2021, -7.9146]]}}, {"type": "Feature", "properties": {"order": 8, "discharge": 918.3}, "geometry": {"type": "LineString", "coordinates": [[39.2687, -7.9188], [39.2771, -7.9104], [39.2771, -7.9021], [39.2687, -7.8938], [39.2687, -7.8896], [39.2771, -7.8813], [39.2771, -7.8771], [39.2812, -7.8729], [39.2812, -7.8688], [39.2896, -7.8604], [39.2896, -7.8521], [39.2937, -7.8479], [39.2937, -7.8438], [39.3062, -7.8313], [39.3104, -7.8313], [39.3187, -7.8229], [39.3187, -7.8146], [39.3229, -7.8104], [39.3229, -7.8063], [39.3312, -7.7979], [39.3312, -7.7896], [39.3479, -7.7729], [39.3521, -7.7729]]}}, {"type": "Feature", "properties": {"order": 6, "discharge": 197.7}, "geometry": {"type": "LineString", "coordinates": [[30.6271, -7.9229], [30.6229, -7.9188], [30.6229, -7.9104], [30.6187, -7.9063], [30.6187, -7.9021]]}}, {"type": "Feature", "properties": {"order": 8, "discharge": 920.29}, "geometry": {"type": "LineString", "coordinates": [[37.7979, -7.9271], [37.7979, -7.9146], [37.8021, -7.9104], [37.8021, -7.9021], [37.8146, -7.8896], [37.8187, -7.8896], [37.8229, -7.8854], [37.8312, -7.8854]]}}, {"type": "Feature", "properties": {"order": 6, "discharge": 61.6}, "geometry": {"type": "LineString", "coordinates": [[34.5604, -7.9313], [34.5646, -7.9271], [34.5687, -7.9271], [34.5729, -7.9229], [34.5771, -7.9229], [34.5812, -7.9188], [34.5812, -7.9146], [34.5854, -7.9104], [34.5854, -7.9063]]}}, {"type": "Feature", "properties": {"order": 7, "discharge": 112.53}, "geometry": {"type": "LineString", "coordinates": [[37.6979, -7.8896], [37.7021, -7.8896], [37.7062, -7.8854], [37.7104, -7.8854], [37.7146, -7.8813], [37.7312, -7.8813], [37.7396, -7.8729], [37.7437, -7.8729], [37.7562, -7.8854], [37.7521, -7.8896], [37.7604, -7.8979], [37.7604, -7.9021], [37.7687, -7.9104], [37.7646, -7.9146], [37.7687, -7.9188], [37.7771, -7.9188], [37.7812, -7.9229], [37.7854, -7.9229], [37.7937, -7.9313], [37.7979, -7.9271]]}}, {"type": "Feature", "properties": {"order": 7, "discharge": 820.59}, "geometry": {"type": "LineString", "coordinates": [[37.8021, -7.9354], [37.7979, -7.9313], [37.7979, -7.9271]]}}, {"type": "Feature", "properties": {"order": 8, "discharge": 866.07}, "geometry": {"type": "LineString", "coordinates": [[38.5604, -7.8813], [38.5646, -7.8813], [38.5687, -7.8854], [38.5729, -7.8854], [38.5812, -7.8938], [38.5896, -7.8938], [38.5937, -7.8979], [38.5979, -7.8979], [38.6021, -7.9021], [38.6062, -7.9021], [38.6104, -7.9063], [38.6146, -7.9063], [38.6187, -7.9104], [38.6187, -7.9146], [38.6354, -7.9313], [38.6354, -7.9396]]}}, {"type": "Feature", "properties": {"order": 6, "discharge": 237.72}, "geometry": {"type": "LineString", "coordinates": [[32.2896, -7.9438], [32.2812, -7.9438], [32.2771, -7.9396], [32.2729, -7.9396], [32.2687, -7.9354], [32.2604, -7.9354], [32.2562, -7.9313], [32.2479, -7.9313], [32.2437, -7.9271], [32.2354, -7.9271], [32.2312, -7.9229], [32.2229, -7.9229], [32.2187, -7.9188], [32.2104, -7.9188]]}}, {"type": "Feature", "properties": {"order": 6, "discharge": 61.44}, "geometry": {"type": "LineString", "coordinates": [[34.5354, -7.9479], [34.5437, -7.9396], [34.5521, -7.9396], [34.5604, -7.9313]]}}, {"type": "Feature", "properties": {"order": 7, "discharge": 821.39}, "geometry": {"type": "LineString", "coordinates": [[37.8104, -7.9479], [37.8062, -7.9438], [37.8062, -7.9396], [37.8021, -7.9354]]}}, {"type": "Feature", "properties": {"order": 5, "discharge": 45.16}, "geometry": {"type": "LineString", "coordinates": [[38.5229, -7.9438], [38.5271, -7.9438], [38.5312, -7.9479], [38.5354, -7.9479], [38.5396, -7.9438], [38.5479, -7.9438], [38.5521, -7.9396], [38.5562, -7.9396], [38.5604, -7.9438], [38.5687, -7.9354], [38.5729, -7.9354], [38.5812, -7.9438], [38.5854, -7.9438], [38.5896, -7.9396], [38.5937, -7.9396], [38.5979, -7.9354], [38.5979, -7.9313], [38.6021, -7.9271], [38.6146, -7.9396], [38.6187, -7.9396], [38.6229, -7.9438], [38.6271, -7.9396], [38.6354, -7.9396]]}}, {"type": "Feature", "properties": {"order": 6, "discharge": 242.04}, "geometry": {"type": "LineString", "coordinates": [[32.3146, -7.9521], [32.3062, -7.9521], [32.3021, -7.9479], [32.2937, -7.9479], [32.2896, -7.9438]]}}, {"type": "Feature", "properties": {"order": 8, "discharge": 924.13}, "geometry": {"type": "LineString", "coordinates": [[39.2354, -7.9563], [39.2396, -7.9521], [39.2479, -7.9521], [39.2521, -7.9563], [39.2562, -7.9521], [39.2562, -7.9479], [39.2646, -7.9396], [39.2646, -7.9271], [39.2604, -7.9229], [39.2646, -7.9188], [39.2687, -7.9188]]}}, {"type": "Feature", "properties": {"order": 6, "discharge": 241.44}, "geometry": {"type": "LineString", "coordinates": [[32.3354, -7.9646], [32.3312, -7.9604], [32.3271, -7.9604], [32.3229, -7.9563], [32.3187, -7.9563], [32.3146, -7.9521]]}}, {"type": "Feature", "properties": {"order": 6, "discharge": 61.29}, "geometry": {"type": "LineString", "coordinates": [[34.5229, -7.9646], [34.5312, -7.9563], [34.5312, -7.9521], [34.5354, -7.9479]]}}, {"type": "Feature", "properties": {"order": 8, "discharge": 910.0}, "geometry": {"type": "LineString", "coordinates": [[38.6354, -7.9396], [38.6396, -7.9438], [38.6396, -7.9521], [38.6437, -7.9563], [38.6437, -7.9604], [38.6479, -7.9646], [38.6562, -7.9646], [38.6646, -7.9563], [38.6687, -7.9563], [38.6729, -7.9521]]}}, {"type": "Feature", "properties": {"order": 6, "discharge": 197.34}, "geometry": {"type": "LineString", "coordinates": [[30.6479, -7.9729], [30.6437, -7.9688], [30.6437, -7.9646], [30.6396, -7.9604], [30.6396, -7.9521], [30.6354, -7.9479], [30.6354, -7.9438], [30.6312, -7.9396], [30.6312, -7.9313], [30.6271, -7.9271], [30.6271, -7.9229]]}}, {"type": "Feature", "properties": {"order": 6, "discharge": 242.68}, "geometry": {"type": "LineString", "coordinates": [[32.3646, -7.9771], [32.3604, -7.9729], [32.3521, -7.9729], [32.3479, -7.9688], [32.3437, -7.9688], [32.3396, -7.9646], [32.3354, -7.9646]]}}, {"type": "Feature", "properties": {"order": 6, "discharge": 242.48}, "geometry": {"type": "LineString", "coordinates": [[32.3687, -7.9771], [32.3646, -7.9771]]}}, {"type": "Feature", "properties": {"order": 8, "discharge": 909.55}, "geometry": {"type": "LineString", "coordinates": [[38.6729, -7.9521], [38.6896, -7.9688], [38.6896, -7.9729], [38.6937, -7.9771]]}}, {"type": "Feature", "properties": {"order": 6, "discharge": 242.35}, "geometry": {"type": "LineString", "coordinates": [[32.3729, -7.9813], [32.3687, -7.9771]]}}, {"type": "Feature", "properties": {"order": 8, "discharge": 909.23}, "geometry": {"type": "LineString", "coordinates": [[38.6937, -7.9771], [38.6979, -7.9813], [38.7187, -7.9813], [38.7271, -7.9729]]}}, {"type": "Feature", "properties": {"order": 8, "discharge": 908.69}, "geometry": {"type": "LineString", "coordinates": [[38.7271, -7.9729], [38.7437, -7.9729], [38.7521, -7.9813]]}}, {"type": "Feature", "properties": {"order": 6, "discharge": 242.48}, "geometry": {"type": "LineString", "coordinates": [[32.3854, -7.9854], [32.3812, -7.9854], [32.3771, -7.9813], [32.3729, -7.9813]]}}, {"type": "Feature", "properties": {"order": 8, "discharge": 908.61}, "geometry": {"type": "LineString", "coordinates": [[38.7521, -7.9813], [38.7687, -7.9813], [38.7729, -7.9854], [38.7771, -7.9854]]}}, {"type": "Feature", "properties": {"order": 6, "discharge": 61.31}, "geometry": {"type": "LineString", "coordinates": [[34.5146, -7.9896], [34.5146, -7.9771], [34.5229, -7.9688], [34.5229, -7.9646]]}}, {"type": "Feature", "properties": {"order": 5, "discharge": 44.73}, "geometry": {"type": "LineString", "coordinates": [[38.4896, -7.9896], [38.4979, -7.9813], [38.4979, -7.9771], [38.5021, -7.9729], [38.5062, -7.9729], [38.5104, -7.9688], [38.5104, -7.9604], [38.5146, -7.9563], [38.5187, -7.9563], [38.5229, -7.9521], [38.5187, -7.9479], [38.5229, -7.9438]]}}, {"type": "Feature", "properties": {"order": 7, "discharge": 822.64}, "geometry": {"type": "LineString", "coordinates": [[37.7812, -7.9938], [37.7854, -7.9896], [37.7854, -7.9813], [37.7937, -7.9729], [37.7937, -7.9688], [37.8104, -7.9521], [37.8104, -7.9479]]}}, {"type": "Feature", "properties": {"order": 8, "discharge": 909.15}, "geometry": {"type": "LineString", "coordinates": [[38.7771, -7.9854], [38.7812, -7.9896], [38.7854, -7.9896], [38.7896, -7.9938]]}}, {"type": "Feature", "properties": {"order": 6, "discharge": 198.26}, "geometry": {"type": "LineString", "coordinates": [[30.6604, -8.0021], [30.6562, -7.9979], [30.6562, -7.9938], [30.6521, -7.9896], [30.6521, -7.9854], [30.6479, -7.9813], [30.6479, -7.9729]]}}, {"type": "Feature", "properties": {"order": 5, "discharge": 43.56}, "geometry": {"type": "LineString", "coordinates": [[38.4812, -8.0021], [38.4896, -7.9938], [38.4896, -7.9896]]}}, {"type": "Feature", "properties": {"order": 8, "discharge": 908.61}, "geometry": {"type": "LineString", "coordinates": [[38.7896, -7.9938], [38.7937, -7.9979], [38.8021, -7.9979], [38.8062, -8.0021], [38.8104, -8.0021]]}}, {"type": "Feature", "properties": {"order": 6, "discharge": 61.1}, "geometry": {"type": "LineString", "coordinates": [[34.5187, -8.0063], [34.5187, -7.9938], [34.5146, -7.9896]]}}, {"type": "Feature", "properties": {"order": 5, "discharge": 42.2}, "geometry": {"type": "LineString", "coordinates": [[38.4479, -8.0063], [38.4521, -8.0021], [38.4687, -8.0021], [38.4729, -8.0063], [38.4771, -8.0063], [38.4812, -8.0021]]}}, {"type": "Feature", "properties": {"order": 6, "discharge": 241.84}, "geometry": {"type": "LineString", "coordinates": [[32.4312, -8.0104], [32.4271, -8.0104], [32.4187, -8.0021], [32.4146, -8.0021], [32.4104, -7.9979], [32.4062, -7.9979], [32.4021, -7.9938], [32.3979, -7.9938], [32.3937, -7.9896], [32.3896, -7.9896], [32.3854, -7.9854]]}}, {"type": "Feature", "properties": {"order": 8, "discharge": 907.32}, "geometry": {"type": "LineString", "coordinates": [[38.8104, -8.0021], [38.8187, -8.0021], [38.8229, -7.9979], [38.8271, -7.9979], [38.8354, -8.0063], [38.8396, -8.0063], [38.8437, -8.0104]]}}, {"type": "Feature", "properties": {"order": 8, "discharge": 906.1}, "geometry": {"type": "LineString", "coordinates": [[38.8437, -8.0104], [38.8479, -8.0063], [38.8479, -7.9979], [38.8521, -7.9938], [38.8604, -7.9938], [38.8687, -8.0021], [38.8729, -8.0021]]}}, {"type": "Feature", "properties": {"order": 5, "discharge": 19.86}, "geometry": {"type": "LineString", "coordinates": [[32.1104, -8.0146], [32.1271, -7.9979], [32.1271, -7.9938], [32.1312, -7.9896], [32.1354, -7.9896], [32.1354, -7.9854], [32.2021, -7.9188], [32.2021, -7.9146]]}}, {"type": "Feature", "properties": {"order": 6, "discharge": 194.19}, "geometry": {"type": "LineString", "coordinates": [[30.6646, -8.0188], [30.6646, -8.0146], [30.6604, -8.0104], [30.6604, -8.0021]]}}, {"type": "Feature", "properties": {"order": 7, "discharge": 830.23}, "geometry": {"type": "LineString", "coordinates": [[37.7479, -8.0188], [37.7521, -8.0146], [37.7562, -8.0146], [37.7687, -8.0021], [37.7729, -8.0021], [37.7812, -7.9938]]}}, {"type": "Feature", "properties": {"order": 8, "discharge": 903.43}, "geometry": {"type": "LineString", "coordinates": [[38.8729, -8.0021], [38.8812, -7.9938], [38.8896, -7.9938], [38.9062, -8.0104], [38.9354, -8.0104], [38.9396, -8.0146], [38.9479, -8.0146], [38.9521, -8.0188], [38.9562, -8.0188]]}}, {"type": "Feature", "properties": {"order": 8, "discharge": 905.36}, "geometry": {"type": "LineString", "coordinates": [[38.9562, -8.0188], [38.9646, -8.0188]]}}, {"type": "Feature", "properties": {"order": 8, "discharge": 907.28}, "geometry": {"type": "LineString", "coordinates": [[38.9646, -8.0188], [38.9729, -8.0104], [38.9979, -8.0104], [39.0062, -8.0188]]}}, {"type": "Feature", "properties": {"order": 6, "discharge": 236.08}, "geometry": {"type": "LineString", "coordinates": [[32.4521, -8.0229], [32.4479, -8.0188], [32.4437, -8.0188], [32.4396, -8.0146], [32.4354, -8.0146], [32.4312, -8.0104]]}}, {"type": "Feature", "properties": {"order": 8, "discharge": 907.84}, "geometry": {"type": "LineString", "coordinates": [[39.0062, -8.0188], [39.0062, -8.0229], [39.0104, -8.0271], [39.0187, -8.0271]]}}, {"type": "Feature", "properties": {"order": 6, "discharge": 237.66}, "geometry": {"type": "LineString", "coordinates": [[32.4729, -8.0354], [32.4687, -8.0313], [32.4646, -8.0313], [32.4604, -8.0271], [32.4562, -8.0271], [32.4521, -8.0229]]}}, {"type": "Feature", "properties": {"order": 7, "discharge": 830.74}, "geometry": {"type": "LineString", "coordinates": [[37.7229, -8.0354], [37.7271, -8.0313], [37.7354, -8.0313], [37.7479, -8.0188]]}}, {"type": "Feature", "properties": {"order": 7, "discharge": 830.48}, "geometry": {"type": "LineString", "coordinates": [[37.7187, -8.0396], [37.7229, -8.0354]]}}, {"type": "Feature", "properties": {"order": 8, "discharge": 911.06}, "geometry": {"type": "LineString", "coordinates": [[39.1104, -8.0354], [39.1146, -8.0396], [39.1354, -8.0396]]}}, {"type": "Feature", "properties": {"order": 8, "discharge": 911.85}, "geometry": {"type": "LineString", "coordinates": [[39.1354, -8.0396], [39.1396, -8.0354], [39.1479, -8.0354], [39.1521, -8.0313], [39.1604, -8.0313], [39.1646, -8.0354]]}}, {"type": "Feature", "properties": {"order": 6, "discharge": 239.03}, "geometry": {"type": "LineString", "coordinates": [[32.4896, -8.0438], [32.4854, -8.0438], [32.4812, -8.0396], [32.4771, -8.0396], [32.4729, -8.0354]]}}, {"type": "Feature", "properties": {"order": 7, "discharge": 830.28}, "geometry": {"type": "LineString", "coordinates": [[37.7104, -8.0438], [37.7146, -8.0396], [37.7187, -8.0396]]}}, {"type": "Feature", "properties": {"order": 6, "discharge": 193.34}, "geometry": {"type": "LineString", "coordinates": [[30.6771, -8.0479], [30.6771, -8.0438], [30.6729, -8.0396], [30.6729, -8.0354], [30.6687, -8.0313], [30.6687, -8.0229], [30.6646, -8.0188]]}}, {"type": "Feature", "properties": {"order": 6, "discharge": 61.6}, "geometry": {"type": "LineString", "coordinates": [[34.5062, -8.0479], [34.5021, -8.0438], [34.5021, -8.0313], [34.5187, -8.0146], [34.5187, -8.0063]]}}, {"type": "Feature", "properties": {"order": 8, "discharge": 909.13}, "geometry": {"type": "LineString", "coordinates": [[39.0187, -8.0271], [39.0271, -8.0188], [39.0396, -8.0188], [39.0437, -8.0229], [39.0437, -8.0271], [39.0479, -8.0313], [39.0479, -8.0354], [39.0604, -8.0479], [39.0646, -8.0479]]}}, {"type": "Feature", "properties": {"order": 8, "discharge": 910.32}, "geometry": {"type": "LineString", "coordinates": [[39.0646, -8.0479], [39.0687, -8.0479], [39.0729, -8.0438], [39.0729, -8.0396], [39.0854, -8.0271], [39.0979, -8.0271], [39.1062, -8.0354], [39.1104, -8.0354]]}}, {"type": "Feature", "properties": {"order": 8, "discharge": 913.9}, "geometry": {"type": "LineString", "coordinates": [[39.2104, -8.0438], [39.2187, -8.0354], [39.2229, -8.0354], [39.2271, -8.0396], [39.2354, -8.0396], [39.2396, -8.0438], [39.2437, -8.0438], [39.2479, -8.0479], [39.2562, -8.0396], [39.2562, -8.0313], [39.2521, -8.0271], [39.2479, -8.0271], [39.2396, -8.0188], [39.2396, -8.0104], [39.2479, -8.0021], [39.2479, -7.9938], [39.2521, -7.9896], [39.2479, -7.9854], [39.2479, -7.9813], [39.2354, -7.9688], [39.2354, -7.9563]]}}, {"type": "Feature", "properties": {"order": 8, "discharge": 912.97}, "geometry": {"type": "LineString", "coordinates": [[39.1646, -8.0354], [39.1687, -8.0396], [39.1729, -8.0396], [39.1854, -8.0521], [39.2021, -8.0521], [39.2104, -8.0438]]}}, {"type": "Feature", "properties": {"order": 6, "discharge": 64.09}, "geometry": {"type": "LineString", "coordinates": [[34.5062, -8.0646], [34.5062, -8.0604], [34.5104, -8.0563], [34.5104, -8.0521], [34.5062, -8.0479]]}}, {"type": "Feature", "properties": {"order": 6, "discharge": 239.32}, "geometry": {"type": "LineString", "coordinates": [[32.5229, -8.0729], [32.5021, -8.0521], [32.4979, -8.0521], [32.4896, -8.0438]]}}, {"type": "Feature", "properties": {"order": 6, "discharge": 64.99}, "geometry": {"type": "LineString", "coordinates": [[34.5104, -8.0771], [34.5104, -8.0688], [34.5062, -8.0646]]}}, {"type": "Feature", "properties": {"order": 6, "discharge": 241.92}, "geometry": {"type": "LineString", "coordinates": [[32.5354, -8.0854], [32.5229, -8.0729]]}}, {"type": "Feature", "properties": {"order": 5, "discharge": 19.73}, "geometry": {"type": "LineString", "coordinates": [[32.0729, -8.0896], [32.0729, -8.0688], [32.0771, -8.0646], [32.0771, -8.0563], [32.0812, -8.0521], [32.0812, -8.0479], [32.0854, -8.0438], [32.0854, -8.0396], [32.1104, -8.0146]]}}, {"type": "Feature", "properties": {"order": 6, "discharge": 194.01}, "geometry": {"type": "LineString", "coordinates": [[30.6979, -8.0938], [30.6979, -8.0896], [30.6937, -8.0854], [30.6937, -8.0813], [30.6896, -8.0771], [30.6896, -8.0688], [30.6854, -8.0646], [30.6854, -8.0604], [30.6812, -8.0563], [30.6812, -8.0521], [30.6771, -8.0479]]}}, {"type": "Feature", "properties": {"order": 6, "discharge": 193.75}, "geometry": {"type": "LineString", "coordinates": [[30.7021, -8.1021], [30.7021, -8.0979], [30.6979, -8.0938]]}}, {"type": "Feature", "properties": {"order": 7, "discharge": 829.86}, "geometry": {"type": "LineString", "coordinates": [[37.6771, -8.1021], [37.6937, -8.0854], [37.6937, -8.0813], [37.6896, -8.0771], [37.6896, -8.0729], [37.7104, -8.0521], [37.7104, -8.0438]]}}, {"type": "Feature", "properties": {"order": 6, "discharge": 65.7}, "geometry": {"type": "LineString", "coordinates": [[34.5187, -8.1063], [34.5146, -8.1021], [34.5146, -8.0896], [34.5104, -8.0854], [34.5104, -8.0771]]}}, {"type": "Feature", "properties": {"order": 7, "discharge": 828.04}, "geometry": {"type": "LineString", "coordinates": [[37.6687, -8.1188], [37.6687, -8.1146], [37.6771, -8.1063], [37.6771, -8.1021]]}}, {"type": "Feature", "properties": {"order": 6, "discharge": 242.67}, "geometry": {"type": "LineString", "coordinates": [[32.5479, -8.1229], [32.5479, -8.1063], [32.5437, -8.1021], [32.5437, -8.0938], [32.5354, -8.0854]]}}, {"type": "Feature", "properties": {"order": 5, "discharge": 30.64}, "geometry": {"type": "LineString", "coordinates": [[38.4229, -8.1271], [38.4229, -8.1229], [38.4187, -8.1188], [38.4187, -8.1146], [38.4229, -8.1104], [38.4229, -8.1021], [38.4271, -8.0979], [38.4271, -8.0854], [38.4229, -8.0813], [38.4229, -8.0604], [38.4271, -8.0563], [38.4271, -8.0521], [38.4312, -8.0479], [38.4312, -8.0396], [38.4437, -8.0271], [38.4437, -8.0229], [38.4479, -8.0188], [38.4521, -8.0188], [38.4521, -8.0104], [38.4479, -8.0063]]}}, {"type": "Feature", "properties": {"order": 6, "discharge": 193.75}, "geometry": {"type": "LineString", "coordinates": [[30.7187, -8.1313], [30.7146, -8.1271], [30.7146, -8.1229], [30.7104, -8.1188], [30.7104, -8.1146], [30.7062, -8.1104], [30.7062, -8.1063], [30.7021, -8.1021]]}}, {"type": "Feature", "properties": {"order": 7, "discharge": 827.51}, "geometry": {"type": "LineString", "coordinates": [[37.6687, -8.1313], [37.6687, -8.1188]]}}, {"type": "Feature", "properties": {"order": 6, "discharge": 67.44}, "geometry": {"type": "LineString", "coordinates": [[34.5104, -8.1354], [34.5104, -8.1188], [34.5187, -8.1104], [34.5187, -8.1063]]}}, {"type": "Feature", "properties": {"order": 6, "discharge": 245.57}, "geometry": {"type": "LineString", "coordinates": [[32.5521, -8.1396], [32.5479, -8.1354], [32.5479, -8.1229]]}}, {"type": "Feature", "properties": {"order": 6, "discharge": 69.16}, "geometry": {"type": "LineString", "coordinates": [[34.5104, -8.1396], [34.5104, -8.1354]]}}, {"type": "Feature", "properties": {"order": 5, "discharge": 19.48}, "geometry": {"type": "LineString", "coordinates": [[32.0771, -8.1438], [32.0771, -8.1354], [32.0729, -8.1313], [32.0729, -8.0896]]}}, {"type": "Feature", "properties": {"order": 6, "discharge": 69.38}, "geometry": {"type": "LineString", "coordinates": [[34.5104, -8.1521], [34.5104, -8.1396]]}}, {"type": "Feature", "properties": {"order": 5, "discharge": 19.04}, "geometry": {"type": "LineString", "coordinates": [[32.0812, -8.1563], [32.0812, -8.1479], [32.0771, -8.1438]]}}, {"type": "Feature", "properties": {"order": 5, "discharge": 18.96}, "geometry": {"type": "LineString", "coordinates": [[32.0896, -8.1646], [32.0812, -8.1563]]}}, {"type": "Feature", "properties": {"order": 6, "discharge": 70.09}, "geometry": {"type": "LineString", "coordinates": [[34.5521, -8.1646], [34.5437, -8.1563], [34.5396, -8.1604], [34.5354, -8.1563], [34.5312, -8.1563], [34.5271, -8.1521], [34.5229, -8.1521], [34.5187, -8.1563], [34.5146, -8.1563], [34.5104, -8.1521]]}}, {"type": "Feature", "properties": {"order": 5, "discharge": 30.23}, "geometry": {"type": "LineString", "coordinates": [[38.4562, -8.1646], [38.4562, -8.1521], [38.4479, -8.1438], [38.4437, -8.1438], [38.4396, -8.1396], [38.4354, -8.1396], [38.4229, -8.1271]]}}, {"type": "Feature", "properties": {"order": 6, "discharge": 423.85}, "geometry": {"type": "LineString", "coordinates": [[36.7521, -8.1563], [36.7562, -8.1563], [36.7687, -8.1688]]}}, {"type": "Feature", "properties": {"order": 6, "discharge": 426.22}, "geometry": {"type": "LineString", "coordinates": [[36.7687, -8.1688], [36.7729, -8.1688], [36.7812, -8.1604], [36.7854, -8.1604], [36.7896, -8.1646], [36.7979, -8.1646], [36.8021, -8.1604], [36.8187, -8.1604], [36.8312, -8.1479], [36.8354, -8.1479], [36.8396, -8.1521], [36.8396, -8.1563], [36.8437, -8.1604], [36.8479, -8.1604], [36.8562, -8.1521], [36.8604, -8.1521], [36.8687, -8.1438], [36.8729, -8.1438], [36.8812, -8.1521], [36.8896, -8.1521], [36.8937, -8.1563], [36.8937, -8.1604], [36.9021, -8.1688], [36.9062, -8.1646], [36.9146, -8.1646]]}}, {"type": "Feature", "properties": {"order": 6, "discharge": 441.68}, "geometry": {"type": "LineString", "coordinates": [[36.9146, -8.1646], [36.9187, -8.1688], [36.9271, -8.1688]]}}, {"type": "Feature", "properties": {"order": 7, "discharge": 819.14}, "geometry": {"type": "LineString", "coordinates": [[37.6354, -8.1688], [37.6396, -8.1646], [37.6396, -8.1604], [37.6521, -8.1479], [37.6562, -8.1479], [37.6646, -8.1396], [37.6646, -8.1354], [37.6687, -8.1313]]}}, {"type": "Feature", "properties": {"order": 6, "discharge": 423.38}, "geometry": {"type": "LineString", "coordinates": [[36.7312, -8.1771], [36.7396, -8.1688], [36.7437, -8.1688], [36.7479, -8.1646], [36.7479, -8.1604], [36.7521, -8.1563]]}}, {"type": "Feature", "properties": {"order": 6, "discharge": 423.11}, "geometry": {"type": "LineString", "coordinates": [[36.7104, -8.1854], [36.7187, -8.1771], [36.7312, -8.1771]]}}, {"type": "Feature", "properties": {"order": 6, "discharge": 413.37}, "geometry": {"type": "LineString", "coordinates": [[36.6521, -8.1854], [36.6687, -8.1854], [36.6729, -8.1896], [36.6771, -8.1854], [36.6812, -8.1854]]}}, {"type": "Feature", "properties": {"order": 6, "discharge": 420.1}, "geometry": {"type": "LineString", "coordinates": [[36.6812, -8.1854], [36.6854, -8.1854], [36.6896, -8.1896]]}}, {"type": "Feature", "properties": {"order": 6, "discharge": 420.5}, "geometry": {"type": "LineString", "coordinates": [[36.6896, -8.1896], [36.7021, -8.1896]]}}, {"type": "Feature", "properties": {"order": 6, "discharge": 421.15}, "geometry": {"type": "LineString", "coordinates": [[36.7021, -8.1896], [36.7062, -8.1854], [36.7104, -8.1854]]}}, {"type": "Feature", "properties": {"order": 6, "discharge": 230.16}, "geometry": {"type": "LineString", "coordinates": [[32.5604, -8.1938], [32.5604, -8.1813], [32.5562, -8.1771], [32.5562, -8.1646], [32.5521, -8.1604], [32.5521, -8.1396]]}}, {"type": "Feature", "properties": {"order": 6, "discharge": 406.36}, "geometry": {"type": "LineString", "coordinates": [[36.6479, -8.1938], [36.6521, -8.1896], [36.6521, -8.1854]]}}, {"type": "Feature", "properties": {"order": 6, "discharge": 191.18}, "geometry": {"type": "LineString", "coordinates": [[30.7521, -8.2104], [30.7521, -8.2021], [30.7479, -8.1979], [30.7479, -8.1938], [30.7437, -8.1896], [30.7437, -8.1854], [30.7396, -8.1813], [30.7396, -8.1771], [30.7354, -8.1729], [30.7354, -8.1688], [30.7312, -8.1646], [30.7312, -8.1563], [30.7271, -8.1521], [30.7271, -8.1479], [30.7229, -8.1438], [30.7229, -8.1396], [30.7187, -8.1354], [30.7187, -8.1313]]}}, {"type": "Feature", "properties": {"order": 6, "discharge": 445.08}, "geometry": {"type": "LineString", "coordinates": [[36.9271, -8.1688], [36.9312, -8.1729], [36.9312, -8.1771], [36.9229, -8.1854], [36.9271, -8.1896], [36.9271, -8.1938], [36.9312, -8.1979], [36.9312, -8.2104]]}}, {"type": "Feature", "properties": {"order": 5, "discharge": 100.23}, "geometry": {"type": "LineString", "coordinates": [[32.5771, -8.2146], [32.5687, -8.2063], [32.5687, -8.2021], [32.5604, -8.1938]]}}, {"type": "Feature", "properties": {"order": 7, "discharge": 818.81}, "geometry": {"type": "LineString", "coordinates": [[37.6062, -8.2146], [37.6146, -8.2063], [37.6146, -8.2021], [37.6187, -8.1979], [37.6229, -8.1979], [37.6271, -8.1938], [37.6271, -8.1896], [37.6312, -8.1854], [37.6312, -8.1771], [37.6354, -8.1729], [37.6354, -8.1688]]}}, {"type": "Feature", "properties": {"order": 5, "discharge": 26.37}, "geometry": {"type": "LineString", "coordinates": [[38.4687, -8.2188], [38.4687, -8.2146], [38.4729, -8.2104], [38.4729, -8.2063], [38.4646, -8.1979], [38.4646, -8.1938], [38.4729, -8.1854], [38.4687, -8.1813], [38.4687, -8.1771], [38.4646, -8.1729], [38.4646, -8.1688], [38.4604, -8.1688], [38.4562, -8.1646]]}}, {"type": "Feature", "properties": {"order": 6, "discharge": 406.07}, "geometry": {"type": "LineString", "coordinates": [[36.5937, -8.2229], [36.5979, -8.2229], [36.6021, -8.2271], [36.6104, -8.2188], [36.6104, -8.2146], [36.6146, -8.2104], [36.6229, -8.2104], [36.6271, -8.2063], [36.6271, -8.2021], [36.6396, -8.1896], [36.6437, -8.1896], [36.6479, -8.1938]]}}, {"type": "Feature", "properties": {"order": 5, "discharge": 26.11}, "geometry": {"type": "LineString", "coordinates": [[38.4812, -8.2271], [38.4771, -8.2229], [38.4729, -8.2229], [38.4687, -8.2188]]}}, {"type": "Feature", "properties": {"order": 5, "discharge": 134.09}, "geometry": {"type": "LineString", "coordinates": [[32.5562, -8.2313], [32.5562, -8.1979], [32.5604, -8.1938]]}}, {"type": "Feature", "properties": {"order": 6, "discharge": 72.49}, "geometry": {"type": "LineString", "coordinates": [[34.5104, -8.2313], [34.5104, -8.2271], [34.5146, -8.2229], [34.5146, -8.2146], [34.5187, -8.2104], [34.5187, -8.1979], [34.5312, -8.1854], [34.5354, -8.1854], [34.5521, -8.1688], [34.5521, -8.1646]]}}, {"type": "Feature", "properties": {"order": 6, "discharge": 445.45}, "geometry": {"type": "LineString", "coordinates": [[36.9312, -8.2104], [36.9354, -8.2146], [36.9354, -8.2188], [36.9396, -8.2229], [36.9437, -8.2229], [36.9479, -8.2271], [36.9562, -8.2271], [36.9604, -8.2313]]}}, {"type": "Feature", "properties": {"order": 6, "discharge": 176.76}, "geometry": {"type": "LineString", "coordinates": [[30.7604, -8.2354], [30.7604, -8.2271], [30.7562, -8.2229], [30.7562, -8.2146], [30.7521, -8.2104]]}}, {"type": "Feature", "properties": {"order": 7, "discharge": 818.38}, "geometry": {"type": "LineString", "coordinates": [[37.5687, -8.2354], [37.5812, -8.2229], [37.5854, -8.2229], [37.5896, -8.2188], [37.5979, -8.2188], [37.6021, -8.2146], [37.6062, -8.2146]]}}, {"type": "Feature", "properties": {"order": 5, "discharge": 25.96}, "geometry": {"type": "LineString", "coordinates": [[38.4854, -8.2354], [38.4812, -8.2313], [38.4812, -8.2271]]}}, {"type": "Feature", "properties": {"order": 6, "discharge": 333.49}, "geometry": {"type": "LineString", "coordinates": [[36.5896, -8.2396], [36.5896, -8.2271], [36.5937, -8.2229]]}}, {"type": "Feature", "properties": {"order": 5, "discharge": 135.41}, "geometry": {"type": "LineString", "coordinates": [[32.5437, -8.2438], [32.5562, -8.2313]]}}, {"type": "Feature", "properties": {"order": 5, "discharge": 70.81}, "geometry": {"type": "LineString", "coordinates": [[36.5521, -8.2438], [36.5562, -8.2438]]}}, {"type": "Feature", "properties": {"order": 5, "discharge": 72.13}, "geometry": {"type": "LineString", "coordinates": [[36.5562, -8.2438], [36.5604, -8.2396], [36.5646, -8.2396], [36.5771, -8.2271], [36.5812, -8.2271], [36.5854, -8.2229], [36.5937, -8.2229]]}}, {"type": "Feature", "properties": {"order": 6, "discharge": 445.67}, "geometry": {"type": "LineString", "coordinates": [[36.9604, -8.2313], [36.9646, -8.2354], [36.9646, -8.2438]]}}, {"type": "Feature", "properties": {"order": 6, "discharge": 76.69}, "geometry": {"type": "LineString", "coordinates": [[34.5021, -8.2479], [34.5062, -8.2438], [34.5062, -8.2354], [34.5104, -8.2313]]}}, {"type": "Feature", "properties": {"order": 5, "discharge": 70.64}, "geometry": {"type": "LineString", "coordinates": [[36.5104, -8.2479], [36.5271, -8.2479], [36.5354, -8.2396], [36.5479, -8.2396], [36.5521, -8.2438]]}}, {"type": "Feature", "properties": {"order": 5, "discharge": 25.89}, "geometry": {"type": "LineString", "coordinates": [[38.4729, -8.2521], [38.4729, -8.2479], [38.4854, -8.2354]]}}, {"type": "Feature", "properties": {"order": 6, "discharge": 452.78}, "geometry": {"type": "LineString", "coordinates": [[36.9646, -8.2438], [36.9729, -8.2521], [36.9896, -8.2521], [36.9937, -8.2563]]}}, {"type": "Feature", "properties": {"order": 7, "discharge": 818.16}, "geometry": {"type": "LineString", "coordinates": [[37.5521, -8.2563], [37.5562, -8.2521], [37.5562, -8.2479], [37.5687, -8.2354]]}}, {"type": "Feature", "properties": {"order": 5, "discharge": 17.24}, "geometry": {"type": "LineString", "coordinates": [[33.3687, -8.2438], [33.3687, -8.2521], [33.3604, -8.2604]]}}, {"type": "Feature", "properties": {"order": 5, "discharge": 67.77}, "geometry": {"type": "LineString", "coordinates": [[36.4812, -8.2604], [36.4854, -8.2563], [36.4979, -8.2563], [36.5021, -8.2521], [36.5062, -8.2521], [36.5104, -8.2479]]}}, {"type": "Feature", "properties": {"order": 6, "discharge": 452.93}, "geometry": {"type": "LineString", "coordinates": [[36.9937, -8.2563], [36.9979, -8.2604]]}}, {"type": "Feature", "properties": {"order": 5, "discharge": 67.29}, "geometry": {"type": "LineString", "coordinates": [[36.4812, -8.2688], [36.4812, -8.2604]]}}, {"type": "Feature", "properties": {"order": 5, "discharge": 135.08}, "geometry": {"type": "LineString", "coordinates": [[32.4479, -8.2646], [32.4646, -8.2646], [32.4687, -8.2688], [32.4979, -8.2688], [32.5021, -8.2729]]}}, {"type": "Feature", "properties": {"order": 5, "discharge": 135.05}, "geometry": {"type": "LineString", "coordinates": [[32.5021, -8.2729], [32.5271, -8.2729], [32.5312, -8.2688], [32.5312, -8.2604], [32.5354, -8.2563], [32.5354, -8.2521], [32.5437, -8.2438]]}}, {"type": "Feature", "properties": {"order": 5, "discharge": 67.1}, "geometry": {"type": "LineString", "coordinates": [[36.4771, -8.2729], [36.4812, -8.2688]]}}, {"type": "Feature", "properties": {"order": 6, "discharge": 454.61}, "geometry": {"type": "LineString", "coordinates": [[37.0354, -8.2729], [37.0437, -8.2729]]}}, {"type": "Feature", "properties": {"order": 5, "discharge": 66.88}, "geometry": {"type": "LineString", "coordinates": [[36.4729, -8.2771], [36.4771, -8.2729]]}}, {"type": "Feature", "properties": {"order": 6, "discharge": 333.29}, "geometry": {"type": "LineString", "coordinates": [[36.5854, -8.2771], [36.5812, -8.2729], [36.5812, -8.2688], [36.5771, -8.2646], [36.5771, -8.2563], [36.5812, -8.2521], [36.5812, -8.2479], [36.5896, -8.2396]]}}, {"type": "Feature", "properties": {"order": 5, "discharge": 25.12}, "geometry": {"type": "LineString", "coordinates": [[38.4729, -8.2771], [38.4729, -8.2521]]}}, {"type": "Feature", "properties": {"order": 5, "discharge": 135.7}, "geometry": {"type": "LineString", "coordinates": [[32.4021, -8.2813], [32.4104, -8.2813], [32.4146, -8.2771], [32.4229, -8.2771], [32.4312, -8.2688], [32.4354, -8.2688], [32.4396, -8.2646], [32.4479, -8.2646]]}}, {"type": "Feature", "properties": {"order": 5, "discharge": 100.75}, "geometry": {"type": "LineString", "coordinates": [[32.6437, -8.2813], [32.5771, -8.2146]]}}, {"type": "Feature", "properties": {"order": 6, "discharge": 453.02}, "geometry": {"type": "LineString", "coordinates": [[36.9979, -8.2604], [37.0021, -8.2604], [37.0062, -8.2646], [37.0062, -8.2771], [37.0104, -8.2813]]}}, {"type": "Feature", "properties": {"order": 6, "discharge": 452.73}, "geometry": {"type": "LineString", "coordinates": [[37.0104, -8.2813], [37.0146, -8.2813], [37.0229, -8.2729], [37.0354, -8.2729]]}}, {"type": "Feature", "properties": {"order": 6, "discharge": 454.94}, "geometry": {"type": "LineString", "coordinates": [[37.0437, -8.2729], [37.0479, -8.2771], [37.0562, -8.2771], [37.0604, -8.2813], [37.0896, -8.2813]]}}, {"type": "Feature", "properties": {"order": 5, "discharge": 102.18}, "geometry": {"type": "LineString", "coordinates": [[32.6479, -8.2854], [32.6437, -8.2813]]}}, {"type": "Feature", "properties": {"order": 6, "discharge": 76.97}, "geometry": {"type": "LineString", "coordinates": [[34.5062, -8.2854], [34.5021, -8.2813], [34.5021, -8.2479]]}}, {"type": "Feature", "properties": {"order": 5, "discharge": 24.86}, "geometry": {"type": "LineString", "coordinates": [[38.4771, -8.2896], [38.4771, -8.2854], [38.4729, -8.2813], [38.4729, -8.2771]]}}, {"type": "Feature", "properties": {"order": 5, "discharge": 9.04}, "geometry": {"type": "LineString", "coordinates": [[34.5062, -8.2938], [34.5062, -8.2854]]}}, {"type": "Feature", "properties": {"order": 6, "discharge": 454.94}, "geometry": {"type": "LineString", "coordinates": [[37.0896, -8.2813], [37.0937, -8.2854], [37.0979, -8.2854], [37.1021, -8.2896], [37.1062, -8.2896], [37.1104, -8.2938]]}}, {"type": "Feature", "properties": {"order": 6, "discharge": 176.09}, "geometry": {"type": "LineString", "coordinates": [[30.7812, -8.2979], [30.7812, -8.2896], [30.7771, -8.2854], [30.7771, -8.2771], [30.7729, -8.2729], [30.7729, -8.2646], [30.7687, -8.2604], [30.7687, -8.2521], [30.7646, -8.2479], [30.7646, -8.2396], [30.7604, -8.2354]]}}, {"type": "Feature", "properties": {"order": 5, "discharge": 17.48}, "geometry": {"type": "LineString", "coordinates": [[33.3604, -8.2604], [33.3604, -8.2729], [33.3646, -8.2771], [33.3646, -8.2938], [33.3604, -8.2979]]}}, {"type": "Feature", "properties": {"order": 6, "discharge": 455.83}, "geometry": {"type": "LineString", "coordinates": [[37.1104, -8.2938], [37.1146, -8.2979], [37.1146, -8.3021]]}}, {"type": "Feature", "properties": {"order": 6, "discharge": 70.14}, "geometry": {"type": "LineString", "coordinates": [[34.4896, -8.3063], [34.4937, -8.3021], [34.4937, -8.2979], [34.5062, -8.2854]]}}, {"type": "Feature", "properties": {"order": 7, "discharge": 811.3}, "geometry": {"type": "LineString", "coordinates": [[37.5229, -8.3063], [37.5229, -8.3021], [37.5271, -8.2979], [37.5271, -8.2938], [37.5312, -8.2896], [37.5312, -8.2854], [37.5396, -8.2771], [37.5396, -8.2688], [37.5521, -8.2563]]}}, {"type": "Feature", "properties": {"order": 6, "discharge": 323.55}, "geometry": {"type": "LineString", "coordinates": [[36.5604, -8.3104], [36.5729, -8.2979], [36.5729, -8.2938], [36.5687, -8.2896], [36.5687, -8.2854], [36.5729, -8.2813], [36.5771, -8.2854], [36.5812, -8.2854], [36.5854, -8.2813], [36.5854, -8.2771]]}}, {"type": "Feature", "properties": {"order": 5, "discharge": 24.7}, "geometry": {"type": "LineString", "coordinates": [[38.4812, -8.3104], [38.4812, -8.2938], [38.4771, -8.2896]]}}, {"type": "Feature", "properties": {"order": 6, "discharge": 177.32}, "geometry": {"type": "LineString", "coordinates": [[30.7896, -8.3146], [30.7854, -8.3104], [30.7854, -8.3021], [30.7812, -8.2979]]}}, {"type": "Feature", "properties": {"order": 5, "discharge": 137.94}, "geometry": {"type": "LineString", "coordinates": [[32.3104, -8.3146], [32.3146, -8.3104], [32.3187, -8.3104], [32.3229, -8.3146], [32.3312, -8.3146], [32.3354, -8.3188], [32.3437, -8.3104], [32.3479, -8.3104], [32.3521, -8.3146], [32.3562, -8.3146], [32.3604, -8.3188], [32.3687, -8.3188]]}}, {"type": "Feature", "properties": {"order": 5, "discharge": 137.32}, "geometry": {"type": "LineString", "coordinates": [[32.3687, -8.3188], [32.3771, -8.3104], [32.3771, -8.3063], [32.3854, -8.2979], [32.3854, -8.2938], [32.3937, -8.2854], [32.3979, -8.2854], [32.4021, -8.2813]]}}, {"type": "Feature", "properties": {"order": 6, "discharge": 322.05}, "geometry": {"type": "LineString", "coordinates": [[36.5521, -8.3188], [36.5604, -8.3104]]}}, {"type": "Feature", "properties": {"order": 7, "discharge": 810.48}, "geometry": {"type": "LineString", "coordinates": [[37.5229, -8.3188], [37.5229, -8.3063]]}}, {"type": "Feature", "properties": {"order": 6, "discharge": 71.72}, "geometry": {"type": "LineString", "coordinates": [[34.4646, -8.3229], [34.4687, -8.3188], [34.4771, -8.3188], [34.4896, -8.3063]]}}, {"type": "Feature", "properties": {"order": 5, "discharge": 97.67}, "geometry": {"type": "LineString", "coordinates": [[32.6896, -8.3271], [32.6479, -8.2854]]}}, {"type": "Feature", "properties": {"order": 5, "discharge": 65.55}, "geometry": {"type": "LineString", "coordinates": [[36.3771, -8.3271], [36.3937, -8.3271], [36.3979, -8.3229], [36.4021, -8.3229], [36.4062, -8.3188], [36.4146, -8.3188], [36.4354, -8.2979], [36.4437, -8.2979], [36.4479, -8.2938], [36.4521, -8.2938], [36.4562, -8.2896], [36.4562, -8.2854], [36.4604, -8.2813], [36.4687, -8.2813], [36.4729, -8.2771]]}}, {"type": "Feature", "properties": {"order": 5, "discharge": 24.26}, "geometry": {"type": "LineString", "coordinates": [[38.4896, -8.3313], [38.4896, -8.3229], [38.4854, -8.3188], [38.4854, -8.3146], [38.4812, -8.3104]]}}, {"type": "Feature", "properties": {"order": 5, "discharge": 139.93}, "geometry": {"type": "LineString", "coordinates": [[32.2979, -8.3354], [32.3021, -8.3313], [32.3062, -8.3313], [32.3062, -8.3188], [32.3104, -8.3146]]}}, {"type": "Feature", "properties": {"order": 6, "discharge": 321.73}, "geometry": {"type": "LineString", "coordinates": [[36.5271, -8.3354], [36.5312, -8.3313], [36.5312, -8.3271], [36.5396, -8.3271], [36.5479, -8.3188], [36.5521, -8.3188]]}}, {"type": "Feature", "properties": {"order": 5, "discharge": 17.62}, "geometry": {"type": "LineString", "coordinates": [[33.3604, -8.2979], [33.3604, -8.3063], [33.3646, -8.3104], [33.3646, -8.3146], [33.3687, -8.3188], [33.3687, -8.3229], [33.3646, -8.3271], [33.3771, -8.3396], [33.3729, -8.3438], [33.3687, -8.3438], [33.3646, -8.3479]]}}, {"type": "Feature", "properties": {"order": 6, "discharge": 455.32}, "geometry": {"type": "LineString", "coordinates": [[37.1146, -8.3021], [37.1146, -8.3479]]}}, {"type": "Feature", "properties": {"order": 6, "discharge": 71.93}, "geometry": {"type": "LineString", "coordinates": [[34.4146, -8.3521], [34.4229, -8.3438], [34.4271, -8.3438], [34.4312, -8.3396], [34.4354, -8.3396], [34.4521, -8.3229], [34.4646, -8.3229]]}}, {"type": "Feature", "properties": {"order": 6, "discharge": 315.25}, "geometry": {"type": "LineString", "coordinates": [[36.5146, -8.3521], [36.5229, -8.3438], [36.5229, -8.3396], [36.5271, -8.3354]]}}, {"type": "Feature", "properties": {"order": 7, "discharge": 809.03}, "geometry": {"type": "LineString", "coordinates": [[37.4937, -8.3521], [37.4979, -8.3479], [37.5021, -8.3479], [37.5062, -8.3438], [37.5062, -8.3396], [37.5146, -8.3313], [37.5146, -8.3271], [37.5229, -8.3188]]}}, {"type": "Feature", "properties": {"order": 5, "discharge": 24.03}, "geometry": {"type": "LineString", "coordinates": [[38.5062, -8.3521], [38.4979, -8.3438], [38.4979, -8.3396], [38.4896, -8.3313]]}}, {"type": "Feature", "properties": {"order": 6, "discharge": 312.95}, "geometry": {"type": "LineString", "coordinates": [[36.4896, -8.3563], [36.4937, -8.3521], [36.5146, -8.3521]]}}, {"type": "Feature", "properties": {"order": 6, "discharge": 170.07}, "geometry": {"type": "LineString", "coordinates": [[30.8062, -8.3604], [30.8021, -8.3563], [30.8021, -8.3521], [30.7979, -8.3479], [30.7979, -8.3396], [30.7937, -8.3354], [30.7937, -8.3271], [30.7896, -8.3229], [30.7896, -8.3146]]}}, {"type": "Feature", "properties": {"order": 5, "discharge": 94.5}, "geometry": {"type": "LineString", "coordinates": [[32.7271, -8.3604], [32.6937, -8.3271], [32.6896, -8.3271]]}}, {"type": "Feature", "properties": {"order": 7, "discharge": 809.04}, "geometry": {"type": "LineString", "coordinates": [[37.4812, -8.3604], [37.4854, -8.3604], [37.4937, -8.3521]]}}, {"type": "Feature", "properties": {"order": 5, "discharge": 23.63}, "geometry": {"type": "LineString", "coordinates": [[38.5104, -8.3604], [38.5062, -8.3563], [38.5062, -8.3521]]}}, {"type": "Feature", "properties": {"order": 5, "discharge": 17.83}, "geometry": {"type": "LineString", "coordinates": [[33.3646, -8.3479], [33.3646, -8.3604], [33.3604, -8.3646]]}}, {"type": "Feature", "properties": {"order": 5, "discharge": 19.62}, "geometry": {"type": "LineString", "coordinates": [[38.5146, -8.3646], [38.5104, -8.3604]]}}, {"type": "Feature", "properties": {"order": 6, "discharge": 170.75}, "geometry": {"type": "LineString", "coordinates": [[30.8062, -8.3688], [30.8062, -8.3604]]}}, {"type": "Feature", "properties": {"order": 5, "discharge": 93.14}, "geometry": {"type": "LineString", "coordinates": [[32.7354, -8.3688], [32.7271, -8.3604]]}}, {"type": "Feature", "properties": {"order": 7, "discharge": 809.4}, "geometry": {"type": "LineString", "coordinates": [[37.4687, -8.3688], [37.4729, -8.3646], [37.4771, -8.3646], [37.4812, -8.3604]]}}, {"type": "Feature", "properties": {"order": 5, "discharge": 20.25}, "geometry": {"type": "LineString", "coordinates": [[33.3604, -8.3646], [33.3562, -8.3646], [33.3521, -8.3688], [33.3562, -8.3729]]}}, {"type": "Feature", "properties": {"order": 5, "discharge": 93.04}, "geometry": {"type": "LineString", "coordinates": [[32.7479, -8.3813], [32.7354, -8.3688]]}}, {"type": "Feature", "properties": {"order": 5, "discharge": 18.42}, "geometry": {"type": "LineString", "coordinates": [[38.5187, -8.3854], [38.5187, -8.3729], [38.5146, -8.3688], [38.5146, -8.3646]]}}, {"type": "Feature", "properties": {"order": 6, "discharge": 73.38}, "geometry": {"type": "LineString", "coordinates": [[34.3812, -8.3896], [34.3854, -8.3854], [34.3896, -8.3854], [34.3979, -8.3771], [34.4062, -8.3771], [34.4104, -8.3729], [34.4104, -8.3563], [34.4146, -8.3521]]}}, {"type": "Feature", "properties": {"order": 6, "discharge": 454.89}, "geometry": {"type": "LineString", "coordinates": [[37.1146, -8.3479], [37.1146, -8.3604], [37.1104, -8.3646], [37.1104, -8.3896]]}}, {"type": "Feature", "properties": {"order": 6, "discharge": 312.13}, "geometry": {"type": "LineString", "coordinates": [[36.4479, -8.3938], [36.4521, -8.3896], [36.4562, -8.3896], [36.4604, -8.3854], [36.4604, -8.3813], [36.4646, -8.3771], [36.4646, -8.3729], [36.4687, -8.3688], [36.4729, -8.3688], [36.4771, -8.3646], [36.4771, -8.3604], [36.4812, -8.3563], [36.4896, -8.3563]]}}, {"type": "Feature", "properties": {"order": 7, "discharge": 800.71}, "geometry": {"type": "LineString", "coordinates": [[37.4479, -8.3938], [37.4521, -8.3896], [37.4521, -8.3854], [37.4604, -8.3771], [37.4604, -8.3729], [37.4646, -8.3688], [37.4687, -8.3688]]}}, {"type": "Feature", "properties": {"order": 5, "discharge": 93.2}, "geometry": {"type": "LineString", "coordinates": [[32.7646, -8.3979], [32.7479, -8.3813]]}}, {"type": "Feature", "properties": {"order": 5, "discharge": 20.34}, "geometry": {"type": "LineString", "coordinates": [[33.3562, -8.3729], [33.3521, -8.3771], [33.3562, -8.3813], [33.3562, -8.3979], [33.3521, -8.4021]]}}, {"type": "Feature", "properties": {"order": 6, "discharge": 310.57}, "geometry": {"type": "LineString", "coordinates": [[36.4396, -8.4021], [36.4479, -8.3938]]}}, {"type": "Feature", "properties": {"order": 6, "discharge": 454.37}, "geometry": {"type": "LineString", "coordinates": [[37.1604, -8.3979], [37.1812, -8.3979], [37.1854, -8.4021], [37.1896, -8.4021]]}}, {"type": "Feature", "properties": {"order": 6, "discharge": 455.12}, "geometry": {"type": "LineString", "coordinates": [[37.1896, -8.4021], [37.1937, -8.4063]]}}, {"type": "Feature", "properties": {"order": 6, "discharge": 79.19}, "geometry": {"type": "LineString", "coordinates": [[34.3562, -8.4104], [34.3687, -8.4104]]}}, {"type": "Feature", "properties": {"order": 6, "discharge": 77.38}, "geometry": {"type": "LineString", "coordinates": [[34.3687, -8.4104], [34.3729, -8.4104], [34.3771, -8.4063], [34.3771, -8.4021], [34.3812, -8.3979], [34.3812, -8.3896]]}}, {"type": "Feature", "properties": {"order": 6, "discharge": 455.11}, "geometry": {"type": "LineString", "coordinates": [[37.1104, -8.3896], [37.1104, -8.3938], [37.1146, -8.3979], [37.1146, -8.4021], [37.1229, -8.4104]]}}, {"type": "Feature", "properties": {"order": 5, "discharge": 93.58}, "geometry": {"type": "LineString", "coordinates": [[32.7854, -8.4146], [32.7729, -8.4021], [32.7687, -8.4021], [32.7646, -8.3979]]}}, {"type": "Feature", "properties": {"order": 5, "discharge": 20.47}, "geometry": {"type": "LineString", "coordinates": [[33.3521, -8.4021], [33.3521, -8.4146]]}}, {"type": "Feature", "properties": {"order": 5, "discharge": 71.6}, "geometry": {"type": "LineString", "coordinates": [[34.2812, -8.4146], [34.2979, -8.4146]]}}, {"type": "Feature", "properties": {"order": 6, "discharge": 523.3}, "geometry": {"type": "LineString", "coordinates": [[37.1937, -8.4063], [37.1979, -8.4104], [37.1979, -8.4146]]}}, {"type": "Feature", "properties": {"order": 5, "discharge": 85.8}, "geometry": {"type": "LineString", "coordinates": [[32.7896, -8.4188], [32.7854, -8.4146]]}}, {"type": "Feature", "properties": {"order": 5, "discharge": 70.25}, "geometry": {"type": "LineString", "coordinates": [[34.2979, -8.4146], [34.3146, -8.4146], [34.3187, -8.4188]]}}, {"type": "Feature", "properties": {"order": 6, "discharge": 80.16}, "geometry": {"type": "LineString", "coordinates": [[34.3187, -8.4188], [34.3271, -8.4188], [34.3312, -8.4146], [34.3396, -8.4146], [34.3437, -8.4104], [34.3562, -8.4104]]}}, {"type": "Feature", "properties": {"order": 5, "discharge": 72.58}, "geometry": {"type": "LineString", "coordinates": [[34.2479, -8.4188], [34.2521, -8.4229], [34.2687, -8.4229], [34.2729, -8.4188], [34.2771, -8.4188], [34.2812, -8.4146]]}}, {"type": "Feature", "properties": {"order": 6, "discharge": 523.27}, "geometry": {"type": "LineString", "coordinates": [[37.1979, -8.4146], [37.1979, -8.4229]]}}, {"type": "Feature", "properties": {"order": 7, "discharge": 800.59}, "geometry": {"type": "LineString", "coordinates": [[37.4271, -8.4229], [37.4271, -8.4146], [37.4312, -8.4104], [37.4354, -8.4104], [37.4479, -8.3979], [37.4479, -8.3938]]}}, {"type": "Feature", "properties": {"order": 5, "discharge": 140.64}, "geometry": {"type": "LineString", "coordinates": [[32.2771, -8.4271], [32.2771, -8.4063], [32.2729, -8.4021], [32.2729, -8.3979], [32.2687, -8.3938], [32.2687, -8.3813], [32.2771, -8.3729], [32.2771, -8.3688], [32.2812, -8.3646], [32.2854, -8.3646], [32.2896, -8.3604], [32.2896, -8.3521], [32.2937, -8.3479], [32.2937, -8.3438], [32.2979, -8.3396], [32.2979, -8.3354]]}}, {"type": "Feature", "properties": {"order": 5, "discharge": 20.63}, "geometry": {"type": "LineString", "coordinates": [[33.3521, -8.4146], [33.3521, -8.4188], [33.3479, -8.4229], [33.3479, -8.4271]]}}, {"type": "Feature", "properties": {"order": 6, "discharge": 303.32}, "geometry": {"type": "LineString", "coordinates": [[36.4271, -8.4271], [36.4271, -8.4188], [36.4312, -8.4146], [36.4312, -8.4104], [36.4396, -8.4021]]}}, {"type": "Feature", "properties": {"order": 6, "discharge": 454.48}, "geometry": {"type": "LineString", "coordinates": [[37.1229, -8.4104], [37.1271, -8.4146], [37.1271, -8.4188], [37.1354, -8.4271], [37.1396, -8.4229], [37.1396, -8.4104], [37.1479, -8.4021], [37.1562, -8.4021], [37.1604, -8.3979]]}}, {"type": "Feature", "properties": {"order": 5, "discharge": 12.95}, "geometry": {"type": "LineString", "coordinates": [[34.3104, -8.4313], [34.3104, -8.4271], [34.3187, -8.4188]]}}, {"type": "Feature", "properties": {"order": 5, "discharge": 73.43}, "geometry": {"type": "LineString", "coordinates": [[32.8062, -8.4354], [32.7896, -8.4188]]}}, {"type": "Feature", "properties": {"order": 5, "discharge": 74.77}, "geometry": {"type": "LineString", "coordinates": [[34.2312, -8.4354], [34.2479, -8.4188]]}}, {"type": "Feature", "properties": {"order": 6, "discharge": 300.64}, "geometry": {"type": "LineString", "coordinates": [[36.4187, -8.4354], [36.4271, -8.4271]]}}, {"type": "Feature", "properties": {"order": 5, "discharge": 75.65}, "geometry": {"type": "LineString", "coordinates": [[34.2271, -8.4396], [34.2312, -8.4354]]}}, {"type": "Feature", "properties": {"order": 5, "discharge": 74.93}, "geometry": {"type": "LineString", "coordinates": [[34.2021, -8.4438], [34.2062, -8.4396], [34.2271, -8.4396]]}}, {"type": "Feature", "properties": {"order": 5, "discharge": 68.33}, "geometry": {"type": "LineString", "coordinates": [[30.8646, -8.4521], [30.8646, -8.4479], [30.8562, -8.4396], [30.8562, -8.4354], [30.8479, -8.4271], [30.8479, -8.4229], [30.8354, -8.4104], [30.8354, -8.4063], [30.8271, -8.3979], [30.8271, -8.3938], [30.8187, -8.3854], [30.8187, -8.3813], [30.8062, -8.3688]]}}, {"type": "Feature", "properties": {"order": 5, "discharge": 73.73}, "geometry": {"type": "LineString", "coordinates": [[32.8396, -8.4521], [32.8354, -8.4479], [32.8312, -8.4479], [32.8271, -8.4438], [32.8229, -8.4438], [32.8187, -8.4396], [32.8146, -8.4396], [32.8104, -8.4354], [32.8062, -8.4354]]}}, {"type": "Feature", "properties": {"order": 5, "discharge": 22.7}, "geometry": {"type": "LineString", "coordinates": [[33.3479, -8.4271], [33.3437, -8.4313], [33.3437, -8.4479], [33.3396, -8.4521]]}}, {"type": "Feature", "properties": {"order": 6, "discharge": 300.19}, "geometry": {"type": "LineString", "coordinates": [[36.3979, -8.4521], [36.3979, -8.4479], [36.4021, -8.4438], [36.4104, -8.4438], [36.4187, -8.4354]]}}, {"type": "Feature", "properties": {"order": 7, "discharge": 801.57}, "geometry": {"type": "LineString", "coordinates": [[37.4104, -8.4521], [37.4187, -8.4521], [37.4271, -8.4438], [37.4271, -8.4229]]}}, {"type": "Feature", "properties": {"order": 5, "discharge": 22.97}, "geometry": {"type": "LineString", "coordinates": [[33.3396, -8.4521], [33.3396, -8.4563]]}}, {"type": "Feature", "properties": {"order": 7, "discharge": 801.91}, "geometry": {"type": "LineString", "coordinates": [[37.4062, -8.4563], [37.4104, -8.4521]]}}, {"type": "Feature", "properties": {"order": 5, "discharge": 144.27}, "geometry": {"type": "LineString", "coordinates": [[32.2771, -8.4646], [32.2729, -8.4604], [32.2771, -8.4563], [32.2729, -8.4521], [32.2729, -8.4479], [32.2687, -8.4438], [32.2771, -8.4354], [32.2771, -8.4271]]}}, {"type": "Feature", "properties": {"order": 5, "discharge": 67.67}, "geometry": {"type": "LineString", "coordinates": [[32.9271, -8.4604], [32.8937, -8.4604], [32.8896, -8.4646], [32.8854, -8.4604], [32.8687, -8.4604], [32.8646, -8.4563], [32.8521, -8.4563], [32.8479, -8.4521], [32.8396, -8.4521]]}}, {"type": "Feature", "properties": {"order": 5, "discharge": 69.36}, "geometry": {"type": "LineString", "coordinates": [[32.9312, -8.4646], [32.9271, -8.4604]]}}, {"type": "Feature", "properties": {"order": 5, "discharge": 145.52}, "geometry": {"type": "LineString", "coordinates": [[32.2937, -8.4688], [32.2854, -8.4688], [32.2812, -8.4646], [32.2771, -8.4646]]}}, {"type": "Feature", "properties": {"order": 6, "discharge": 295.43}, "geometry": {"type": "LineString", "coordinates": [[36.3854, -8.4688], [36.3979, -8.4563], [36.3979, -8.4521]]}}, {"type": "Feature", "properties": {"order": 5, "discharge": 69.33}, "geometry": {"type": "LineString", "coordinates": [[32.9604, -8.4729], [32.9562, -8.4729], [32.9521, -8.4688], [32.9479, -8.4688], [32.9437, -8.4646], [32.9312, -8.4646]]}}, {"type": "Feature", "properties": {"order": 5, "discharge": 69.87}, "geometry": {"type": "LineString", "coordinates": [[32.9896, -8.4729], [32.9771, -8.4729], [32.9729, -8.4688], [32.9646, -8.4688], [32.9604, -8.4729]]}}, {"type": "Feature", "properties": {"order": 5, "discharge": 70.42}, "geometry": {"type": "LineString", "coordinates": [[33.0021, -8.4729], [32.9896, -8.4729]]}}, {"type": "Feature", "properties": {"order": 6, "discharge": 294.91}, "geometry": {"type": "LineString", "coordinates": [[36.3812, -8.4729], [36.3854, -8.4688]]}}, {"type": "Feature", "properties": {"order": 5, "discharge": 69.22}, "geometry": {"type": "LineString", "coordinates": [[33.0104, -8.4771], [33.0062, -8.4771], [33.0021, -8.4729]]}}, {"type": "Feature", "properties": {"order": 5, "discharge": 68.35}, "geometry": {"type": "LineString", "coordinates": [[37.1021, -8.4771], [37.1062, -8.4729], [37.1104, -8.4771], [37.1146, -8.4771], [37.1187, -8.4729], [37.1187, -8.4688], [37.1229, -8.4646], [37.1271, -8.4646], [37.1396, -8.4521], [37.1437, -8.4521], [37.1521, -8.4604], [37.1562, -8.4563], [37.1604, -8.4563], [37.1687, -8.4479], [37.1687, -8.4438], [37.1729, -8.4396], [37.1687, -8.4354], [37.1687, -8.4313], [37.1812, -8.4188], [37.1812, -8.4146], [37.1854, -8.4104], [37.1896, -8.4104], [37.1937, -8.4063]]}}, {"type": "Feature", "properties": {"order": 6, "discharge": 522.39}, "geometry": {"type": "LineString", "coordinates": [[37.1979, -8.4229], [37.1937, -8.4271], [37.1937, -8.4396], [37.1896, -8.4438], [37.1896, -8.4563], [37.1979, -8.4646], [37.1979, -8.4729], [37.1937, -8.4771]]}}, {"type": "Feature", "properties": {"order": 5, "discharge": 60.35}, "geometry": {"type": "LineString", "coordinates": [[34.1604, -8.4813], [34.1729, -8.4688], [34.1729, -8.4646], [34.1812, -8.4563], [34.1896, -8.4563], [34.2021, -8.4438]]}}, {"type": "Feature", "properties": {"order": 5, "discharge": 23.13}, "geometry": {"type": "LineString", "coordinates": [[33.3396, -8.4563], [33.3354, -8.4604], [33.3354, -8.4729], [33.3396, -8.4771], [33.3396, -8.4854], [33.3437, -8.4896], [33.3437, -8.4938]]}}, {"type": "Feature", "properties": {"order": 5, "discharge": 48.62}, "geometry": {"type": "LineString", "coordinates": [[34.1604, -8.4938], [34.1604, -8.4896], [34.1646, -8.4854], [34.1604, -8.4813]]}}, {"type": "Feature", "properties": {"order": 6, "discharge": 522.26}, "geometry": {"type": "LineString", "coordinates": [[37.1937, -8.4771], [37.1937, -8.4938]]}}, {"type": "Feature", "properties": {"order": 7, "discharge": 800.33}, "geometry": {"type": "LineString", "coordinates": [[37.3687, -8.4938], [37.3771, -8.4854], [37.3854, -8.4854], [37.3896, -8.4813], [37.3896, -8.4771], [37.3937, -8.4729], [37.3937, -8.4646], [37.4021, -8.4563], [37.4062, -8.4563]]}}, {"type": "Feature", "properties": {"order": 5, "discharge": 63.5}, "geometry": {"type": "LineString", "coordinates": [[37.0896, -8.4979], [37.0896, -8.4938], [37.0979, -8.4854], [37.0979, -8.4813], [37.1021, -8.4771]]}}, {"type": "Feature", "properties": {"order": 5, "discharge": 145.66}, "geometry": {"type": "LineString", "coordinates": [[32.3021, -8.5021], [32.3021, -8.4938], [32.2979, -8.4896], [32.2979, -8.4729], [32.2937, -8.4688]]}}, {"type": "Feature", "properties": {"order": 5, "discharge": 69.14}, "geometry": {"type": "LineString", "coordinates": [[33.0312, -8.5021], [33.0271, -8.4979], [33.0271, -8.4938], [33.0104, -8.4771]]}}, {"type": "Feature", "properties": {"order": 5, "discharge": 13.06}, "geometry": {"type": "LineString", "coordinates": [[34.3354, -8.5104], [34.3354, -8.5021], [34.3312, -8.4979], [34.3312, -8.4771], [34.3229, -8.4688], [34.3229, -8.4646], [34.3187, -8.4604], [34.3187, -8.4479], [34.3104, -8.4396], [34.3104, -8.4313]]}}, {"type": "Feature", "properties": {"order": 6, "discharge": 522.37}, "geometry": {"type": "LineString", "coordinates": [[37.1937, -8.4938], [37.1937, -8.4979], [37.1896, -8.5021], [37.1896, -8.5104]]}}, {"type": "Feature", "properties": {"order": 5, "discharge": 101.86}, "geometry": {"type": "LineString", "coordinates": [[30.7687, -8.5146], [30.7687, -8.5063], [30.7729, -8.5021], [30.7729, -8.4979], [30.7771, -8.4938], [30.7771, -8.4896], [30.7812, -8.4854], [30.7812, -8.4813], [30.7854, -8.4771], [30.7854, -8.4688], [30.7896, -8.4646], [30.7896, -8.4604], [30.7937, -8.4563], [30.7937, -8.4521], [30.7979, -8.4479], [30.7979, -8.4313], [30.8021, -8.4271], [30.8021, -8.3813], [30.8062, -8.3771], [30.8062, -8.3688]]}}, {"type": "Feature", "properties": {"order": 5, "discharge": 146.63}, "geometry": {"type": "LineString", "coordinates": [[32.3104, -8.5146], [32.3062, -8.5104], [32.3062, -8.5063], [32.3021, -8.5021]]}}, {"type": "Feature", "properties": {"order": 5, "discharge": 63.06}, "geometry": {"type": "LineString", "coordinates": [[37.0771, -8.5146], [37.0812, -8.5104], [37.0812, -8.5063], [37.0896, -8.4979]]}}, {"type": "Feature", "properties": {"order": 5, "discharge": 102.35}, "geometry": {"type": "LineString", "coordinates": [[30.7646, -8.5188], [30.7687, -8.5146]]}}, {"type": "Feature", "properties": {"order": 5, "discharge": 146.4}, "geometry": {"type": "LineString", "coordinates": [[32.3062, -8.5188], [32.3104, -8.5146]]}}, {"type": "Feature", "properties": {"order": 5, "discharge": 69.02}, "geometry": {"type": "LineString", "coordinates": [[33.0479, -8.5188], [33.0437, -8.5146], [33.0396, -8.5146], [33.0312, -8.5063], [33.0312, -8.5021]]}}, {"type": "Feature", "properties": {"order": 7, "discharge": 799.6}, "geometry": {"type": "LineString", "coordinates": [[37.3437, -8.5188], [37.3562, -8.5063], [37.3604, -8.5063], [37.3687, -8.4979], [37.3687, -8.4938]]}}, {"type": "Feature", "properties": {"order": 6, "discharge": 294.54}, "geometry": {"type": "LineString", "coordinates": [[36.3646, -8.5229], [36.3687, -8.5188], [36.3687, -8.5146], [36.3646, -8.5104], [36.3646, -8.5021], [36.3604, -8.4979], [36.3604, -8.4938], [36.3521, -8.4854], [36.3562, -8.4813], [36.3604, -8.4813], [36.3687, -8.4729], [36.3729, -8.4729], [36.3771, -8.4771], [36.3812, -8.4729]]}}, {"type": "Feature", "properties": {"order": 6, "discharge": 538.5}, "geometry": {"type": "LineString", "coordinates": [[37.3229, -8.5229], [37.3354, -8.5229], [37.3396, -8.5188], [37.3437, -8.5188]]}}, {"type": "Feature", "properties": {"order": 6, "discharge": 538.2}, "geometry": {"type": "LineString", "coordinates": [[37.3104, -8.5271], [37.3146, -8.5271], [37.3187, -8.5229], [37.3229, -8.5229]]}}, {"type": "Feature", "properties": {"order": 5, "discharge": 100.83}, "geometry": {"type": "LineString", "coordinates": [[30.7521, -8.5313], [30.7646, -8.5188]]}}, {"type": "Feature", "properties": {"order": 5, "discharge": 39.26}, "geometry": {"type": "LineString", "coordinates": [[33.0687, -8.5396], [33.0604, -8.5313], [33.0562, -8.5313], [33.0521, -8.5271], [33.0521, -8.5229], [33.0479, -8.5188]]}}, {"type": "Feature", "properties": {"order": 5, "discharge": 37.37}, "geometry": {"type": "LineString", "coordinates": [[33.0812, -8.5396], [33.0687, -8.5396]]}}, {"type": "Feature", "properties": {"order": 6, "discharge": 522.96}, "geometry": {"type": "LineString", "coordinates": [[37.1896, -8.5104], [37.1896, -8.5146], [37.1937, -8.5188], [37.1937, -8.5396]]}}, {"type": "Feature", "properties": {"order": 5, "discharge": 100.0}, "geometry": {"type": "LineString", "coordinates": [[30.7396, -8.5438], [30.7521, -8.5313]]}}, {"type": "Feature", "properties": {"order": 5, "discharge": 145.03}, "geometry": {"type": "LineString", "coordinates": [[32.2937, -8.5438], [32.2979, -8.5396], [32.2979, -8.5271], [32.3062, -8.5188]]}}, {"type": "Feature", "properties": {"order": 5, "discharge": 99.93}, "geometry": {"type": "LineString", "coordinates": [[30.7354, -8.5479], [30.7396, -8.5438]]}}, {"type": "Feature", "properties": {"order": 5, "discharge": 62.87}, "geometry": {"type": "LineString", "coordinates": [[37.0521, -8.5479], [37.0562, -8.5479], [37.0604, -8.5438], [37.0562, -8.5396], [37.0604, -8.5354], [37.0604, -8.5313], [37.0521, -8.5229], [37.0562, -8.5188], [37.0729, -8.5188], [37.0771, -8.5146]]}}, {"type": "Feature", "properties": {"order": 5, "discharge": 62.41}, "geometry": {"type": "LineString", "coordinates": [[30.9354, -8.5521], [30.9354, -8.5479], [30.9229, -8.5354], [30.9229, -8.5313], [30.9146, -8.5229], [30.9146, -8.5188], [30.9062, -8.5104], [30.9062, -8.5063], [30.8937, -8.4938], [30.8937, -8.4896], [30.8854, -8.4813], [30.8854, -8.4771], [30.8771, -8.4688], [30.8771, -8.4646], [30.8646, -8.4521]]}}, {"type": "Feature", "properties": {"order": 6, "discharge": 260.93}, "geometry": {"type": "LineString", "coordinates": [[37.3521, -8.5521], [37.3521, -8.5396], [37.3437, -8.5313], [37.3437, -8.5188]]}}, {"type": "Feature", "properties": {"order": 5, "discharge": 62.19}, "geometry": {"type": "LineString", "coordinates": [[30.9396, -8.5563], [30.9354, -8.5521]]}}, {"type": "Feature", "properties": {"order": 5, "discharge": 23.84}, "geometry": {"type": "LineString", "coordinates": [[33.3437, -8.4938], [33.3354, -8.5021], [33.3312, -8.4979], [33.3229, -8.4979], [33.3187, -8.5021], [33.3146, -8.5021], [33.3062, -8.5104], [33.3021, -8.5104], [33.2937, -8.5188], [33.2937, -8.5271], [33.2896, -8.5313], [33.2896, -8.5438], [33.3021, -8.5563]]}}, {"type": "Feature", "properties": {"order": 5, "discharge": 60.42}, "geometry": {"type": "LineString", "coordinates": [[30.9437, -8.5604], [30.9396, -8.5563]]}}, {"type": "Feature", "properties": {"order": 5, "discharge": 35.01}, "geometry": {"type": "LineString", "coordinates": [[33.1146, -8.5604], [33.1104, -8.5563], [33.1062, -8.5563], [33.1021, -8.5521], [33.0979, -8.5521], [33.0854, -8.5396], [33.0812, -8.5396]]}}, {"type": "Feature", "properties": {"order": 6, "discharge": 523.75}, "geometry": {"type": "LineString", "coordinates": [[37.1937, -8.5396], [37.1979, -8.5438], [37.1979, -8.5521], [37.2062, -8.5604], [37.2146, -8.5604]]}}, {"type": "Feature", "properties": {"order": 5, "discharge": 99.56}, "geometry": {"type": "LineString", "coordinates": [[30.7229, -8.5688], [30.7229, -8.5646], [30.7354, -8.5521], [30.7354, -8.5479]]}}, {"type": "Feature", "properties": {"order": 6, "discharge": 292.84}, "geometry": {"type": "LineString", "coordinates": [[36.3604, -8.5729], [36.3604, -8.5646], [36.3562, -8.5604], [36.3562, -8.5479], [36.3604, -8.5438], [36.3604, -8.5396], [36.3562, -8.5354], [36.3604, -8.5313], [36.3604, -8.5271], [36.3646, -8.5229]]}}, {"type": "Feature", "properties": {"order": 5, "discharge": 61.37}, "geometry": {"type": "LineString", "coordinates": [[37.0437, -8.5729], [37.0437, -8.5604], [37.0479, -8.5563], [37.0479, -8.5521], [37.0521, -8.5479]]}}, {"type": "Feature", "properties": {"order": 6, "discharge": 524.16}, "geometry": {"type": "LineString", "coordinates": [[37.2146, -8.5604], [37.2187, -8.5646], [37.2229, -8.5646], [37.2271, -8.5688], [37.2312, -8.5688], [37.2396, -8.5771], [37.2437, -8.5771]]}}, {"type": "Feature", "properties": {"order": 6, "discharge": 537.76}, "geometry": {"type": "LineString", "coordinates": [[37.2437, -8.5771], [37.2687, -8.5771], [37.2729, -8.5729], [37.2771, -8.5729], [37.2812, -8.5688], [37.2854, -8.5688], [37.2896, -8.5646], [37.2896, -8.5604], [37.2979, -8.5521], [37.2979, -8.5396], [37.3104, -8.5271]]}}, {"type": "Feature", "properties": {"order": 5, "discharge": 144.83}, "geometry": {"type": "LineString", "coordinates": [[32.2896, -8.5813], [32.2896, -8.5604], [32.2979, -8.5521], [32.2979, -8.5479], [32.2937, -8.5438]]}}, {"type": "Feature", "properties": {"order": 5, "discharge": 24.27}, "geometry": {"type": "LineString", "coordinates": [[33.3021, -8.5563], [33.2896, -8.5688], [33.2896, -8.5729], [33.2854, -8.5771], [33.2771, -8.5771], [33.2729, -8.5813]]}}, {"type": "Feature", "properties": {"order": 5, "discharge": 61.09}, "geometry": {"type": "LineString", "coordinates": [[37.0437, -8.5854], [37.0437, -8.5729]]}}, {"type": "Feature", "properties": {"order": 5, "discharge": 143.42}, "geometry": {"type": "LineString", "coordinates": [[32.2979, -8.5896], [32.2896, -8.5813]]}}, {"type": "Feature", "properties": {"order": 6, "discharge": 286.89}, "geometry": {"type": "LineString", "coordinates": [[36.3479, -8.5938], [36.3479, -8.5854], [36.3604, -8.5729]]}}, {"type": "Feature", "properties": {"order": 5, "discharge": 59.85}, "geometry": {"type": "LineString", "coordinates": [[31.0104, -8.5979], [31.0021, -8.5979], [30.9979, -8.5938], [30.9937, -8.5938], [30.9896, -8.5896], [30.9812, -8.5896], [30.9729, -8.5813], [30.9687, -8.5813], [30.9604, -8.5729], [30.9562, -8.5729], [30.9437, -8.5604]]}}, {"type": "Feature", "properties": {"order": 5, "discharge": 143.15}, "geometry": {"type": "LineString", "coordinates": [[32.3146, -8.5979], [32.3062, -8.5896], [32.2979, -8.5896]]}}, {"type": "Feature", "properties": {"order": 5, "discharge": 24.39}, "geometry": {"type": "LineString", "coordinates": [[33.2729, -8.5813], [33.2729, -8.5854], [33.2771, -8.5896], [33.2729, -8.5938], [33.2729, -8.5979]]}}, {"type": "Feature", "properties": {"order": 5, "discharge": 59.12}, "geometry": {"type": "LineString", "coordinates": [[31.0146, -8.6021], [31.0104, -8.5979]]}}, {"type": "Feature", "properties": {"order": 5, "discharge": 59.82}, "geometry": {"type": "LineString", "coordinates": [[37.0104, -8.6021], [37.0146, -8.6021], [37.0187, -8.5979], [37.0229, -8.6021], [37.0271, -8.6021]]}}, {"type": "Feature", "properties": {"order": 5, "discharge": 60.81}, "geometry": {"type": "LineString", "coordinates": [[37.0271, -8.6021], [37.0312, -8.5979], [37.0396, -8.5979], [37.0437, -8.5938], [37.0437, -8.5854]]}}, {"type": "Feature", "properties": {"order": 5, "discharge": 33.89}, "geometry": {"type": "LineString", "coordinates": [[33.1521, -8.6063], [33.1479, -8.6021], [33.1479, -8.5979], [33.1354, -8.5854], [33.1312, -8.5854], [33.1146, -8.5688], [33.1146, -8.5604]]}}, {"type": "Feature", "properties": {"order": 5, "discharge": 99.21}, "geometry": {"type": "LineString", "coordinates": [[30.7396, -8.6104], [30.7396, -8.6063], [30.7271, -8.5938], [30.7271, -8.5813], [30.7229, -8.5771], [30.7229, -8.5688]]}}, {"type": "Feature", "properties": {"order": 5, "discharge": 58.66}, "geometry": {"type": "LineString", "coordinates": [[31.0437, -8.6104], [31.0354, -8.6104], [31.0312, -8.6063], [31.0271, -8.6063], [31.0229, -8.6021], [31.0146, -8.6021]]}}, {"type": "Feature", "properties": {"order": 5, "discharge": 98.97}, "geometry": {"type": "LineString", "coordinates": [[30.7396, -8.6146], [30.7396, -8.6104]]}}, {"type": "Feature", "properties": {"order": 5, "discharge": 55.29}, "geometry": {"type": "LineString", "coordinates": [[31.0854, -8.6146], [31.0562, -8.6146], [31.0521, -8.6104], [31.0437, -8.6104]]}}, {"type": "Feature", "properties": {"order": 5, "discharge": 54.97}, "geometry": {"type": "LineString", "coordinates": [[31.1104, -8.6188], [31.0896, -8.6188], [31.0854, -8.6146]]}}, {"type": "Feature", "properties": {"order": 5, "discharge": 24.54}, "geometry": {"type": "LineString", "coordinates": [[33.2729, -8.5979], [33.2687, -8.5979], [33.2646, -8.6021], [33.2646, -8.6146], [33.2604, -8.6188]]}}, {"type": "Feature", "properties": {"order": 5, "discharge": 98.67}, "geometry": {"type": "LineString", "coordinates": [[30.7312, -8.6229], [30.7396, -8.6146]]}}, {"type": "Feature", "properties": {"order": 6, "discharge": 280.85}, "geometry": {"type": "LineString", "coordinates": [[36.3187, -8.6229], [36.3187, -8.6188], [36.3271, -8.6104], [36.3271, -8.6063], [36.3312, -8.6021], [36.3354, -8.6021], [36.3396, -8.5979], [36.3437, -8.5979], [36.3479, -8.5938]]}}, {"type": "Feature", "properties": {"order": 5, "discharge": 98.56}, "geometry": {"type": "LineString", "coordinates": [[30.7104, -8.6271], [30.7146, -8.6229], [30.7312, -8.6229]]}}, {"type": "Feature", "properties": {"order": 5, "discharge": 24.74}, "geometry": {"type": "LineString", "coordinates": [[33.2604, -8.6188], [33.2562, -8.6229], [33.2562, -8.6271]]}}, {"type": "Feature", "properties": {"order": 5, "discharge": 98.19}, "geometry": {"type": "LineString", "coordinates": [[30.6979, -8.6313], [30.7021, -8.6271], [30.7104, -8.6271]]}}, {"type": "Feature", "properties": {"order": 5, "discharge": 33.64}, "geometry": {"type": "LineString", "coordinates": [[33.1604, -8.6313], [33.1521, -8.6229], [33.1521, -8.6063]]}}, {"type": "Feature", "properties": {"order": 5, "discharge": 142.64}, "geometry": {"type": "LineString", "coordinates": [[32.3271, -8.6396], [32.3187, -8.6396], [32.3104, -8.6313], [32.3104, -8.6229], [32.3146, -8.6188], [32.3104, -8.6146], [32.3187, -8.6063], [32.3187, -8.6021], [32.3146, -8.5979]]}}, {"type": "Feature", "properties": {"order": 6, "discharge": 259.9}, "geometry": {"type": "LineString", "coordinates": [[37.3729, -8.6438], [37.3729, -8.6146], [37.3771, -8.6104], [37.3771, -8.6063], [37.3729, -8.6021], [37.3687, -8.6021], [37.3646, -8.5979], [37.3646, -8.5813], [37.3604, -8.5771], [37.3604, -8.5646], [37.3521, -8.5563], [37.3521, -8.5521]]}}, {"type": "Feature", "properties": {"order": 5, "discharge": 142.13}, "geometry": {"type": "LineString", "coordinates": [[32.3479, -8.6479], [32.3354, -8.6354], [32.3312, -8.6354], [32.3271, -8.6396]]}}, {"type": "Feature", "properties": {"order": 5, "discharge": 54.26}, "geometry": {"type": "LineString", "coordinates": [[36.9937, -8.6563], [36.9937, -8.6521], [36.9979, -8.6479], [36.9979, -8.6438], [36.9937, -8.6396], [37.0021, -8.6313], [37.0021, -8.6229], [36.9979, -8.6188], [37.0062, -8.6104], [37.0062, -8.6063], [37.0104, -8.6021]]}}, {"type": "Feature", "properties": {"order": 5, "discharge": 33.43}, "geometry": {"type": "LineString", "coordinates": [[33.1979, -8.6604], [33.1937, -8.6604], [33.1854, -8.6521], [33.1771, -8.6521], [33.1687, -8.6438], [33.1646, -8.6438], [33.1562, -8.6354], [33.1604, -8.6313]]}}, {"type": "Feature", "properties": {"order": 5, "discharge": 25.49}, "geometry": {"type": "LineString", "coordinates": [[33.2562, -8.6271], [33.2312, -8.6521], [33.2187, -8.6521], [33.2146, -8.6563], [33.2146, -8.6604], [33.2104, -8.6646], [33.2021, -8.6563], [33.1979, -8.6604]]}}, {"type": "Feature", "properties": {"order": 5, "discharge": 13.62}, "geometry": {"type": "LineString", "coordinates": [[34.4354, -8.6688], [34.4271, -8.6604], [34.4271, -8.6563], [34.4229, -8.6521], [34.4229, -8.6479], [34.4104, -8.6354], [34.4062, -8.6354], [34.4021, -8.6313], [34.3979, -8.6313], [34.3937, -8.6271], [34.3937, -8.6229], [34.3729, -8.6021], [34.3729, -8.5896], [34.3687, -8.5854], [34.3687, -8.5771], [34.3646, -8.5729], [34.3646, -8.5646], [34.3604, -8.5604], [34.3604, -8.5479], [34.3521, -8.5396], [34.3479, -8.5396], [34.3437, -8.5354], [34.3437, -8.5313], [34.3354, -8.5229], [34.3354, -8.5104]]}}, {"type": "Feature", "properties": {"order": 5, "discharge": 98.0}, "geometry": {"type": "LineString", "coordinates": [[30.6229, -8.6729], [30.6312, -8.6729], [30.6354, -8.6688], [30.6437, -8.6688], [30.6479, -8.6646], [30.6562, -8.6646], [30.6687, -8.6521], [30.6687, -8.6479], [30.6729, -8.6479], [30.6812, -8.6396], [30.6854, -8.6396], [30.6937, -8.6313], [30.6979, -8.6313]]}}, {"type": "Feature", "properties": {"order": 6, "discharge": 280.05}, "geometry": {"type": "LineString", "coordinates": [[36.3146, -8.6729], [36.3146, -8.6604], [36.3187, -8.6563], [36.3187, -8.6438], [36.3146, -8.6396], [36.3146, -8.6313], [36.3187, -8.6271], [36.3187, -8.6229]]}}, {"type": "Feature", "properties": {"order": 6, "discharge": 256.34}, "geometry": {"type": "LineString", "coordinates": [[37.3479, -8.6771], [37.3479, -8.6729], [37.3604, -8.6604], [37.3604, -8.6563], [37.3729, -8.6438]]}}, {"type": "Feature", "properties": {"order": 5, "discharge": 95.4}, "geometry": {"type": "LineString", "coordinates": [[30.6021, -8.6813], [30.6062, -8.6771], [30.6146, -8.6771], [30.6187, -8.6729], [30.6229, -8.6729]]}}, {"type": "Feature", "properties": {"order": 5, "discharge": 13.23}, "geometry": {"type": "LineString", "coordinates": [[34.4979, -8.6813], [34.4937, -8.6771], [34.4854, -8.6771], [34.4812, -8.6813], [34.4771, -8.6771], [34.4729, -8.6771], [34.4687, -8.6813], [34.4604, -8.6813], [34.4562, -8.6771], [34.4521, -8.6771], [34.4437, -8.6688], [34.4396, -8.6729], [34.4354, -8.6688]]}}, {"type": "Feature", "properties": {"order": 6, "discharge": 278.99}, "geometry": {"type": "LineString", "coordinates": [[36.3104, -8.6813], [36.3146, -8.6771], [36.3146, -8.6729]]}}, {"type": "Feature", "properties": {"order": 5, "discharge": 53.75}, "geometry": {"type": "LineString", "coordinates": [[36.9937, -8.6813], [36.9937, -8.6563]]}}, {"type": "Feature", "properties": {"order": 5, "discharge": 50.62}, "geometry": {"type": "LineString", "coordinates": [[29.7062, -8.6521], [29.7021, -8.6563], [29.7021, -8.6604], [29.6979, -8.6646], [29.6979, -8.6688], [29.6937, -8.6729], [29.6937, -8.6771], [29.6896, -8.6813], [29.6896, -8.6854]]}}, {"type": "Feature", "properties": {"order": 5, "discharge": 95.2}, "geometry": {"type": "LineString", "coordinates": [[30.5604, -8.6854], [30.5646, -8.6854], [30.5687, -8.6813], [30.5771, -8.6813], [30.5812, -8.6854], [30.5937, -8.6854]]}}, {"type": "Feature", "properties": {"order": 5, "discharge": 95.29}, "geometry": {"type": "LineString", "coordinates": [[30.5937, -8.6854], [30.5979, -8.6854], [30.6021, -8.6813]]}}, {"type": "Feature", "properties": {"order": 6, "discharge": 255.83}, "geometry": {"type": "LineString", "coordinates": [[37.3479, -8.6854], [37.3479, -8.6771]]}}, {"type": "Feature", "properties": {"order": 5, "discharge": 51.02}, "geometry": {"type": "LineString", "coordinates": [[29.6896, -8.6854], [29.6854, -8.6896]]}}, {"type": "Feature", "properties": {"order": 5, "discharge": 141.92}, "geometry": {"type": "LineString", "coordinates": [[32.3854, -8.6938], [32.3771, -8.6854], [32.3771, -8.6813], [32.3687, -8.6729], [32.3687, -8.6688], [32.3479, -8.6479]]}}, {"type": "Feature", "properties": {"order": 5, "discharge": 51.19}, "geometry": {"type": "LineString", "coordinates": [[36.9271, -8.6979], [36.9271, -8.6854], [36.9354, -8.6771], [36.9437, -8.6854], [36.9437, -8.6938], [36.9479, -8.6979], [36.9646, -8.6979]]}}, {"type": "Feature", "properties": {"order": 5, "discharge": 52.14}, "geometry": {"type": "LineString", "coordinates": [[36.9646, -8.6979], [36.9687, -8.6979], [36.9729, -8.6938], [36.9687, -8.6896], [36.9687, -8.6813], [36.9812, -8.6688], [36.9854, -8.6729], [36.9854, -8.6771], [36.9896, -8.6813], [36.9937, -8.6813]]}}, {"type": "Feature", "properties": {"order": 6, "discharge": 276.73}, "geometry": {"type": "LineString", "coordinates": [[36.2979, -8.7021], [36.3021, -8.6979], [36.3021, -8.6938], [36.3104, -8.6854], [36.3104, -8.6813]]}}, {"type": "Feature", "properties": {"order": 5, "discharge": 94.73}, "geometry": {"type": "LineString", "coordinates": [[32.3812, -8.7063], [32.3812, -8.6979], [32.3854, -8.6938]]}}, {"type": "Feature", "properties": {"order": 5, "discharge": 95.05}, "geometry": {"type": "LineString", "coordinates": [[30.5229, -8.7104], [30.5312, -8.7104], [30.5354, -8.7063], [30.5396, -8.7063], [30.5479, -8.6979], [30.5479, -8.6938], [30.5521, -8.6896], [30.5562, -8.6896], [30.5604, -8.6854]]}}, {"type": "Feature", "properties": {"order": 5, "discharge": 13.01}, "geometry": {"type": "LineString", "coordinates": [[34.4937, -8.7104], [34.4937, -8.6938], [34.4979, -8.6896], [34.4979, -8.6813]]}}, {"type": "Feature", "properties": {"order": 5, "discharge": 146.19}, "geometry": {"type": "LineString", "coordinates": [[39.2979, -8.7188], [39.3021, -8.7146], [39.3146, -8.7146]]}}, {"type": "Feature", "properties": {"order": 5, "discharge": 147.33}, "geometry": {"type": "LineString", "coordinates": [[39.3604, -8.7188], [39.3687, -8.7188]]}}, {"type": "Feature", "properties": {"order": 5, "discharge": 94.61}, "geometry": {"type": "LineString", "coordinates": [[30.4979, -8.7229], [30.5021, -8.7188], [30.5062, -8.7188], [30.5104, -8.7146], [30.5146, -8.7146], [30.5187, -8.7104], [30.5229, -8.7104]]}}, {"type": "Feature", "properties": {"order": 6, "discharge": 275.4}, "geometry": {"type": "LineString", "coordinates": [[36.2687, -8.7229], [36.2771, -8.7146], [36.2812, -8.7146], [36.2854, -8.7104], [36.2896, -8.7104], [36.2979, -8.7021]]}}, {"type": "Feature", "properties": {"order": 5, "discharge": 147.2}, "geometry": {"type": "LineString", "coordinates": [[39.3146, -8.7146], [39.3312, -8.7146], [39.3396, -8.7229], [39.3437, -8.7229], [39.3521, -8.7146], [39.3562, -8.7146], [39.3604, -8.7188]]}}, {"type": "Feature", "properties": {"order": 6, "discharge": 274.54}, "geometry": {"type": "LineString", "coordinates": [[36.2604, -8.7271], [36.2646, -8.7229], [36.2687, -8.7229]]}}, {"type": "Feature", "properties": {"order": 6, "discharge": 252.62}, "geometry": {"type": "LineString", "coordinates": [[37.3354, -8.7271], [37.3437, -8.7188], [37.3437, -8.7104], [37.3521, -8.7021], [37.3437, -8.6938], [37.3437, -8.6896], [37.3479, -8.6854]]}}, {"type": "Feature", "properties": {"order": 5, "discharge": 36.71}, "geometry": {"type": "LineString", "coordinates": [[31.9646, -8.7313], [31.9771, -8.7313], [31.9812, -8.7271]]}}, {"type": "Feature", "properties": {"order": 5, "discharge": 53.32}, "geometry": {"type": "LineString", "coordinates": [[29.6854, -8.6896], [29.6854, -8.6938], [29.6812, -8.6979], [29.6812, -8.7021], [29.6771, -8.7063], [29.6771, -8.7104], [29.6729, -8.7146], [29.6729, -8.7188], [29.6687, -8.7229], [29.6687, -8.7271], [29.6646, -8.7313], [29.6646, -8.7354]]}}, {"type": "Feature", "properties": {"order": 5, "discharge": 94.37}, "geometry": {"type": "LineString", "coordinates": [[30.4771, -8.7354], [30.4812, -8.7313], [30.4812, -8.7271], [30.4854, -8.7271], [30.4896, -8.7229], [30.4979, -8.7229]]}}, {"type": "Feature", "properties": {"order": 5, "discharge": 36.43}, "geometry": {"type": "LineString", "coordinates": [[31.9604, -8.7396], [31.9646, -8.7354], [31.9646, -8.7313]]}}, {"type": "Feature", "properties": {"order": 5, "discharge": 38.38}, "geometry": {"type": "LineString", "coordinates": [[31.9812, -8.7271], [31.9854, -8.7313], [31.9896, -8.7271], [31.9979, -8.7271], [32.0021, -8.7313], [32.0062, -8.7313], [32.0104, -8.7354], [32.0146, -8.7354], [32.0187, -8.7396]]}}, {"type": "Feature", "properties": {"order": 5, "discharge": 38.64}, "geometry": {"type": "LineString", "coordinates": [[32.0187, -8.7396], [32.0312, -8.7396]]}}, {"type": "Feature", "properties": {"order": 5, "discharge": 146.02}, "geometry": {"type": "LineString", "coordinates": [[39.2354, -8.7354], [39.2396, -8.7354], [39.2437, -8.7396]]}}, {"type": "Feature", "properties": {"order": 5, "discharge": 75.49}, "geometry": {"type": "LineString", "coordinates": [[32.0312, -8.7396], [32.0354, -8.7438]]}}, {"type": "Feature", "properties": {"order": 6, "discharge": 264.4}, "geometry": {"type": "LineString", "coordinates": [[36.2271, -8.7438], [36.2312, -8.7438], [36.2437, -8.7313], [36.2479, -8.7313], [36.2521, -8.7271], [36.2604, -8.7271]]}}, {"type": "Feature", "properties": {"order": 5, "discharge": 146.1}, "geometry": {"type": "LineString", "coordinates": [[39.2437, -8.7396], [39.2562, -8.7396], [39.2604, -8.7438], [39.2812, -8.7438], [39.2854, -8.7396], [39.2896, -8.7396], [39.2979, -8.7313], [39.2979, -8.7188]]}}, {"type": "Feature", "properties": {"order": 5, "discharge": 54.67}, "geometry": {"type": "LineString", "coordinates": [[29.6646, -8.7354], [29.6604, -8.7396], [29.6604, -8.7479]]}}, {"type": "Feature", "properties": {"order": 5, "discharge": 36.2}, "geometry": {"type": "LineString", "coordinates": [[31.9562, -8.7479], [31.9604, -8.7438], [31.9604, -8.7396]]}}, {"type": "Feature", "properties": {"order": 6, "discharge": 250.98}, "geometry": {"type": "LineString", "coordinates": [[37.3271, -8.7479], [37.3312, -8.7438], [37.3312, -8.7313], [37.3354, -8.7271]]}}, {"type": "Feature", "properties": {"order": 5, "discharge": 145.47}, "geometry": {"type": "LineString", "coordinates": [[39.2187, -8.7479], [39.2271, -8.7396], [39.2312, -8.7396], [39.2354, -8.7354]]}}, {"type": "Feature", "properties": {"order": 5, "discharge": 145.41}, "geometry": {"type": "LineString", "coordinates": [[39.1771, -8.7479], [39.1771, -8.7438], [39.1812, -8.7396], [39.1937, -8.7521], [39.1979, -8.7479], [39.2062, -8.7479], [39.2104, -8.7438], [39.2146, -8.7438], [39.2187, -8.7479]]}}, {"type": "Feature", "properties": {"order": 5, "discharge": 94.0}, "geometry": {"type": "LineString", "coordinates": [[30.4479, -8.7563], [30.4521, -8.7521], [30.4562, -8.7521], [30.4729, -8.7354], [30.4771, -8.7354]]}}, {"type": "Feature", "properties": {"order": 5, "discharge": 145.28}, "geometry": {"type": "LineString", "coordinates": [[39.1771, -8.7563], [39.1771, -8.7479]]}}, {"type": "Feature", "properties": {"order": 5, "discharge": 88.85}, "geometry": {"type": "LineString", "coordinates": [[30.4271, -8.7604], [30.4354, -8.7604], [30.4396, -8.7563], [30.4479, -8.7563]]}}, {"type": "Feature", "properties": {"order": 5, "discharge": 75.84}, "geometry": {"type": "LineString", "coordinates": [[32.0354, -8.7438], [32.0396, -8.7479], [32.0396, -8.7521], [32.0437, -8.7563], [32.0521, -8.7563], [32.0562, -8.7604]]}}, {"type": "Feature", "properties": {"order": 5, "discharge": 47.68}, "geometry": {"type": "LineString", "coordinates": [[36.9062, -8.7604], [36.9104, -8.7604]]}}, {"type": "Feature", "properties": {"order": 5, "discharge": 50.2}, "geometry": {"type": "LineString", "coordinates": [[36.9104, -8.7604], [36.9146, -8.7563], [36.9187, -8.7563], [36.9229, -8.7521], [36.9229, -8.7479], [36.9187, -8.7438], [36.9187, -8.7354], [36.9271, -8.7271], [36.9229, -8.7229], [36.9229, -8.7188], [36.9271, -8.7146], [36.9271, -8.6979]]}}, {"type": "Feature", "properties": {"order": 5, "discharge": 76.03}, "geometry": {"type": "LineString", "coordinates": [[32.0562, -8.7604], [32.0604, -8.7646], [32.0646, -8.7604], [32.0687, -8.7604], [32.0729, -8.7646]]}}, {"type": "Feature", "properties": {"order": 5, "discharge": 144.32}, "geometry": {"type": "LineString", "coordinates": [[39.1354, -8.7646], [39.1479, -8.7646], [39.1521, -8.7688], [39.1604, -8.7688], [39.1687, -8.7604], [39.1729, -8.7604], [39.1771, -8.7563]]}}, {"type": "Feature", "properties": {"order": 5, "discharge": 76.69}, "geometry": {"type": "LineString", "coordinates": [[32.0729, -8.7646], [32.0812, -8.7729]]}}, {"type": "Feature", "properties": {"order": 6, "discharge": 253.56}, "geometry": {"type": "LineString", "coordinates": [[36.1729, -8.7771], [36.1771, -8.7771], [36.1937, -8.7604], [36.1979, -8.7604], [36.2104, -8.7479], [36.2146, -8.7479], [36.2187, -8.7438], [36.2271, -8.7438]]}}, {"type": "Feature", "properties": {"order": 5, "discharge": 138.38}, "geometry": {"type": "LineString", "coordinates": [[38.9604, -8.7771], [38.9687, -8.7771], [38.9729, -8.7729], [38.9771, -8.7729]]}}, {"type": "Feature", "properties": {"order": 5, "discharge": 56.22}, "geometry": {"type": "LineString", "coordinates": [[29.6604, -8.7479], [29.6521, -8.7563], [29.6521, -8.7604], [29.6479, -8.7646], [29.6479, -8.7688], [29.6437, -8.7729], [29.6437, -8.7771], [29.6396, -8.7813]]}}, {"type": "Feature", "properties": {"order": 5, "discharge": 138.51}, "geometry": {"type": "LineString", "coordinates": [[38.9771, -8.7729], [38.9812, -8.7771], [38.9812, -8.7813]]}}, {"type": "Feature", "properties": {"order": 5, "discharge": 142.63}, "geometry": {"type": "LineString", "coordinates": [[39.0396, -8.7688], [39.0479, -8.7688], [39.0562, -8.7771], [39.0646, -8.7771], [39.0687, -8.7813]]}}, {"type": "Feature", "properties": {"order": 5, "discharge": 47.49}, "geometry": {"type": "LineString", "coordinates": [[36.8979, -8.7854], [36.9021, -8.7813], [36.8979, -8.7771], [36.8979, -8.7688], [36.9062, -8.7604]]}}, {"type": "Feature", "properties": {"order": 5, "discharge": 137.0}, "geometry": {"type": "LineString", "coordinates": [[38.9354, -8.7854], [38.9396, -8.7854]]}}, {"type": "Feature", "properties": {"order": 5, "discharge": 137.26}, "geometry": {"type": "LineString", "coordinates": [[38.9396, -8.7854], [38.9521, -8.7854], [38.9604, -8.7771]]}}, {"type": "Feature", "properties": {"order": 5, "discharge": 142.4}, "geometry": {"type": "LineString", "coordinates": [[39.0187, -8.7854], [39.0229, -8.7813], [39.0271, -8.7813], [39.0396, -8.7688]]}}, {"type": "Feature", "properties": {"order": 5, "discharge": 88.59}, "geometry": {"type": "LineString", "coordinates": [[30.3604, -8.7896], [30.3646, -8.7854], [30.3729, -8.7854], [30.3812, -8.7771], [30.3854, -8.7771], [30.3896, -8.7729], [30.4021, -8.7729], [30.4062, -8.7688], [30.4104, -8.7688], [30.4146, -8.7646], [30.4229, -8.7646], [30.4271, -8.7604]]}}, {"type": "Feature", "properties": {"order": 5, "discharge": 35.53}, "geometry": {"type": "LineString", "coordinates": [[31.9479, -8.7896], [31.9479, -8.7854], [31.9521, -8.7813], [31.9521, -8.7604], [31.9562, -8.7563], [31.9562, -8.7479]]}}, {"type": "Feature", "properties": {"order": 5, "discharge": 93.79}, "geometry": {"type": "LineString", "coordinates": [[32.3729, -8.7896], [32.3771, -8.7896]]}}, {"type": "Feature", "properties": {"order": 5, "discharge": 94.45}, "geometry": {"type": "LineString", "coordinates": [[32.3771, -8.7896], [32.3854, -8.7896], [32.3896, -8.7854], [32.3937, -8.7854], [32.4021, -8.7771], [32.4021, -8.7646], [32.3896, -8.7521], [32.3937, -8.7479], [32.3937, -8.7396], [32.3896, -8.7354], [32.3854, -8.7354], [32.3812, -8.7313], [32.3812, -8.7229], [32.3854, -8.7188], [32.3812, -8.7146], [32.3812, -8.7063]]}}, {"type": "Feature", "properties": {"order": 5, "discharge": 138.66}, "geometry": {"type": "LineString", "coordinates": [[38.9812, -8.7813], [38.9896, -8.7896], [38.9979, -8.7896]]}}, {"type": "Feature", "properties": {"order": 5, "discharge": 144.04}, "geometry": {"type": "LineString", "coordinates": [[39.0687, -8.7813], [39.0771, -8.7896], [39.0854, -8.7896], [39.0896, -8.7854], [39.0937, -8.7854], [39.0979, -8.7813], [39.1021, -8.7813], [39.1104, -8.7729], [39.1104, -8.7688], [39.1146, -8.7646], [39.1354, -8.7646]]}}, {"type": "Feature", "properties": {"order": 5, "discharge": 88.06}, "geometry": {"type": "LineString", "coordinates": [[30.3312, -8.7896], [30.3354, -8.7896], [30.3396, -8.7854], [30.3437, -8.7896], [30.3479, -8.7896], [30.3521, -8.7938], [30.3562, -8.7938], [30.3604, -8.7896]]}}, {"type": "Feature", "properties": {"order": 5, "discharge": 46.9}, "geometry": {"type": "LineString", "coordinates": [[36.8729, -8.7813], [36.8771, -8.7771], [36.8896, -8.7896], [36.8896, -8.7938], [36.8979, -8.7854]]}}, {"type": "Feature", "properties": {"order": 6, "discharge": 250.63}, "geometry": {"type": "LineString", "coordinates": [[37.3146, -8.7938], [37.3146, -8.7771], [37.3229, -8.7688], [37.3187, -8.7646], [37.3187, -8.7563], [37.3271, -8.7479]]}}, {"type": "Feature", "properties": {"order": 5, "discharge": 142.26}, "geometry": {"type": "LineString", "coordinates": [[38.9979, -8.7896], [39.0021, -8.7938], [39.0062, -8.7938], [39.0104, -8.7896], [39.0146, -8.7896], [39.0187, -8.7854]]}}, {"type": "Feature", "properties": {"order": 5, "discharge": 87.39}, "geometry": {"type": "LineString", "coordinates": [[30.3146, -8.7979], [30.3229, -8.7979]]}}, {"type": "Feature", "properties": {"order": 5, "discharge": 87.85}, "geometry": {"type": "LineString", "coordinates": [[30.3229, -8.7979], [30.3312, -8.7896]]}}, {"type": "Feature", "properties": {"order": 5, "discharge": 77.41}, "geometry": {"type": "LineString", "coordinates": [[32.0812, -8.7729], [32.0854, -8.7729], [32.0937, -8.7813], [32.1021, -8.7813], [32.1187, -8.7979]]}}, {"type": "Feature", "properties": {"order": 6, "discharge": 252.43}, "geometry": {"type": "LineString", "coordinates": [[36.1396, -8.7979], [36.1521, -8.7854], [36.1562, -8.7854], [36.1604, -8.7813], [36.1646, -8.7813], [36.1687, -8.7771], [36.1729, -8.7771]]}}, {"type": "Feature", "properties": {"order": 5, "discharge": 46.02}, "geometry": {"type": "LineString", "coordinates": [[36.8604, -8.7979], [36.8646, -8.7938], [36.8646, -8.7896], [36.8729, -8.7813]]}}, {"type": "Feature", "properties": {"order": 5, "discharge": 93.67}, "geometry": {"type": "LineString", "coordinates": [[32.3604, -8.8021], [32.3729, -8.7896]]}}, {"type": "Feature", "properties": {"order": 6, "discharge": 251.54}, "geometry": {"type": "LineString", "coordinates": [[36.1354, -8.8021], [36.1396, -8.7979]]}}, {"type": "Feature", "properties": {"order": 5, "discharge": 122.93}, "geometry": {"type": "LineString", "coordinates": [[38.7854, -8.7979], [38.8104, -8.7979], [38.8146, -8.8021]]}}, {"type": "Feature", "properties": {"order": 5, "discharge": 136.46}, "geometry": {"type": "LineString", "coordinates": [[38.8896, -8.8021], [38.9062, -8.8021], [38.9104, -8.7979], [38.9104, -8.7938], [38.9146, -8.7896], [38.9229, -8.7896], [38.9271, -8.7854], [38.9354, -8.7854]]}}, {"type": "Feature", "properties": {"order": 5, "discharge": 77.77}, "geometry": {"type": "LineString", "coordinates": [[32.1187, -8.7979], [32.1271, -8.8063]]}}, {"type": "Feature", "properties": {"order": 5, "discharge": 93.11}, "geometry": {"type": "LineString", "coordinates": [[32.3437, -8.7979], [32.3521, -8.7979], [32.3562, -8.8021], [32.3562, -8.8063], [32.3604, -8.8021]]}}, {"type": "Feature", "properties": {"order": 5, "discharge": 122.75}, "geometry": {"type": "LineString", "coordinates": [[38.7646, -8.8063], [38.7729, -8.8063], [38.7812, -8.7979], [38.7854, -8.7979]]}}, {"type": "Feature", "properties": {"order": 5, "discharge": 132.88}, "geometry": {"type": "LineString", "coordinates": [[38.8729, -8.8063], [38.8854, -8.8063], [38.8896, -8.8021]]}}, {"type": "Feature", "properties": {"order": 5, "discharge": 34.77}, "geometry": {"type": "LineString", "coordinates": [[31.9396, -8.8104], [31.9437, -8.8063], [31.9437, -8.7979], [31.9479, -8.7938], [31.9479, -8.7896]]}}, {"type": "Feature", "properties": {"order": 5, "discharge": 92.73}, "geometry": {"type": "LineString", "coordinates": [[32.3271, -8.8104], [32.3312, -8.8104], [32.3437, -8.7979]]}}, {"type": "Feature", "properties": {"order": 6, "discharge": 251.07}, "geometry": {"type": "LineString", "coordinates": [[36.1104, -8.8104], [36.1187, -8.8021], [36.1354, -8.8021]]}}, {"type": "Feature", "properties": {"order": 6, "discharge": 249.58}, "geometry": {"type": "LineString", "coordinates": [[37.2937, -8.8146], [37.2937, -8.8104], [37.3062, -8.7979], [37.3104, -8.7979], [37.3146, -8.7938]]}}, {"type": "Feature", "properties": {"order": 5, "discharge": 87.25}, "geometry": {"type": "LineString", "coordinates": [[30.2771, -8.8188], [30.2812, -8.8146], [30.2896, -8.8146], [30.2937, -8.8104], [30.2979, -8.8104], [30.3104, -8.7979], [30.3146, -8.7979]]}}, {"type": "Feature", "properties": {"order": 5, "discharge": 34.41}, "geometry": {"type": "LineString", "coordinates": [[31.9354, -8.8188], [31.9396, -8.8146], [31.9396, -8.8104]]}}, {"type": "Feature", "properties": {"order": 5, "discharge": 79.5}, "geometry": {"type": "LineString", "coordinates": [[32.1271, -8.8063], [32.1312, -8.8104], [32.1354, -8.8104], [32.1396, -8.8146], [32.1479, -8.8146], [32.1521, -8.8188], [32.1604, -8.8188], [32.1646, -8.8146]]}}, {"type": "Feature", "properties": {"order": 5, "discharge": 92.46}, "geometry": {"type": "LineString", "coordinates": [[32.3104, -8.8229], [32.3187, -8.8146], [32.3229, -8.8146], [32.3271, -8.8104]]}}, {"type": "Feature", "properties": {"order": 5, "discharge": 86.63}, "geometry": {"type": "LineString", "coordinates": [[30.2604, -8.8271], [30.2687, -8.8271]]}}, {"type": "Feature", "properties": {"order": 5, "discharge": 86.92}, "geometry": {"type": "LineString", "coordinates": [[30.2687, -8.8271], [30.2771, -8.8188]]}}, {"type": "Feature", "properties": {"order": 5, "discharge": 92.21}, "geometry": {"type": "LineString", "coordinates": [[32.2937, -8.8271], [32.3021, -8.8188], [32.3062, -8.8188], [32.3104, -8.8229]]}}, {"type": "Feature", "properties": {"order": 5, "discharge": 42.69}, "geometry": {"type": "LineString", "coordinates": [[36.8604, -8.8271], [36.8604, -8.8229], [36.8562, -8.8188], [36.8562, -8.8146], [36.8604, -8.8104], [36.8604, -8.7979]]}}, {"type": "Feature", "properties": {"order": 5, "discharge": 121.84}, "geometry": {"type": "LineString", "coordinates": [[38.7229, -8.8313], [38.7229, -8.8229], [38.7271, -8.8188]]}}, {"type": "Feature", "properties": {"order": 5, "discharge": 122.39}, "geometry": {"type": "LineString", "coordinates": [[38.7271, -8.8188], [38.7396, -8.8313], [38.7437, -8.8313], [38.7479, -8.8271], [38.7479, -8.8188], [38.7562, -8.8104], [38.7604, -8.8104], [38.7646, -8.8063]]}}, {"type": "Feature", "properties": {"order": 5, "discharge": 123.17}, "geometry": {"type": "LineString", "coordinates": [[38.8146, -8.8021], [38.8229, -8.8104], [38.8229, -8.8188], [38.8354, -8.8313], [38.8396, -8.8313]]}}, {"type": "Feature", "properties": {"order": 5, "discharge": 132.06}, "geometry": {"type": "LineString", "coordinates": [[38.8396, -8.8313], [38.8479, -8.8313], [38.8521, -8.8271], [38.8479, -8.8229], [38.8521, -8.8188], [38.8521, -8.8146], [38.8562, -8.8146], [38.8646, -8.8063], [38.8729, -8.8063]]}}, {"type": "Feature", "properties": {"order": 5, "discharge": 28.84}, "geometry": {"type": "LineString", "coordinates": [[31.9229, -8.8354], [31.9271, -8.8313], [31.9271, -8.8271], [31.9354, -8.8188]]}}, {"type": "Feature", "properties": {"order": 5, "discharge": 59.21}, "geometry": {"type": "LineString", "coordinates": [[29.6396, -8.7813], [29.6396, -8.7896], [29.6312, -8.7979], [29.6312, -8.8021], [29.6271, -8.8063], [29.6271, -8.8104], [29.6229, -8.8146], [29.6229, -8.8188], [29.6146, -8.8271], [29.6146, -8.8313], [29.6104, -8.8354], [29.6104, -8.8396]]}}, {"type": "Feature", "properties": {"order": 6, "discharge": 249.21}, "geometry": {"type": "LineString", "coordinates": [[37.2854, -8.8396], [37.2854, -8.8354], [37.2896, -8.8313], [37.2937, -8.8313], [37.2979, -8.8271], [37.2979, -8.8188], [37.2937, -8.8146]]}}, {"type": "Feature", "properties": {"order": 5, "discharge": 59.68}, "geometry": {"type": "LineString", "coordinates": [[29.6104, -8.8396], [29.6062, -8.8438]]}}, {"type": "Feature", "properties": {"order": 6, "discharge": 214.07}, "geometry": {"type": "LineString", "coordinates": [[36.0854, -8.8438], [36.0896, -8.8396], [36.0896, -8.8354], [36.0937, -8.8313], [36.0937, -8.8271], [36.0979, -8.8229], [36.0979, -8.8188], [36.1062, -8.8104], [36.1104, -8.8104]]}}, {"type": "Feature", "properties": {"order": 5, "discharge": 91.08}, "geometry": {"type": "LineString", "coordinates": [[32.2687, -8.8521], [32.2729, -8.8479], [32.2771, -8.8479], [32.2896, -8.8354], [32.2896, -8.8313], [32.2937, -8.8271]]}}, {"type": "Feature", "properties": {"order": 5, "discharge": 42.12}, "geometry": {"type": "LineString", "coordinates": [[36.8396, -8.8521], [36.8396, -8.8479], [36.8604, -8.8271]]}}, {"type": "Feature", "properties": {"order": 5, "discharge": 86.51}, "geometry": {"type": "LineString", "coordinates": [[30.2187, -8.8563], [30.2187, -8.8521], [30.2312, -8.8396], [30.2354, -8.8396], [30.2396, -8.8354], [30.2437, -8.8354], [30.2479, -8.8313], [30.2521, -8.8313], [30.2562, -8.8271], [30.2604, -8.8271]]}}, {"type": "Feature", "properties": {"order": 5, "discharge": 80.7}, "geometry": {"type": "LineString", "coordinates": [[32.1646, -8.8146], [32.1729, -8.8146], [32.1771, -8.8188], [32.1854, -8.8188], [32.1896, -8.8229], [32.1896, -8.8271], [32.2062, -8.8438], [32.2104, -8.8438], [32.2146, -8.8479], [32.2146, -8.8521], [32.2229, -8.8604]]}}, {"type": "Feature", "properties": {"order": 6, "discharge": 199.78}, "geometry": {"type": "LineString", "coordinates": [[36.0396, -8.8604], [36.0437, -8.8604]]}}, {"type": "Feature", "properties": {"order": 6, "discharge": 200.49}, "geometry": {"type": "LineString", "coordinates": [[36.0437, -8.8604], [36.0479, -8.8563], [36.0562, -8.8563], [36.0604, -8.8521], [36.0646, -8.8521], [36.0687, -8.8479], [36.0771, -8.8479], [36.0812, -8.8438], [36.0854, -8.8438]]}}, {"type": "Feature", "properties": {"order": 6, "discharge": 198.94}, "geometry": {"type": "LineString", "coordinates": [[36.0229, -8.8688], [36.0312, -8.8604], [36.0396, -8.8604]]}}, {"type": "Feature", "properties": {"order": 5, "discharge": 61.16}, "geometry": {"type": "LineString", "coordinates": [[29.6062, -8.8438], [29.6062, -8.8479], [29.5979, -8.8563], [29.5979, -8.8604], [29.5937, -8.8646], [29.5937, -8.8688], [29.5896, -8.8729]]}}, {"type": "Feature", "properties": {"order": 5, "discharge": 79.58}, "geometry": {"type": "LineString", "coordinates": [[30.2229, -8.8729], [30.2271, -8.8688], [30.2229, -8.8646], [30.2229, -8.8604], [30.2187, -8.8563]]}}, {"type": "Feature", "properties": {"order": 5, "discharge": 90.8}, "geometry": {"type": "LineString", "coordinates": [[32.2646, -8.8729], [32.2729, -8.8646], [32.2729, -8.8563], [32.2687, -8.8521]]}}, {"type": "Feature", "properties": {"order": 5, "discharge": 81.69}, "geometry": {"type": "LineString", "coordinates": [[32.2229, -8.8604], [32.2271, -8.8646], [32.2271, -8.8688], [32.2312, -8.8729], [32.2354, -8.8729], [32.2396, -8.8771], [32.2479, -8.8771], [32.2521, -8.8729], [32.2562, -8.8771], [32.2604, -8.8729], [32.2646, -8.8729]]}}, {"type": "Feature", "properties": {"order": 5, "discharge": 83.59}, "geometry": {"type": "LineString", "coordinates": [[35.9729, -8.8729], [35.9896, -8.8729], [35.9937, -8.8771], [36.0104, -8.8771]]}}, {"type": "Feature", "properties": {"order": 6, "discharge": 198.55}, "geometry": {"type": "LineString", "coordinates": [[36.0104, -8.8771], [36.0187, -8.8688], [36.0229, -8.8688]]}}, {"type": "Feature", "properties": {"order": 6, "discharge": 247.52}, "geometry": {"type": "LineString", "coordinates": [[37.2896, -8.8771], [37.2979, -8.8688], [37.2979, -8.8646], [37.2854, -8.8521], [37.2854, -8.8396]]}}, {"type": "Feature", "properties": {"order": 5, "discharge": 83.0}, "geometry": {"type": "LineString", "coordinates": [[35.9562, -8.8813], [35.9646, -8.8729], [35.9729, -8.8729]]}}, {"type": "Feature", "properties": {"order": 5, "discharge": 114.82}, "geometry": {"type": "LineString", "coordinates": [[36.0062, -8.8854], [36.0104, -8.8813], [36.0104, -8.8771]]}}, {"type": "Feature", "properties": {"order": 5, "discharge": 62.72}, "geometry": {"type": "LineString", "coordinates": [[29.5896, -8.8729], [29.5854, -8.8771], [29.5854, -8.8813], [29.5812, -8.8854], [29.5812, -8.8896], [29.5729, -8.8979]]}}, {"type": "Feature", "properties": {"order": 5, "discharge": 79.44}, "geometry": {"type": "LineString", "coordinates": [[30.2312, -8.8979], [30.2229, -8.8896], [30.2229, -8.8854], [30.2187, -8.8813], [30.2229, -8.8771], [30.2229, -8.8729]]}}, {"type": "Feature", "properties": {"order": 5, "discharge": 40.93}, "geometry": {"type": "LineString", "coordinates": [[36.8437, -8.8979], [36.8437, -8.8938], [36.8396, -8.8896], [36.8396, -8.8521]]}}, {"type": "Feature", "properties": {"order": 5, "discharge": 78.86}, "geometry": {"type": "LineString", "coordinates": [[30.2729, -8.9063], [30.2687, -8.9021], [30.2687, -8.8979], [30.2646, -8.8938], [30.2562, -8.8938], [30.2521, -8.8979], [30.2312, -8.8979]]}}, {"type": "Feature", "properties": {"order": 5, "discharge": 121.09}, "geometry": {"type": "LineString", "coordinates": [[38.6396, -8.9104], [38.6437, -8.9063], [38.6729, -8.9063], [38.6771, -8.9021], [38.6771, -8.8979], [38.6812, -8.8938], [38.6854, -8.8979], [38.6979, -8.8979], [38.7021, -8.8938], [38.7062, -8.8938], [38.7104, -8.8896], [38.7187, -8.8896], [38.7229, -8.8854], [38.7146, -8.8771], [38.7146, -8.8729], [38.7229, -8.8646], [38.7271, -8.8646], [38.7312, -8.8604], [38.7312, -8.8563], [38.7271, -8.8521], [38.7271, -8.8479], [38.7229, -8.8438], [38.7229, -8.8313]]}}, {"type": "Feature", "properties": {"order": 5, "discharge": 114.53}, "geometry": {"type": "LineString", "coordinates": [[35.9896, -8.9146], [35.9896, -8.9104], [35.9937, -8.9063], [35.9937, -8.8938], [35.9979, -8.8896], [36.0021, -8.8896], [36.0062, -8.8854]]}}, {"type": "Feature", "properties": {"order": 5, "discharge": 84.28}, "geometry": {"type": "LineString", "coordinates": [[29.5729, -8.8979], [29.5646, -8.9063], [29.5604, -8.9063], [29.5479, -8.9188]]}}, {"type": "Feature", "properties": {"order": 5, "discharge": 119.91}, "geometry": {"type": "LineString", "coordinates": [[38.6187, -8.9146], [38.6229, -8.9188], [38.6271, -8.9146], [38.6354, -8.9146], [38.6396, -8.9104]]}}, {"type": "Feature", "properties": {"order": 5, "discharge": 95.55}, "geometry": {"type": "LineString", "coordinates": [[29.4937, -8.9313], [29.4896, -8.9313]]}}, {"type": "Feature", "properties": {"order": 5, "discharge": 95.04}, "geometry": {"type": "LineString", "coordinates": [[29.5479, -8.9188], [29.5437, -8.9188], [29.5396, -8.9229], [29.5312, -8.9229], [29.5271, -8.9271], [29.5104, -8.9271], [29.5062, -8.9313], [29.4937, -8.9313]]}}, {"type": "Feature", "properties": {"order": 5, "discharge": 77.93}, "geometry": {"type": "LineString", "coordinates": [[30.2562, -8.9313], [30.2521, -8.9271], [30.2562, -8.9229], [30.2604, -8.9229], [30.2646, -8.9271], [30.2771, -8.9146], [30.2771, -8.9104], [30.2729, -8.9063]]}}, {"type": "Feature", "properties": {"order": 6, "discharge": 246.9}, "geometry": {"type": "LineString", "coordinates": [[37.3187, -8.9313], [37.3187, -8.9188], [37.3104, -8.9104], [37.3104, -8.9063], [37.3146, -8.9021], [37.3146, -8.8979], [37.3104, -8.8938], [37.3062, -8.8938], [37.2896, -8.8771]]}}, {"type": "Feature", "properties": {"order": 5, "discharge": 95.86}, "geometry": {"type": "LineString", "coordinates": [[29.4896, -8.9313], [29.4771, -8.9313], [29.4729, -8.9354]]}}, {"type": "Feature", "properties": {"order": 5, "discharge": 33.22}, "geometry": {"type": "LineString", "coordinates": [[36.8729, -8.9354], [36.8729, -8.9271], [36.8687, -8.9229], [36.8687, -8.9104], [36.8646, -8.9063], [36.8604, -8.9063], [36.8562, -8.9021], [36.8479, -8.9021], [36.8437, -8.8979]]}}, {"type": "Feature", "properties": {"order": 5, "discharge": 82.39}, "geometry": {"type": "LineString", "coordinates": [[35.9312, -8.9396], [35.9312, -8.9354], [35.9354, -8.9313], [35.9354, -8.9271], [35.9396, -8.9229], [35.9396, -8.9188], [35.9437, -8.9146], [35.9437, -8.9063], [35.9479, -8.9021], [35.9479, -8.8938], [35.9562, -8.8854], [35.9562, -8.8813]]}}, {"type": "Feature", "properties": {"order": 5, "discharge": 119.01}, "geometry": {"type": "LineString", "coordinates": [[38.5729, -8.9396], [38.5771, -8.9354], [38.5812, -8.9396]]}}, {"type": "Feature", "properties": {"order": 5, "discharge": 119.55}, "geometry": {"type": "LineString", "coordinates": [[38.5812, -8.9396], [38.6104, -8.9104], [38.6146, -8.9104], [38.6187, -8.9146]]}}, {"type": "Feature", "properties": {"order": 5, "discharge": 29.29}, "geometry": {"type": "LineString", "coordinates": [[39.4937, -8.9313], [39.4979, -8.9354], [39.4979, -8.9438]]}}, {"type": "Feature", "properties": {"order": 5, "discharge": 96.06}, "geometry": {"type": "LineString", "coordinates": [[29.4729, -8.9354], [29.4604, -8.9354], [29.4562, -8.9396], [29.4521, -8.9396], [29.4479, -8.9438], [29.4396, -8.9438], [29.4354, -8.9479]]}}, {"type": "Feature", "properties": {"order": 5, "discharge": 77.49}, "geometry": {"type": "LineString", "coordinates": [[30.2854, -8.9563], [30.2854, -8.9521], [30.2812, -8.9479], [30.2729, -8.9479], [30.2562, -8.9313]]}}, {"type": "Feature", "properties": {"order": 6, "discharge": 242.81}, "geometry": {"type": "LineString", "coordinates": [[37.3104, -8.9563], [37.3104, -8.9521], [37.3062, -8.9479], [37.3187, -8.9354], [37.3187, -8.9313]]}}, {"type": "Feature", "properties": {"order": 6, "discharge": 242.07}, "geometry": {"type": "LineString", "coordinates": [[37.3146, -8.9604], [37.3104, -8.9563]]}}, {"type": "Feature", "properties": {"order": 5, "discharge": 80.09}, "geometry": {"type": "LineString", "coordinates": [[37.3271, -8.9604], [37.3146, -8.9604]]}}, {"type": "Feature", "properties": {"order": 5, "discharge": 116.8}, "geometry": {"type": "LineString", "coordinates": [[38.5479, -8.9646], [38.5521, -8.9604], [38.5562, -8.9604], [38.5687, -8.9479], [38.5687, -8.9438], [38.5729, -8.9396]]}}, {"type": "Feature", "properties": {"order": 5, "discharge": 81.59}, "geometry": {"type": "LineString", "coordinates": [[35.9104, -8.9688], [35.9271, -8.9521], [35.9271, -8.9479], [35.9312, -8.9438], [35.9312, -8.9396]]}}, {"type": "Feature", "properties": {"order": 5, "discharge": 116.48}, "geometry": {"type": "LineString", "coordinates": [[38.5271, -8.9813], [38.5354, -8.9729], [38.5396, -8.9729], [38.5479, -8.9646]]}}, {"type": "Feature", "properties": {"order": 5, "discharge": 161.97}, "geometry": {"type": "LineString", "coordinates": [[37.2979, -8.9896], [37.3021, -8.9854], [37.3021, -8.9813], [37.3104, -8.9729], [37.3104, -8.9646], [37.3146, -8.9604]]}}, {"type": "Feature", "properties": {"order": 5, "discharge": 79.86}, "geometry": {"type": "LineString", "coordinates": [[37.3521, -8.9896], [37.3521, -8.9854], [37.3437, -8.9771], [37.3396, -8.9771], [37.3354, -8.9729], [37.3354, -8.9688], [37.3271, -8.9604]]}}, {"type": "Feature", "properties": {"order": 5, "discharge": 108.45}, "geometry": {"type": "LineString", "coordinates": [[38.4979, -8.9854], [38.5062, -8.9938], [38.5187, -8.9813], [38.5271, -8.9813]]}}, {"type": "Feature", "properties": {"order": 5, "discharge": 77.09}, "geometry": {"type": "LineString", "coordinates": [[30.2687, -8.9979], [30.2771, -8.9896], [30.2812, -8.9896], [30.2896, -8.9813], [30.2687, -8.9604], [30.2729, -8.9563], [30.2771, -8.9563], [30.2812, -8.9604], [30.2854, -8.9563]]}}, {"type": "Feature", "properties": {"order": 5, "discharge": 106.04}, "geometry": {"type": "LineString", "coordinates": [[38.4104, -8.9979], [38.4146, -8.9938], [38.4271, -8.9938], [38.4312, -8.9979], [38.4354, -8.9938]]}}, {"type": "Feature", "properties": {"order": 5, "discharge": 106.25}, "geometry": {"type": "LineString", "coordinates": [[38.4354, -8.9938], [38.4562, -8.9938], [38.4604, -8.9979]]}}, {"type": "Feature", "properties": {"order": 5, "discharge": 76.44}, "geometry": {"type": "LineString", "coordinates": [[30.2937, -9.0021], [30.2896, -8.9979], [30.2854, -9.0021], [30.2729, -9.0021], [30.2687, -8.9979]]}}, {"type": "Feature", "properties": {"order": 5, "discharge": 105.81}, "geometry": {"type": "LineString", "coordinates": [[38.3979, -9.0021], [38.4021, -8.9979], [38.4104, -8.9979]]}}, {"type": "Feature", "properties": {"order": 5, "discharge": 79.24}, "geometry": {"type": "LineString", "coordinates": [[37.3521, -9.0063], [37.3562, -9.0021], [37.3562, -8.9979], [37.3521, -8.9938], [37.3521, -8.9896]]}}, {"type": "Feature", "properties": {"order": 5, "discharge": 107.25}, "geometry": {"type": "LineString", "coordinates": [[38.4604, -8.9979], [38.4646, -9.0021], [38.4687, -9.0021], [38.4729, -9.0063]]}}, {"type": "Feature", "properties": {"order": 5, "discharge": 108.09}, "geometry": {"type": "LineString", "coordinates": [[38.4729, -9.0063], [38.4854, -8.9938], [38.4896, -8.9938], [38.4979, -8.9854]]}}, {"type": "Feature", "properties": {"order": 5, "discharge": 75.46}, "geometry": {"type": "LineString", "coordinates": [[30.2979, -9.0188], [30.3021, -9.0146], [30.2937, -9.0063], [30.2937, -9.0021]]}}, {"type": "Feature", "properties": {"order": 5, "discharge": 104.77}, "geometry": {"type": "LineString", "coordinates": [[38.3604, -9.0146], [38.3646, -9.0104], [38.3729, -9.0188], [38.3771, -9.0188]]}}, {"type": "Feature", "properties": {"order": 5, "discharge": 105.23}, "geometry": {"type": "LineString", "coordinates": [[38.3771, -9.0188], [38.3854, -9.0188], [38.3896, -9.0146], [38.3896, -9.0104], [38.3937, -9.0063], [38.3979, -9.0063], [38.3979, -9.0021]]}}, {"type": "Feature", "properties": {"order": 5, "discharge": 161.07}, "geometry": {"type": "LineString", "coordinates": [[37.2812, -9.0313], [37.2896, -9.0313], [37.2937, -9.0271], [37.2979, -9.0271], [37.3021, -9.0229], [37.3021, -9.0188], [37.2937, -9.0104], [37.2896, -9.0104], [37.2854, -9.0063], [37.2854, -9.0021], [37.2896, -8.9979], [37.2937, -8.9979], [37.2979, -8.9938], [37.2979, -8.9896]]}}, {"type": "Feature", "properties": {"order": 5, "discharge": 70.69}, "geometry": {"type": "LineString", "coordinates": [[30.3229, -9.0354], [30.3146, -9.0271], [30.3021, -9.0271], [30.2979, -9.0229], [30.2979, -9.0188]]}}, {"type": "Feature", "properties": {"order": 5, "discharge": 104.54}, "geometry": {"type": "LineString", "coordinates": [[38.3312, -9.0396], [38.3396, -9.0396], [38.3521, -9.0271], [38.3521, -9.0229], [38.3604, -9.0146]]}}, {"type": "Feature", "properties": {"order": 5, "discharge": 78.72}, "geometry": {"type": "LineString", "coordinates": [[37.3521, -9.0438], [37.3521, -9.0396], [37.3354, -9.0229], [37.3354, -9.0188], [37.3396, -9.0146], [37.3437, -9.0146], [37.3521, -9.0063]]}}, {"type": "Feature", "properties": {"order": 5, "discharge": 78.33}, "geometry": {"type": "LineString", "coordinates": [[37.3479, -9.0479], [37.3521, -9.0438]]}}, {"type": "Feature", "properties": {"order": 5, "discharge": 103.34}, "geometry": {"type": "LineString", "coordinates": [[38.3021, -9.0521], [38.3062, -9.0521], [38.3104, -9.0479], [38.3146, -9.0479], [38.3229, -9.0396], [38.3312, -9.0396]]}}, {"type": "Feature", "properties": {"order": 5, "discharge": 99.48}, "geometry": {"type": "LineString", "coordinates": [[38.2812, -9.0646], [38.2854, -9.0646], [38.2937, -9.0563], [38.2979, -9.0563], [38.3021, -9.0521]]}}, {"type": "Feature", "properties": {"order": 5, "discharge": 68.19}, "geometry": {"type": "LineString", "coordinates": [[30.3271, -9.0688], [30.3229, -9.0646], [30.3229, -9.0604], [30.3187, -9.0563], [30.3271, -9.0479], [30.3271, -9.0438], [30.3229, -9.0396], [30.3229, -9.0354]]}}, {"type": "Feature", "properties": {"order": 5, "discharge": 67.77}, "geometry": {"type": "LineString", "coordinates": [[30.3312, -9.0771], [30.3312, -9.0729], [30.3271, -9.0688]]}}, {"type": "Feature", "properties": {"order": 5, "discharge": 114.17}, "geometry": {"type": "LineString", "coordinates": [[35.9979, -9.0771], [35.9979, -9.0688], [35.9854, -9.0563], [35.9854, -9.0479], [35.9896, -9.0438], [35.9896, -9.0188], [35.9854, -9.0146], [35.9854, -9.0063], [35.9729, -8.9938], [35.9771, -8.9896], [35.9771, -8.9646], [35.9812, -8.9604], [35.9812, -8.9521], [35.9771, -8.9479], [35.9771, -8.9396], [35.9729, -8.9354], [35.9729, -8.9313], [35.9771, -8.9271], [35.9729, -8.9229], [35.9771, -8.9188], [35.9812, -8.9188], [35.9854, -8.9146], [35.9896, -8.9146]]}}, {"type": "Feature", "properties": {"order": 5, "discharge": 96.49}, "geometry": {"type": "LineString", "coordinates": [[29.4354, -8.9479], [29.4354, -8.9521], [29.4396, -8.9563], [29.4396, -8.9646], [29.4437, -8.9688], [29.4437, -8.9771], [29.4396, -8.9813], [29.4396, -8.9979], [29.4229, -9.0146], [29.4187, -9.0146], [29.4104, -9.0229], [29.4104, -9.0271], [29.4062, -9.0313], [29.4062, -9.0354], [29.4021, -9.0396], [29.3979, -9.0396], [29.3854, -9.0521], [29.3812, -9.0521], [29.3729, -9.0604], [29.3687, -9.0604], [29.3646, -9.0646], [29.3604, -9.0646], [29.3479, -9.0771], [29.3437, -9.0771], [29.3396, -9.0813], [29.3354, -9.0813]]}}, {"type": "Feature", "properties": {"order": 5, "discharge": 96.62}, "geometry": {"type": "LineString", "coordinates": [[29.3354, -9.0813], [29.3312, -9.0854]]}}, {"type": "Feature", "properties": {"order": 5, "discharge": 99.16}, "geometry": {"type": "LineString", "coordinates": [[38.2521, -9.0854], [38.2646, -9.0729], [38.2687, -9.0729], [38.2729, -9.0688], [38.2771, -9.0688], [38.2812, -9.0646]]}}, {"type": "Feature", "properties": {"order": 5, "discharge": 96.87}, "geometry": {"type": "LineString", "coordinates": [[29.3312, -9.0854], [29.3271, -9.0854], [29.3229, -9.0896], [29.3187, -9.0896]]}}, {"type": "Feature", "properties": {"order": 5, "discharge": 78.19}, "geometry": {"type": "LineString", "coordinates": [[37.3396, -9.0896], [37.3354, -9.0854], [37.3354, -9.0771], [37.3396, -9.0729], [37.3396, -9.0688], [37.3312, -9.0604], [37.3312, -9.0521], [37.3354, -9.0479], [37.3396, -9.0479], [37.3437, -9.0521], [37.3479, -9.0479]]}}, {"type": "Feature", "properties": {"order": 5, "discharge": 67.55}, "geometry": {"type": "LineString", "coordinates": [[30.3437, -9.1021], [30.3354, -9.0938], [30.3354, -9.0896], [30.3312, -9.0854], [30.3312, -9.0771]]}}, {"type": "Feature", "properties": {"order": 5, "discharge": 77.86}, "geometry": {"type": "LineString", "coordinates": [[37.3604, -9.1021], [37.3521, -9.1021], [37.3396, -9.0896]]}}, {"type": "Feature", "properties": {"order": 5, "discharge": 156.13}, "geometry": {"type": "LineString", "coordinates": [[37.2854, -9.1063], [37.3062, -9.0854], [37.3062, -9.0688], [37.2979, -9.0604], [37.2854, -9.0604], [37.2771, -9.0521], [37.2771, -9.0354], [37.2812, -9.0313]]}}, {"type": "Feature", "properties": {"order": 5, "discharge": 48.47}, "geometry": {"type": "LineString", "coordinates": [[30.7437, -9.1146], [30.7271, -9.1146]]}}, {"type": "Feature", "properties": {"order": 5, "discharge": 155.28}, "geometry": {"type": "LineString", "coordinates": [[37.2646, -9.1104], [37.2687, -9.1146], [37.2771, -9.1146], [37.2854, -9.1063]]}}, {"type": "Feature", "properties": {"order": 5, "discharge": 89.2}, "geometry": {"type": "LineString", "coordinates": [[38.2229, -9.1146], [38.2312, -9.1063], [38.2312, -9.0979], [38.2354, -9.0938], [38.2396, -9.0938], [38.2437, -9.0896], [38.2479, -9.0896], [38.2521, -9.0854]]}}, {"type": "Feature", "properties": {"order": 5, "discharge": 48.03}, "geometry": {"type": "LineString", "coordinates": [[30.7604, -9.1188], [30.7562, -9.1188], [30.7521, -9.1146], [30.7437, -9.1146]]}}, {"type": "Feature", "properties": {"order": 5, "discharge": 112.16}, "geometry": {"type": "LineString", "coordinates": [[35.9854, -9.1188], [35.9854, -9.1104], [35.9896, -9.1063], [35.9896, -9.0979], [35.9937, -9.0938], [35.9937, -9.0813], [35.9979, -9.0771]]}}, {"type": "Feature", "properties": {"order": 5, "discharge": 50.7}, "geometry": {"type": "LineString", "coordinates": [[30.7271, -9.1146], [30.7187, -9.1229]]}}, {"type": "Feature", "properties": {"order": 5, "discharge": 50.97}, "geometry": {"type": "LineString", "coordinates": [[30.7187, -9.1229], [30.7062, -9.1229], [30.7021, -9.1271]]}}, {"type": "Feature", "properties": {"order": 5, "discharge": 47.76}, "geometry": {"type": "LineString", "coordinates": [[30.7729, -9.1271], [30.7687, -9.1229], [30.7646, -9.1229], [30.7604, -9.1188]]}}, {"type": "Feature", "properties": {"order": 5, "discharge": 77.58}, "geometry": {"type": "LineString", "coordinates": [[37.3812, -9.1271], [37.3771, -9.1229], [37.3771, -9.1146], [37.3729, -9.1104], [37.3687, -9.1104], [37.3604, -9.1021]]}}, {"type": "Feature", "properties": {"order": 5, "discharge": 51.5}, "geometry": {"type": "LineString", "coordinates": [[30.6937, -9.1313], [30.6854, -9.1313]]}}, {"type": "Feature", "properties": {"order": 5, "discharge": 51.29}, "geometry": {"type": "LineString", "coordinates": [[30.7021, -9.1271], [30.6979, -9.1271], [30.6937, -9.1313]]}}, {"type": "Feature", "properties": {"order": 5, "discharge": 51.71}, "geometry": {"type": "LineString", "coordinates": [[30.6854, -9.1313], [30.6771, -9.1313], [30.6729, -9.1354]]}}, {"type": "Feature", "properties": {"order": 5, "discharge": 154.91}, "geometry": {"type": "LineString", "coordinates": [[37.2354, -9.1354], [37.2354, -9.1313], [37.2396, -9.1271], [37.2521, -9.1271], [37.2604, -9.1188], [37.2604, -9.1146], [37.2646, -9.1104]]}}, {"type": "Feature", "properties": {"order": 5, "discharge": 64.96}, "geometry": {"type": "LineString", "coordinates": [[30.4146, -9.1396], [30.4062, -9.1396]]}}, {"type": "Feature", "properties": {"order": 5, "discharge": 111.19}, "geometry": {"type": "LineString", "coordinates": [[35.9896, -9.1396], [35.9896, -9.1354], [35.9854, -9.1313], [35.9854, -9.1188]]}}, {"type": "Feature", "properties": {"order": 5, "discharge": 55.72}, "geometry": {"type": "LineString", "coordinates": [[38.1229, -9.1396], [38.1437, -9.1396]]}}, {"type": "Feature", "properties": {"order": 5, "discharge": 79.61}, "geometry": {"type": "LineString", "coordinates": [[38.1812, -9.1396], [38.1896, -9.1313], [38.1979, -9.1313], [38.2104, -9.1188], [38.2146, -9.1188], [38.2187, -9.1146], [38.2229, -9.1146]]}}, {"type": "Feature", "properties": {"order": 5, "discharge": 66.79}, "geometry": {"type": "LineString", "coordinates": [[30.3729, -9.1438], [30.3729, -9.1354], [30.3771, -9.1313], [30.3687, -9.1229], [30.3687, -9.1104], [30.3646, -9.1063], [30.3604, -9.1063], [30.3562, -9.1021], [30.3437, -9.1021]]}}, {"type": "Feature", "properties": {"order": 5, "discharge": 55.51}, "geometry": {"type": "LineString", "coordinates": [[38.0937, -9.1438], [38.1021, -9.1438], [38.1062, -9.1396], [38.1104, -9.1438], [38.1146, -9.1438], [38.1187, -9.1396], [38.1229, -9.1396]]}}, {"type": "Feature", "properties": {"order": 5, "discharge": 78.81}, "geometry": {"type": "LineString", "coordinates": [[38.1437, -9.1396], [38.1479, -9.1438], [38.1604, -9.1438], [38.1646, -9.1396], [38.1687, -9.1396], [38.1729, -9.1354], [38.1771, -9.1354], [38.1812, -9.1396]]}}, {"type": "Feature", "properties": {"order": 5, "discharge": 65.92}, "geometry": {"type": "LineString", "coordinates": [[30.4062, -9.1396], [30.4021, -9.1396], [30.3937, -9.1479], [30.3771, -9.1479], [30.3729, -9.1438]]}}, {"type": "Feature", "properties": {"order": 5, "discharge": 52.15}, "geometry": {"type": "LineString", "coordinates": [[30.6729, -9.1354], [30.6646, -9.1438], [30.6604, -9.1438], [30.6562, -9.1479]]}}, {"type": "Feature", "properties": {"order": 5, "discharge": 52.53}, "geometry": {"type": "LineString", "coordinates": [[30.6562, -9.1479], [30.6479, -9.1479], [30.6437, -9.1521], [30.6396, -9.1521]]}}, {"type": "Feature", "properties": {"order": 5, "discharge": 97.37}, "geometry": {"type": "LineString", "coordinates": [[35.9854, -9.1521], [35.9896, -9.1479], [35.9896, -9.1396]]}}, {"type": "Feature", "properties": {"order": 5, "discharge": 55.33}, "geometry": {"type": "LineString", "coordinates": [[38.0854, -9.1521], [38.0937, -9.1438]]}}, {"type": "Feature", "properties": {"order": 5, "discharge": 64.78}, "geometry": {"type": "LineString", "coordinates": [[30.4187, -9.1563], [30.4146, -9.1521], [30.4146, -9.1479], [30.4187, -9.1438], [30.4146, -9.1396]]}}, {"type": "Feature", "properties": {"order": 5, "discharge": 52.69}, "geometry": {"type": "LineString", "coordinates": [[30.6396, -9.1521], [30.6354, -9.1563]]}}, {"type": "Feature", "properties": {"order": 5, "discharge": 154.47}, "geometry": {"type": "LineString", "coordinates": [[37.2437, -9.1563], [37.2479, -9.1521], [37.2437, -9.1479], [37.2437, -9.1438], [37.2354, -9.1354]]}}, {"type": "Feature", "properties": {"order": 5, "discharge": 64.51}, "geometry": {"type": "LineString", "coordinates": [[30.4312, -9.1604], [30.4229, -9.1604], [30.4187, -9.1563]]}}, {"type": "Feature", "properties": {"order": 5, "discharge": 60.09}, "geometry": {"type": "LineString", "coordinates": [[30.5146, -9.1646], [30.5062, -9.1646]]}}, {"type": "Feature", "properties": {"order": 5, "discharge": 58.41}, "geometry": {"type": "LineString", "coordinates": [[30.5312, -9.1646], [30.5271, -9.1604], [30.5229, -9.1646], [30.5146, -9.1646]]}}, {"type": "Feature", "properties": {"order": 5, "discharge": 52.91}, "geometry": {"type": "LineString", "coordinates": [[30.6354, -9.1563], [30.6312, -9.1563], [30.6271, -9.1604], [30.6229, -9.1604], [30.6187, -9.1646]]}}, {"type": "Feature", "properties": {"order": 5, "discharge": 54.8}, "geometry": {"type": "LineString", "coordinates": [[38.0562, -9.1646], [38.0646, -9.1646], [38.0771, -9.1521], [38.0854, -9.1521]]}}, {"type": "Feature", "properties": {"order": 5, "discharge": 61.4}, "geometry": {"type": "LineString", "coordinates": [[30.4812, -9.1688], [30.4771, -9.1646], [30.4729, -9.1646], [30.4687, -9.1604], [30.4562, -9.1604], [30.4521, -9.1563], [30.4396, -9.1563], [30.4354, -9.1604], [30.4312, -9.1604]]}}, {"type": "Feature", "properties": {"order": 5, "discharge": 60.65}, "geometry": {"type": "LineString", "coordinates": [[30.5062, -9.1646], [30.5021, -9.1646], [30.4979, -9.1688], [30.4812, -9.1688]]}}, {"type": "Feature", "properties": {"order": 5, "discharge": 154.2}, "geometry": {"type": "LineString", "coordinates": [[37.2104, -9.1646], [37.2229, -9.1646], [37.2271, -9.1688], [37.2354, -9.1688], [37.2396, -9.1646], [37.2396, -9.1604], [37.2437, -9.1563]]}}, {"type": "Feature", "properties": {"order": 5, "discharge": 58.11}, "geometry": {"type": "LineString", "coordinates": [[30.5437, -9.1729], [30.5396, -9.1729], [30.5312, -9.1646]]}}, {"type": "Feature", "properties": {"order": 5, "discharge": 57.81}, "geometry": {"type": "LineString", "coordinates": [[30.5562, -9.1729], [30.5437, -9.1729]]}}, {"type": "Feature", "properties": {"order": 5, "discharge": 53.19}, "geometry": {"type": "LineString", "coordinates": [[30.6187, -9.1646], [30.6146, -9.1688], [30.6104, -9.1688], [30.6062, -9.1729]]}}, {"type": "Feature", "properties": {"order": 5, "discharge": 89.28}, "geometry": {"type": "LineString", "coordinates": [[35.9437, -9.1729], [35.9479, -9.1729]]}}, {"type": "Feature", "properties": {"order": 5, "discharge": 90.12}, "geometry": {"type": "LineString", "coordinates": [[35.9479, -9.1729], [35.9521, -9.1729], [35.9521, -9.1688], [35.9687, -9.1521], [35.9729, -9.1521], [35.9771, -9.1479], [35.9812, -9.1521], [35.9854, -9.1521]]}}, {"type": "Feature", "properties": {"order": 5, "discharge": 54.53}, "geometry": {"type": "LineString", "coordinates": [[38.0396, -9.1729], [38.0437, -9.1729], [38.0479, -9.1688], [38.0521, -9.1688], [38.0562, -9.1646]]}}, {"type": "Feature", "properties": {"order": 5, "discharge": 57.39}, "geometry": {"type": "LineString", "coordinates": [[30.5604, -9.1771], [30.5562, -9.1729]]}}, {"type": "Feature", "properties": {"order": 5, "discharge": 57.26}, "geometry": {"type": "LineString", "coordinates": [[30.5729, -9.1771], [30.5604, -9.1771]]}}, {"type": "Feature", "properties": {"order": 5, "discharge": 56.98}, "geometry": {"type": "LineString", "coordinates": [[30.5937, -9.1771], [30.5729, -9.1771]]}}, {"type": "Feature", "properties": {"order": 5, "discharge": 55.69}, "geometry": {"type": "LineString", "coordinates": [[30.6062, -9.1729], [30.5979, -9.1729], [30.5937, -9.1771]]}}, {"type": "Feature", "properties": {"order": 5, "discharge": 87.83}, "geometry": {"type": "LineString", "coordinates": [[35.9354, -9.1771], [35.9396, -9.1729], [35.9437, -9.1729]]}}, {"type": "Feature", "properties": {"order": 5, "discharge": 153.79}, "geometry": {"type": "LineString", "coordinates": [[37.1604, -9.1854], [37.1646, -9.1813], [37.1729, -9.1813], [37.1771, -9.1771], [37.1812, -9.1813], [37.1979, -9.1813], [37.2062, -9.1729], [37.2062, -9.1688], [37.2104, -9.1646]]}}, {"type": "Feature", "properties": {"order": 5, "discharge": 152.46}, "geometry": {"type": "LineString", "coordinates": [[37.1187, -9.1938], [37.1229, -9.1896], [37.1312, -9.1896]]}}, {"type": "Feature", "properties": {"order": 5, "discharge": 153.0}, "geometry": {"type": "LineString", "coordinates": [[37.1312, -9.1896], [37.1354, -9.1938], [37.1479, -9.1938], [37.1562, -9.1854], [37.1604, -9.1854]]}}, {"type": "Feature", "properties": {"order": 5, "discharge": 54.36}, "geometry": {"type": "LineString", "coordinates": [[37.9979, -9.1979], [38.0021, -9.1979], [38.0146, -9.1854], [38.0187, -9.1854], [38.0229, -9.1813], [38.0271, -9.1813], [38.0312, -9.1771], [38.0354, -9.1771], [38.0396, -9.1729]]}}, {"type": "Feature", "properties": {"order": 5, "discharge": 152.12}, "geometry": {"type": "LineString", "coordinates": [[37.1062, -9.2063], [37.1104, -9.2063], [37.1146, -9.2021], [37.1146, -9.1979], [37.1187, -9.1938]]}}, {"type": "Feature", "properties": {"order": 5, "discharge": 53.71}, "geometry": {"type": "LineString", "coordinates": [[37.9854, -9.2063], [37.9937, -9.1979], [37.9979, -9.1979]]}}, {"type": "Feature", "properties": {"order": 5, "discharge": 151.89}, "geometry": {"type": "LineString", "coordinates": [[37.0979, -9.2104], [37.1021, -9.2063], [37.1062, -9.2063]]}}, {"type": "Feature", "properties": {"order": 5, "discharge": 88.51}, "geometry": {"type": "LineString", "coordinates": [[29.3354, -9.2104], [29.3271, -9.2021], [29.3104, -9.2188], [29.3062, -9.2188], [29.3062, -9.2146], [29.3021, -9.2104], [29.3021, -9.2021], [29.2937, -9.1938], [29.2812, -9.1938], [29.2812, -9.1896], [29.2771, -9.1854], [29.2729, -9.1854], [29.2729, -9.1771], [29.2646, -9.1688], [29.2646, -9.1646], [29.2562, -9.1563], [29.2562, -9.1521], [29.2521, -9.1479], [29.2479, -9.1479], [29.2437, -9.1438], [29.2354, -9.1438], [29.2312, -9.1396]]}}, {"type": "Feature", "properties": {"order": 5, "discharge": 52.9}, "geometry": {"type": "LineString", "coordinates": [[37.9646, -9.2188], [37.9771, -9.2188]]}}, {"type": "Feature", "properties": {"order": 5, "discharge": 53.24}, "geometry": {"type": "LineString", "coordinates": [[37.9771, -9.2188], [37.9812, -9.2146], [37.9812, -9.2104], [37.9854, -9.2063]]}}, {"type": "Feature", "properties": {"order": 5, "discharge": 52.04}, "geometry": {"type": "LineString", "coordinates": [[37.9437, -9.2229], [37.9479, -9.2188], [37.9521, -9.2229], [37.9604, -9.2229], [37.9646, -9.2188]]}}, {"type": "Feature", "properties": {"order": 5, "discharge": 41.93}, "geometry": {"type": "LineString", "coordinates": [[37.7687, -9.2063], [37.7729, -9.2063], [37.7812, -9.2146], [37.7812, -9.2188], [37.7937, -9.2313]]}}, {"type": "Feature", "properties": {"order": 5, "discharge": 51.45}, "geometry": {"type": "LineString", "coordinates": [[37.9271, -9.2313], [37.9354, -9.2229], [37.9437, -9.2229]]}}, {"type": "Feature", "properties": {"order": 5, "discharge": 42.47}, "geometry": {"type": "LineString", "coordinates": [[37.7937, -9.2313], [37.8104, -9.2313], [37.8146, -9.2354]]}}, {"type": "Feature", "properties": {"order": 5, "discharge": 149.31}, "geometry": {"type": "LineString", "coordinates": [[37.0312, -9.2438], [37.0437, -9.2438], [37.0479, -9.2396], [37.0479, -9.2354], [37.0562, -9.2271], [37.0604, -9.2271], [37.0646, -9.2229], [37.0771, -9.2229], [37.0812, -9.2188], [37.0854, -9.2188], [37.0937, -9.2104], [37.0979, -9.2104]]}}, {"type": "Feature", "properties": {"order": 5, "discharge": 43.6}, "geometry": {"type": "LineString", "coordinates": [[37.8146, -9.2354], [37.8312, -9.2354], [37.8396, -9.2438], [37.8437, -9.2396], [37.8521, -9.2396], [37.8562, -9.2354], [37.8604, -9.2354], [37.8687, -9.2438], [37.8771, -9.2438]]}}, {"type": "Feature", "properties": {"order": 5, "discharge": 88.11}, "geometry": {"type": "LineString", "coordinates": [[29.3437, -9.2479], [29.3437, -9.2396], [29.3354, -9.2313], [29.3354, -9.2104]]}}, {"type": "Feature", "properties": {"order": 5, "discharge": 148.04}, "geometry": {"type": "LineString", "coordinates": [[37.0229, -9.2479], [37.0271, -9.2479], [37.0312, -9.2438]]}}, {"type": "Feature", "properties": {"order": 5, "discharge": 147.74}, "geometry": {"type": "LineString", "coordinates": [[37.0187, -9.2521], [37.0229, -9.2479]]}}, {"type": "Feature", "properties": {"order": 5, "discharge": 44.16}, "geometry": {"type": "LineString", "coordinates": [[37.8771, -9.2438], [37.8854, -9.2521], [37.8896, -9.2521], [37.8937, -9.2563]]}}, {"type": "Feature", "properties": {"order": 5, "discharge": 48.93}, "geometry": {"type": "LineString", "coordinates": [[37.8937, -9.2563], [37.9104, -9.2563]]}}, {"type": "Feature", "properties": {"order": 5, "discharge": 50.95}, "geometry": {"type": "LineString", "coordinates": [[37.9104, -9.2563], [37.9187, -9.2479], [37.9187, -9.2438], [37.9229, -9.2396], [37.9229, -9.2354], [37.9271, -9.2313]]}}, {"type": "Feature", "properties": {"order": 5, "discharge": 146.71}, "geometry": {"type": "LineString", "coordinates": [[37.0354, -9.2813], [37.0354, -9.2771], [37.0312, -9.2729], [37.0229, -9.2729], [37.0187, -9.2688], [37.0187, -9.2521]]}}, {"type": "Feature", "properties": {"order": 5, "discharge": 141.14}, "geometry": {"type": "LineString", "coordinates": [[37.0062, -9.2854], [37.0312, -9.2854]]}}, {"type": "Feature", "properties": {"order": 5, "discharge": 146.34}, "geometry": {"type": "LineString", "coordinates": [[37.0312, -9.2854], [37.0354, -9.2813]]}}, {"type": "Feature", "properties": {"order": 5, "discharge": 87.58}, "geometry": {"type": "LineString", "coordinates": [[29.3437, -9.3021], [29.3396, -9.3021], [29.3354, -9.2979], [29.3354, -9.2771], [29.3396, -9.2729], [29.3396, -9.2688], [29.3437, -9.2646], [29.3437, -9.2479]]}}, {"type": "Feature", "properties": {"order": 5, "discharge": 126.5}, "geometry": {"type": "LineString", "coordinates": [[36.9729, -9.3354], [36.9729, -9.3313], [36.9812, -9.3229], [36.9812, -9.3104], [36.9854, -9.3063], [36.9937, -9.3063], [37.0021, -9.2979], [37.0021, -9.2896], [37.0062, -9.2854]]}}, {"type": "Feature", "properties": {"order": 5, "discharge": 123.23}, "geometry": {"type": "LineString", "coordinates": [[36.9562, -9.3604], [36.9562, -9.3521], [36.9729, -9.3354]]}}, {"type": "Feature", "properties": {"order": 5, "discharge": 84.68}, "geometry": {"type": "LineString", "coordinates": [[29.3562, -9.3729], [29.3562, -9.3604], [29.3604, -9.3563], [29.3604, -9.3479], [29.3479, -9.3354], [29.3479, -9.3271], [29.3521, -9.3229], [29.3521, -9.3188], [29.3479, -9.3146], [29.3479, -9.3063], [29.3437, -9.3021]]}}, {"type": "Feature", "properties": {"order": 5, "discharge": 122.95}, "geometry": {"type": "LineString", "coordinates": [[36.9229, -9.3938], [36.9437, -9.3729], [36.9479, -9.3729], [36.9521, -9.3688], [36.9521, -9.3646], [36.9562, -9.3604]]}}, {"type": "Feature", "properties": {"order": 5, "discharge": 121.84}, "geometry": {"type": "LineString", "coordinates": [[36.8896, -9.4063], [36.8937, -9.4021], [36.9021, -9.4021], [36.9062, -9.3979], [36.9146, -9.3979], [36.9187, -9.3938], [36.9229, -9.3938]]}}, {"type": "Feature", "properties": {"order": 5, "discharge": 120.28}, "geometry": {"type": "LineString", "coordinates": [[36.8021, -9.4313], [36.8062, -9.4271], [36.8271, -9.4271], [36.8312, -9.4313], [36.8437, -9.4313]]}}, {"type": "Feature", "properties": {"order": 5, "discharge": 120.54}, "geometry": {"type": "LineString", "coordinates": [[36.8437, -9.4313], [36.8479, -9.4313]]}}, {"type": "Feature", "properties": {"order": 5, "discharge": 121.53}, "geometry": {"type": "LineString", "coordinates": [[36.8479, -9.4313], [36.8562, -9.4313], [36.8687, -9.4188], [36.8771, -9.4188], [36.8896, -9.4063]]}}, {"type": "Feature", "properties": {"order": 5, "discharge": 84.35}, "geometry": {"type": "LineString", "coordinates": [[29.3229, -9.4354], [29.3271, -9.4313], [29.3271, -9.4271], [29.3229, -9.4229], [29.3229, -9.4188], [29.3312, -9.4104], [29.3271, -9.4063], [29.3312, -9.4021], [29.3271, -9.3979], [29.3271, -9.3896], [29.3312, -9.3854], [29.3479, -9.3854], [29.3521, -9.3813], [29.3521, -9.3771], [29.3562, -9.3729]]}}, {"type": "Feature", "properties": {"order": 5, "discharge": 103.54}, "geometry": {"type": "LineString", "coordinates": [[36.7396, -9.4354], [36.7479, -9.4438], [36.7646, -9.4438]]}}, {"type": "Feature", "properties": {"order": 5, "discharge": 119.81}, "geometry": {"type": "LineString", "coordinates": [[36.7979, -9.4438], [36.8021, -9.4396], [36.8021, -9.4313]]}}, {"type": "Feature", "properties": {"order": 5, "discharge": 103.21}, "geometry": {"type": "LineString", "coordinates": [[36.6979, -9.4354], [36.7021, -9.4354], [36.7062, -9.4396], [36.7104, -9.4354], [36.7229, -9.4479], [36.7271, -9.4438], [36.7312, -9.4438], [36.7396, -9.4354]]}}, {"type": "Feature", "properties": {"order": 5, "discharge": 103.89}, "geometry": {"type": "LineString", "coordinates": [[36.7646, -9.4438], [36.7687, -9.4479], [36.7854, -9.4479], [36.7896, -9.4438], [36.7979, -9.4438]]}}, {"type": "Feature", "properties": {"order": 5, "discharge": 102.83}, "geometry": {"type": "LineString", "coordinates": [[36.6771, -9.4604], [36.6896, -9.4479], [36.6896, -9.4438], [36.6979, -9.4354]]}}, {"type": "Feature", "properties": {"order": 5, "discharge": 83.95}, "geometry": {"type": "LineString", "coordinates": [[29.3396, -9.4646], [29.3312, -9.4563], [29.3312, -9.4521], [29.3271, -9.4479], [29.3271, -9.4438], [29.3229, -9.4396], [29.3229, -9.4354]]}}, {"type": "Feature", "properties": {"order": 5, "discharge": 102.33}, "geometry": {"type": "LineString", "coordinates": [[36.6479, -9.4604], [36.6646, -9.4604], [36.6687, -9.4646], [36.6729, -9.4604], [36.6771, -9.4604]]}}, {"type": "Feature", "properties": {"order": 5, "discharge": 95.07}, "geometry": {"type": "LineString", "coordinates": [[36.6104, -9.4771], [36.6271, -9.4771]]}}, {"type": "Feature", "properties": {"order": 5, "discharge": 96.81}, "geometry": {"type": "LineString", "coordinates": [[36.6271, -9.4771], [36.6354, -9.4771], [36.6396, -9.4729], [36.6396, -9.4688], [36.6479, -9.4604]]}}, {"type": "Feature", "properties": {"order": 5, "discharge": 94.83}, "geometry": {"type": "LineString", "coordinates": [[36.5646, -9.4854], [36.5687, -9.4854], [36.5771, -9.4771], [36.5854, -9.4771], [36.5896, -9.4813], [36.5979, -9.4729], [36.6021, -9.4771], [36.6104, -9.4771]]}}, {"type": "Feature", "properties": {"order": 5, "discharge": 124.85}, "geometry": {"type": "LineString", "coordinates": [[39.6271, -9.4979], [39.6479, -9.4771], [39.6562, -9.4771]]}}, {"type": "Feature", "properties": {"order": 5, "discharge": 125.33}, "geometry": {"type": "LineString", "coordinates": [[39.5937, -9.5021], [39.5979, -9.4979], [39.6021, -9.4979], [39.6062, -9.4938], [39.6187, -9.4938], [39.6229, -9.4979], [39.6271, -9.4979]]}}, {"type": "Feature", "properties": {"order": 5, "discharge": 94.32}, "geometry": {"type": "LineString", "coordinates": [[36.5479, -9.5063], [36.5562, -9.4979], [36.5562, -9.4938], [36.5521, -9.4896], [36.5562, -9.4854], [36.5646, -9.4854]]}}, {"type": "Feature", "properties": {"order": 5, "discharge": 92.52}, "geometry": {"type": "LineString", "coordinates": [[36.5271, -9.5063], [36.5312, -9.5063], [36.5354, -9.5104]]}}, {"type": "Feature", "properties": {"order": 5, "discharge": 93.96}, "geometry": {"type": "LineString", "coordinates": [[36.5354, -9.5104], [36.5437, -9.5104], [36.5479, -9.5063]]}}, {"type": "Feature", "properties": {"order": 5, "discharge": 83.87}, "geometry": {"type": "LineString", "coordinates": [[29.3479, -9.5146], [29.3479, -9.5104], [29.3521, -9.5063], [29.3521, -9.4938], [29.3437, -9.4854], [29.3479, -9.4813], [29.3479, -9.4771], [29.3437, -9.4729], [29.3437, -9.4688], [29.3396, -9.4646]]}}, {"type": "Feature", "properties": {"order": 5, "discharge": 83.25}, "geometry": {"type": "LineString", "coordinates": [[29.3562, -9.5271], [29.3521, -9.5229], [29.3521, -9.5188], [29.3479, -9.5146]]}}, {"type": "Feature", "properties": {"order": 5, "discharge": 82.4}, "geometry": {"type": "LineString", "coordinates": [[29.4229, -9.5354], [29.4104, -9.5354]]}}, {"type": "Feature", "properties": {"order": 5, "discharge": 125.73}, "geometry": {"type": "LineString", "coordinates": [[39.5854, -9.5354], [39.5896, -9.5313], [39.5854, -9.5271], [39.5854, -9.5104], [39.5937, -9.5021]]}}, {"type": "Feature", "properties": {"order": 5, "discharge": 48.43}, "geometry": {"type": "LineString", "coordinates": [[29.7187, -9.5354], [29.7104, -9.5438]]}}, {"type": "Feature", "properties": {"order": 5, "discharge": 83.14}, "geometry": {"type": "LineString", "coordinates": [[29.3896, -9.5479], [29.3854, -9.5438], [29.3854, -9.5396], [29.3812, -9.5354], [29.3771, -9.5354], [29.3687, -9.5271], [29.3646, -9.5313], [29.3604, -9.5271], [29.3562, -9.5271]]}}, {"type": "Feature", "properties": {"order": 5, "discharge": 82.61}, "geometry": {"type": "LineString", "coordinates": [[29.4104, -9.5354], [29.3979, -9.5479], [29.3896, -9.5479]]}}, {"type": "Feature", "properties": {"order": 5, "discharge": 48.33}, "geometry": {"type": "LineString", "coordinates": [[29.7437, -9.5479], [29.7396, -9.5438], [29.7354, -9.5438], [29.7312, -9.5396], [29.7312, -9.5354], [29.7271, -9.5313], [29.7229, -9.5313], [29.7187, -9.5354]]}}, {"type": "Feature", "properties": {"order": 5, "discharge": 72.21}, "geometry": {"type": "LineString", "coordinates": [[36.4937, -9.5438], [36.4979, -9.5479], [36.5021, -9.5479], [36.5062, -9.5438], [36.5021, -9.5396], [36.5021, -9.5354], [36.5062, -9.5313], [36.5062, -9.5229], [36.5021, -9.5188], [36.5062, -9.5146], [36.5187, -9.5146], [36.5271, -9.5063]]}}, {"type": "Feature", "properties": {"order": 5, "discharge": 82.27}, "geometry": {"type": "LineString", "coordinates": [[29.4604, -9.5521], [29.4562, -9.5479], [29.4521, -9.5479], [29.4479, -9.5521], [29.4437, -9.5479], [29.4437, -9.5438], [29.4396, -9.5396], [29.4271, -9.5396], [29.4229, -9.5354]]}}, {"type": "Feature", "properties": {"order": 5, "discharge": 71.69}, "geometry": {"type": "LineString", "coordinates": [[36.4896, -9.5521], [36.4896, -9.5479], [36.4937, -9.5438]]}}, {"type": "Feature", "properties": {"order": 5, "discharge": 81.69}, "geometry": {"type": "LineString", "coordinates": [[29.4729, -9.5563], [29.4687, -9.5521], [29.4604, -9.5521]]}}, {"type": "Feature", "properties": {"order": 5, "discharge": 81.54}, "geometry": {"type": "LineString", "coordinates": [[29.4687, -9.5646], [29.4687, -9.5604], [29.4729, -9.5563]]}}, {"type": "Feature", "properties": {"order": 5, "discharge": 50.03}, "geometry": {"type": "LineString", "coordinates": [[29.6479, -9.5646], [29.6396, -9.5646], [29.6354, -9.5604]]}}, {"type": "Feature", "properties": {"order": 5, "discharge": 49.2}, "geometry": {"type": "LineString", "coordinates": [[29.6937, -9.5646], [29.6896, -9.5646]]}}, {"type": "Feature", "properties": {"order": 5, "discharge": 49.01}, "geometry": {"type": "LineString", "coordinates": [[29.7104, -9.5438], [29.7062, -9.5438], [29.7021, -9.5479], [29.7021, -9.5563], [29.6937, -9.5646]]}}, {"type": "Feature", "properties": {"order": 5, "discharge": 125.0}, "geometry": {"type": "LineString", "coordinates": [[39.5312, -9.5646], [39.5396, -9.5563], [39.5646, -9.5563], [39.5687, -9.5521], [39.5729, -9.5521], [39.5854, -9.5396], [39.5854, -9.5354]]}}, {"type": "Feature", "properties": {"order": 5, "discharge": 49.5}, "geometry": {"type": "LineString", "coordinates": [[29.6562, -9.5729], [29.6479, -9.5646]]}}, {"type": "Feature", "properties": {"order": 5, "discharge": 49.34}, "geometry": {"type": "LineString", "coordinates": [[29.6896, -9.5646], [29.6771, -9.5646], [29.6687, -9.5729], [29.6562, -9.5729]]}}, {"type": "Feature", "properties": {"order": 5, "discharge": 46.92}, "geometry": {"type": "LineString", "coordinates": [[29.8479, -9.5688], [29.8437, -9.5688], [29.8396, -9.5729], [29.8354, -9.5688], [29.8312, -9.5729]]}}, {"type": "Feature", "properties": {"order": 5, "discharge": 120.27}, "geometry": {"type": "LineString", "coordinates": [[39.3104, -9.5729], [39.3229, -9.5604], [39.3396, -9.5604], [39.3437, -9.5563], [39.3479, -9.5563], [39.3521, -9.5521], [39.3562, -9.5521], [39.3604, -9.5563]]}}, {"type": "Feature", "properties": {"order": 5, "discharge": 122.31}, "geometry": {"type": "LineString", "coordinates": [[39.3604, -9.5563], [39.3604, -9.5604], [39.3729, -9.5729], [39.3812, -9.5729]]}}, {"type": "Feature", "properties": {"order": 5, "discharge": 122.55}, "geometry": {"type": "LineString", "coordinates": [[39.3812, -9.5729], [39.3854, -9.5688]]}}, {"type": "Feature", "properties": {"order": 5, "discharge": 124.62}, "geometry": {"type": "LineString", "coordinates": [[39.5271, -9.5729], [39.5312, -9.5688], [39.5312, -9.5646]]}}, {"type": "Feature", "properties": {"order": 5, "discharge": 50.34}, "geometry": {"type": "LineString", "coordinates": [[29.6354, -9.5604], [29.6187, -9.5771], [29.6021, -9.5771]]}}, {"type": "Feature", "properties": {"order": 5, "discharge": 45.96}, "geometry": {"type": "LineString", "coordinates": [[29.8687, -9.5771], [29.8646, -9.5729], [29.8562, -9.5729], [29.8521, -9.5688], [29.8479, -9.5688]]}}, {"type": "Feature", "properties": {"order": 5, "discharge": 45.79}, "geometry": {"type": "LineString", "coordinates": [[29.8854, -9.5688], [29.8812, -9.5688], [29.8771, -9.5729], [29.8729, -9.5729], [29.8687, -9.5771]]}}, {"type": "Feature", "properties": {"order": 5, "discharge": 71.22}, "geometry": {"type": "LineString", "coordinates": [[36.4687, -9.5771], [36.4729, -9.5729], [36.4729, -9.5688], [36.4687, -9.5646], [36.4729, -9.5604], [36.4771, -9.5604], [36.4854, -9.5521], [36.4896, -9.5521]]}}, {"type": "Feature", "properties": {"order": 5, "discharge": 50.43}, "geometry": {"type": "LineString", "coordinates": [[29.6021, -9.5771], [29.5979, -9.5771], [29.5937, -9.5813]]}}, {"type": "Feature", "properties": {"order": 5, "discharge": 47.3}, "geometry": {"type": "LineString", "coordinates": [[29.8312, -9.5729], [29.8312, -9.5771], [29.8271, -9.5813], [29.8229, -9.5813], [29.8146, -9.5729], [29.8104, -9.5771]]}}, {"type": "Feature", "properties": {"order": 5, "discharge": 50.55}, "geometry": {"type": "LineString", "coordinates": [[29.5854, -9.5854], [29.5771, -9.5854]]}}, {"type": "Feature", "properties": {"order": 5, "discharge": 50.49}, "geometry": {"type": "LineString", "coordinates": [[29.5937, -9.5813], [29.5896, -9.5813], [29.5854, -9.5854]]}}, {"type": "Feature", "properties": {"order": 5, "discharge": 43.65}, "geometry": {"type": "LineString", "coordinates": [[29.9271, -9.5854], [29.9021, -9.5854], [29.8854, -9.5688]]}}, {"type": "Feature", "properties": {"order": 5, "discharge": 120.19}, "geometry": {"type": "LineString", "coordinates": [[39.2354, -9.5646], [39.2396, -9.5646], [39.2437, -9.5688], [39.2437, -9.5771], [39.2521, -9.5854]]}}, {"type": "Feature", "properties": {"order": 5, "discharge": 120.16}, "geometry": {"type": "LineString", "coordinates": [[39.2521, -9.5854], [39.2646, -9.5854]]}}, {"type": "Feature", "properties": {"order": 5, "discharge": 120.56}, "geometry": {"type": "LineString", "coordinates": [[39.2646, -9.5854], [39.2729, -9.5854]]}}, {"type": "Feature", "properties": {"order": 5, "discharge": 120.45}, "geometry": {"type": "LineString", "coordinates": [[39.2729, -9.5854], [39.2854, -9.5854], [39.2937, -9.5771], [39.2979, -9.5813], [39.3062, -9.5813], [39.3104, -9.5771], [39.3104, -9.5729]]}}, {"type": "Feature", "properties": {"order": 5, "discharge": 81.41}, "geometry": {"type": "LineString", "coordinates": [[29.4729, -9.5979], [29.4687, -9.5938], [29.4687, -9.5646]]}}, {"type": "Feature", "properties": {"order": 5, "discharge": 50.73}, "geometry": {"type": "LineString", "coordinates": [[29.5771, -9.5854], [29.5729, -9.5896], [29.5687, -9.5896], [29.5646, -9.5938], [29.5562, -9.5938], [29.5479, -9.6021]]}}, {"type": "Feature", "properties": {"order": 5, "discharge": 48.08}, "geometry": {"type": "LineString", "coordinates": [[29.7979, -9.6021], [29.7937, -9.5979], [29.7896, -9.5979], [29.7854, -9.6021], [29.7687, -9.6021], [29.7646, -9.5979], [29.7646, -9.5938], [29.7521, -9.5813], [29.7521, -9.5729], [29.7562, -9.5688], [29.7437, -9.5563], [29.7437, -9.5479]]}}, {"type": "Feature", "properties": {"order": 5, "discharge": 47.41}, "geometry": {"type": "LineString", "coordinates": [[29.8104, -9.5771], [29.8104, -9.5938], [29.8021, -9.6021], [29.7979, -9.6021]]}}, {"type": "Feature", "properties": {"order": 5, "discharge": 69.06}, "geometry": {"type": "LineString", "coordinates": [[36.4562, -9.6063], [36.4521, -9.6021], [36.4562, -9.5979], [36.4562, -9.5938], [36.4646, -9.5854], [36.4646, -9.5813], [36.4687, -9.5771]]}}, {"type": "Feature", "properties": {"order": 5, "discharge": 43.33}, "geometry": {"type": "LineString", "coordinates": [[29.9437, -9.6146], [29.9437, -9.6104], [29.9396, -9.6063], [29.9396, -9.5979], [29.9271, -9.5854]]}}, {"type": "Feature", "properties": {"order": 5, "discharge": 40.35}, "geometry": {"type": "LineString", "coordinates": [[30.0521, -9.5938], [30.0354, -9.6104], [30.0312, -9.6104], [30.0271, -9.6146]]}}, {"type": "Feature", "properties": {"order": 5, "discharge": 71.31}, "geometry": {"type": "LineString", "coordinates": [[29.5271, -9.6188], [29.5271, -9.6146], [29.5229, -9.6104], [29.5104, -9.6104], [29.5021, -9.6021], [29.4979, -9.6021], [29.4937, -9.5979], [29.4896, -9.5979], [29.4854, -9.5938], [29.4771, -9.5938], [29.4729, -9.5979]]}}, {"type": "Feature", "properties": {"order": 5, "discharge": 43.12}, "geometry": {"type": "LineString", "coordinates": [[29.9437, -9.6188], [29.9437, -9.6146]]}}, {"type": "Feature", "properties": {"order": 5, "discharge": 113.69}, "geometry": {"type": "LineString", "coordinates": [[39.2062, -9.6188], [39.2062, -9.6104], [39.2104, -9.6063], [39.2062, -9.6021], [39.2062, -9.5979], [39.2104, -9.5938], [39.2104, -9.5896], [39.2146, -9.5854], [39.2146, -9.5771], [39.2187, -9.5729], [39.2229, -9.5729], [39.2271, -9.5688], [39.2312, -9.5688], [39.2354, -9.5646]]}}, {"type": "Feature", "properties": {"order": 5, "discharge": 69.75}, "geometry": {"type": "LineString", "coordinates": [[29.5312, -9.6229], [29.5271, -9.6188]]}}, {"type": "Feature", "properties": {"order": 5, "discharge": 50.88}, "geometry": {"type": "LineString", "coordinates": [[29.5479, -9.6021], [29.5396, -9.6104], [29.5396, -9.6146], [29.5312, -9.6229]]}}, {"type": "Feature", "properties": {"order": 5, "discharge": 41.51}, "geometry": {"type": "LineString", "coordinates": [[30.0271, -9.6146], [30.0229, -9.6146], [30.0187, -9.6104], [30.0146, -9.6146], [30.0021, -9.6146], [29.9979, -9.6188], [29.9937, -9.6146], [29.9896, -9.6188], [29.9854, -9.6188], [29.9812, -9.6146], [29.9729, -9.6229], [29.9562, -9.6229], [29.9521, -9.6188], [29.9437, -9.6188]]}}, {"type": "Feature", "properties": {"order": 5, "discharge": 124.33}, "geometry": {"type": "LineString", "coordinates": [[39.3854, -9.5688], [39.3854, -9.5646], [39.3896, -9.5604], [39.4062, -9.5604], [39.4104, -9.5646], [39.4146, -9.5646], [39.4187, -9.5604], [39.4396, -9.5604], [39.4437, -9.5646], [39.4437, -9.5813], [39.4396, -9.5854], [39.4396, -9.5979], [39.4646, -9.6229], [39.4812, -9.6229]]}}, {"type": "Feature", "properties": {"order": 5, "discharge": 124.51}, "geometry": {"type": "LineString", "coordinates": [[39.4812, -9.6229], [39.4854, -9.6188], [39.4937, -9.6188], [39.4979, -9.6146], [39.4979, -9.5979], [39.4937, -9.5938], [39.4979, -9.5896], [39.4979, -9.5854], [39.5021, -9.5813], [39.5146, -9.5813], [39.5187, -9.5771], [39.5229, -9.5771], [39.5271, -9.5729]]}}, {"type": "Feature", "properties": {"order": 5, "discharge": 48.14}, "geometry": {"type": "LineString", "coordinates": [[32.3521, -9.6479], [32.3479, -9.6521], [32.3479, -9.6604]]}}, {"type": "Feature", "properties": {"order": 5, "discharge": 48.28}, "geometry": {"type": "LineString", "coordinates": [[32.3479, -9.6604], [32.3521, -9.6646], [32.3521, -9.6688]]}}, {"type": "Feature", "properties": {"order": 5, "discharge": 113.86}, "geometry": {"type": "LineString", "coordinates": [[39.1812, -9.6854], [39.1937, -9.6854]]}}, {"type": "Feature", "properties": {"order": 5, "discharge": 113.82}, "geometry": {"type": "LineString", "coordinates": [[39.1937, -9.6854], [39.2021, -9.6771], [39.2021, -9.6688], [39.2062, -9.6646], [39.2062, -9.6563], [39.2104, -9.6521], [39.2104, -9.6229], [39.2062, -9.6188]]}}, {"type": "Feature", "properties": {"order": 5, "discharge": 113.63}, "geometry": {"type": "LineString", "coordinates": [[39.1062, -9.7021], [39.1104, -9.7021], [39.1187, -9.7104]]}}, {"type": "Feature", "properties": {"order": 5, "discharge": 113.56}, "geometry": {"type": "LineString", "coordinates": [[39.1187, -9.7104], [39.1271, -9.7104], [39.1396, -9.6979], [39.1396, -9.6938], [39.1604, -9.6729], [39.1646, -9.6729], [39.1687, -9.6771], [39.1687, -9.6813], [39.1646, -9.6854], [39.1687, -9.6896], [39.1729, -9.6854], [39.1812, -9.6854]]}}, {"type": "Feature", "properties": {"order": 5, "discharge": 68.19}, "geometry": {"type": "LineString", "coordinates": [[34.0562, -9.7188], [34.0562, -9.7229]]}}, {"type": "Feature", "properties": {"order": 5, "discharge": 108.2}, "geometry": {"type": "LineString", "coordinates": [[39.0396, -9.7271], [39.0562, -9.7104], [39.0604, -9.7104], [39.0646, -9.7146], [39.0687, -9.7146], [39.0812, -9.7021], [39.1062, -9.7021]]}}, {"type": "Feature", "properties": {"order": 5, "discharge": 104.42}, "geometry": {"type": "LineString", "coordinates": [[39.0062, -9.7354], [39.0146, -9.7271], [39.0187, -9.7271], [39.0229, -9.7313], [39.0271, -9.7271], [39.0312, -9.7271], [39.0354, -9.7313], [39.0396, -9.7271]]}}, {"type": "Feature", "properties": {"order": 5, "discharge": 104.53}, "geometry": {"type": "LineString", "coordinates": [[38.9729, -9.7396], [38.9771, -9.7354], [38.9812, -9.7396], [39.0021, -9.7396], [39.0062, -9.7354]]}}, {"type": "Feature", "properties": {"order": 5, "discharge": 48.6}, "geometry": {"type": "LineString", "coordinates": [[32.3521, -9.6688], [32.3479, -9.6729], [32.3479, -9.6771], [32.3521, -9.6813], [32.3521, -9.6896], [32.3479, -9.6938], [32.3521, -9.6979], [32.3479, -9.7021], [32.3479, -9.7146], [32.3437, -9.7188], [32.3437, -9.7271], [32.3396, -9.7313], [32.3396, -9.7354], [32.3354, -9.7396], [32.3312, -9.7396], [32.3271, -9.7438]]}}, {"type": "Feature", "properties": {"order": 5, "discharge": 39.17}, "geometry": {"type": "LineString", "coordinates": [[32.3479, -9.7479], [32.3354, -9.7479], [32.3312, -9.7438], [32.3271, -9.7438]]}}, {"type": "Feature", "properties": {"order": 6, "discharge": 87.78}, "geometry": {"type": "LineString", "coordinates": [[32.3271, -9.7438], [32.3229, -9.7438], [32.3187, -9.7479], [32.3146, -9.7479], [32.3104, -9.7521]]}}, {"type": "Feature", "properties": {"order": 5, "discharge": 32.31}, "geometry": {"type": "LineString", "coordinates": [[32.3854, -9.7521], [32.3812, -9.7521], [32.3771, -9.7479], [32.3729, -9.7521], [32.3687, -9.7521], [32.3646, -9.7479], [32.3479, -9.7479]]}}, {"type": "Feature", "properties": {"order": 5, "discharge": 32.09}, "geometry": {"type": "LineString", "coordinates": [[32.4354, -9.7563], [32.4104, -9.7563], [32.4062, -9.7521], [32.3854, -9.7521]]}}, {"type": "Feature", "properties": {"order": 5, "discharge": 103.22}, "geometry": {"type": "LineString", "coordinates": [[38.9687, -9.7563], [38.9729, -9.7521], [38.9729, -9.7396]]}}, {"type": "Feature", "properties": {"order": 5, "discharge": 31.7}, "geometry": {"type": "LineString", "coordinates": [[32.4479, -9.7604], [32.4396, -9.7604], [32.4354, -9.7563]]}}, {"type": "Feature", "properties": {"order": 5, "discharge": 119.09}, "geometry": {"type": "LineString", "coordinates": [[34.0562, -9.7229], [34.0979, -9.7646]]}}, {"type": "Feature", "properties": {"order": 5, "discharge": 103.06}, "geometry": {"type": "LineString", "coordinates": [[38.9604, -9.7646], [38.9687, -9.7563]]}}, {"type": "Feature", "properties": {"order": 5, "discharge": 35.62}, "geometry": {"type": "LineString", "coordinates": [[31.6312, -9.7563], [31.6354, -9.7604], [31.6437, -9.7604], [31.6521, -9.7688]]}}, {"type": "Feature", "properties": {"order": 5, "discharge": 31.49}, "geometry": {"type": "LineString", "coordinates": [[32.4521, -9.7688], [32.4479, -9.7646], [32.4479, -9.7604]]}}, {"type": "Feature", "properties": {"order": 5, "discharge": 31.39}, "geometry": {"type": "LineString", "coordinates": [[32.4729, -9.7771], [32.4646, -9.7771], [32.4604, -9.7729], [32.4562, -9.7729], [32.4521, -9.7688]]}}, {"type": "Feature", "properties": {"order": 5, "discharge": 103.0}, "geometry": {"type": "LineString", "coordinates": [[38.9437, -9.7771], [38.9521, -9.7688], [38.9562, -9.7688], [38.9604, -9.7646]]}}, {"type": "Feature", "properties": {"order": 6, "discharge": 93.05}, "geometry": {"type": "LineString", "coordinates": [[32.2854, -9.7813], [32.2687, -9.7813]]}}, {"type": "Feature", "properties": {"order": 6, "discharge": 88.06}, "geometry": {"type": "LineString", "coordinates": [[32.3104, -9.7521], [32.3062, -9.7563], [32.3062, -9.7604], [32.2979, -9.7688], [32.2937, -9.7688], [32.2937, -9.7729], [32.2979, -9.7771], [32.2937, -9.7813], [32.2854, -9.7813]]}}, {"type": "Feature", "properties": {"order": 5, "discharge": 35.88}, "geometry": {"type": "LineString", "coordinates": [[31.6521, -9.7688], [31.6687, -9.7854], [31.6729, -9.7813], [31.6771, -9.7813]]}}, {"type": "Feature", "properties": {"order": 6, "discharge": 93.29}, "geometry": {"type": "LineString", "coordinates": [[32.2687, -9.7813], [32.2646, -9.7854]]}}, {"type": "Feature", "properties": {"order": 5, "discharge": 119.44}, "geometry": {"type": "LineString", "coordinates": [[34.0979, -9.7646], [34.1021, -9.7688], [34.1021, -9.7729], [34.1146, -9.7854]]}}, {"type": "Feature", "properties": {"order": 5, "discharge": 102.67}, "geometry": {"type": "LineString", "coordinates": [[38.9146, -9.7854], [38.9271, -9.7854]]}}, {"type": "Feature", "properties": {"order": 5, "discharge": 102.88}, "geometry": {"type": "LineString", "coordinates": [[38.9271, -9.7854], [38.9312, -9.7813], [38.9396, -9.7813], [38.9437, -9.7771]]}}, {"type": "Feature", "properties": {"order": 5, "discharge": 31.19}, "geometry": {"type": "LineString", "coordinates": [[32.4937, -9.7896], [32.4812, -9.7896], [32.4771, -9.7854], [32.4771, -9.7813], [32.4729, -9.7771]]}}, {"type": "Feature", "properties": {"order": 6, "discharge": 93.96}, "geometry": {"type": "LineString", "coordinates": [[32.2646, -9.7854], [32.2562, -9.7938]]}}, {"type": "Feature", "properties": {"order": 5, "discharge": 49.23}, "geometry": {"type": "LineString", "coordinates": [[31.8229, -9.8021], [31.8271, -9.7979], [31.8396, -9.7979], [31.8437, -9.8021], [31.8562, -9.8021]]}}, {"type": "Feature", "properties": {"order": 5, "discharge": 49.79}, "geometry": {"type": "LineString", "coordinates": [[31.8562, -9.8021], [31.8604, -9.8063], [31.8979, -9.8063]]}}, {"type": "Feature", "properties": {"order": 5, "discharge": 50.12}, "geometry": {"type": "LineString", "coordinates": [[31.8979, -9.8063], [31.9271, -9.8063]]}}, {"type": "Feature", "properties": {"order": 5, "discharge": 46.33}, "geometry": {"type": "LineString", "coordinates": [[31.6771, -9.7813], [31.6896, -9.7938], [31.6896, -9.8021], [31.6979, -9.8104]]}}, {"type": "Feature", "properties": {"order": 5, "discharge": 52.28}, "geometry": {"type": "LineString", "coordinates": [[31.9271, -9.8063], [31.9354, -9.8063], [31.9396, -9.8104], [31.9479, -9.8104]]}}, {"type": "Feature", "properties": {"order": 5, "discharge": 46.93}, "geometry": {"type": "LineString", "coordinates": [[31.6979, -9.8104], [31.7104, -9.8104], [31.7146, -9.8063], [31.7229, -9.8063], [31.7271, -9.8104], [31.7312, -9.8104], [31.7354, -9.8146], [31.7604, -9.8146]]}}, {"type": "Feature", "properties": {"order": 5, "discharge": 47.37}, "geometry": {"type": "LineString", "coordinates": [[31.7604, -9.8146], [31.7854, -9.8146]]}}, {"type": "Feature", "properties": {"order": 5, "discharge": 47.96}, "geometry": {"type": "LineString", "coordinates": [[31.7854, -9.8146], [31.8104, -9.8146], [31.8229, -9.8021]]}}, {"type": "Feature", "properties": {"order": 5, "discharge": 52.57}, "geometry": {"type": "LineString", "coordinates": [[31.9479, -9.8104], [31.9521, -9.8104], [31.9562, -9.8146], [31.9646, -9.8146]]}}, {"type": "Feature", "properties": {"order": 6, "discharge": 94.11}, "geometry": {"type": "LineString", "coordinates": [[32.2562, -9.7938], [32.2521, -9.7979], [32.2437, -9.7979], [32.2396, -9.8021], [32.2354, -9.8021], [32.2229, -9.8146], [32.2187, -9.8146]]}}, {"type": "Feature", "properties": {"order": 6, "discharge": 94.37}, "geometry": {"type": "LineString", "coordinates": [[32.2187, -9.8146], [32.2146, -9.8188]]}}, {"type": "Feature", "properties": {"order": 5, "discharge": 52.83}, "geometry": {"type": "LineString", "coordinates": [[31.9646, -9.8146], [31.9687, -9.8146], [31.9729, -9.8188], [31.9771, -9.8188], [31.9854, -9.8271]]}}, {"type": "Feature", "properties": {"order": 5, "discharge": 53.07}, "geometry": {"type": "LineString", "coordinates": [[31.9854, -9.8271], [31.9937, -9.8271], [31.9979, -9.8313], [32.0021, -9.8271], [32.0146, -9.8271], [32.0187, -9.8313], [32.0229, -9.8313]]}}, {"type": "Feature", "properties": {"order": 5, "discharge": 30.96}, "geometry": {"type": "LineString", "coordinates": [[32.5229, -9.8313], [32.5021, -9.8104], [32.5021, -9.8063], [32.4979, -9.8021], [32.4979, -9.7938], [32.4937, -9.7896]]}}, {"type": "Feature", "properties": {"order": 5, "discharge": 149.93}, "geometry": {"type": "LineString", "coordinates": [[34.1146, -9.7854], [34.1354, -9.8063], [34.1354, -9.8104], [34.1604, -9.8354]]}}, {"type": "Feature", "properties": {"order": 5, "discharge": 100.21}, "geometry": {"type": "LineString", "coordinates": [[38.8562, -9.8354], [38.8604, -9.8354]]}}, {"type": "Feature", "properties": {"order": 5, "discharge": 102.08}, "geometry": {"type": "LineString", "coordinates": [[38.9021, -9.8354], [38.9021, -9.8271], [38.8979, -9.8229], [38.9021, -9.8188], [38.9021, -9.8104], [38.9062, -9.8063], [38.9062, -9.7979], [38.9021, -9.7938], [38.9104, -9.7854], [38.9146, -9.7854]]}}, {"type": "Feature", "properties": {"order": 5, "discharge": 53.34}, "geometry": {"type": "LineString", "coordinates": [[32.0229, -9.8313], [32.0271, -9.8313], [32.0354, -9.8396], [32.0396, -9.8396]]}}, {"type": "Feature", "properties": {"order": 5, "discharge": 100.14}, "geometry": {"type": "LineString", "coordinates": [[38.8437, -9.8438], [38.8479, -9.8396], [38.8521, -9.8396], [38.8562, -9.8354]]}}, {"type": "Feature", "properties": {"order": 5, "discharge": 53.56}, "geometry": {"type": "LineString", "coordinates": [[32.0396, -9.8396], [32.0437, -9.8438], [32.0521, -9.8438], [32.0562, -9.8479], [32.0646, -9.8479]]}}, {"type": "Feature", "properties": {"order": 6, "discharge": 94.96}, "geometry": {"type": "LineString", "coordinates": [[32.2146, -9.8188], [32.2062, -9.8188], [32.1937, -9.8313], [32.1896, -9.8313], [32.1812, -9.8396], [32.1812, -9.8479]]}}, {"type": "Feature", "properties": {"order": 5, "discharge": 100.27}, "geometry": {"type": "LineString", "coordinates": [[38.8604, -9.8354], [38.8646, -9.8354], [38.8729, -9.8438], [38.8771, -9.8438], [38.8812, -9.8479]]}}, {"type": "Feature", "properties": {"order": 5, "discharge": 100.33}, "geometry": {"type": "LineString", "coordinates": [[38.8812, -9.8479], [38.8896, -9.8479]]}}, {"type": "Feature", "properties": {"order": 5, "discharge": 101.6}, "geometry": {"type": "LineString", "coordinates": [[38.8896, -9.8479], [38.9021, -9.8354]]}}, {"type": "Feature", "properties": {"order": 5, "discharge": 54.61}, "geometry": {"type": "LineString", "coordinates": [[32.0646, -9.8479], [32.0771, -9.8604]]}}, {"type": "Feature", "properties": {"order": 6, "discharge": 100.91}, "geometry": {"type": "LineString", "coordinates": [[32.1812, -9.8479], [32.1812, -9.8563], [32.1771, -9.8604], [32.1771, -9.8646]]}}, {"type": "Feature", "properties": {"order": 5, "discharge": 166.09}, "geometry": {"type": "LineString", "coordinates": [[34.1604, -9.8354], [34.1687, -9.8438], [34.1687, -9.8479], [34.1854, -9.8646]]}}, {"type": "Feature", "properties": {"order": 5, "discharge": 100.04}, "geometry": {"type": "LineString", "coordinates": [[38.8187, -9.8813], [38.8229, -9.8771], [38.8271, -9.8771], [38.8312, -9.8729], [38.8312, -9.8563], [38.8354, -9.8521], [38.8396, -9.8521], [38.8437, -9.8479], [38.8437, -9.8438]]}}, {"type": "Feature", "properties": {"order": 6, "discharge": 101.03}, "geometry": {"type": "LineString", "coordinates": [[32.1771, -9.8646], [32.1771, -9.8688], [32.1729, -9.8729], [32.1729, -9.8938], [32.1687, -9.8979]]}}, {"type": "Feature", "properties": {"order": 5, "discharge": 181.56}, "geometry": {"type": "LineString", "coordinates": [[34.1854, -9.8646], [34.2062, -9.8854], [34.2062, -9.8896], [34.2146, -9.8979]]}}, {"type": "Feature", "properties": {"order": 5, "discharge": 89.72}, "geometry": {"type": "LineString", "coordinates": [[38.7729, -9.8938], [38.7812, -9.8938], [38.7854, -9.8979], [38.7896, -9.8979]]}}, {"type": "Feature", "properties": {"order": 5, "discharge": 89.9}, "geometry": {"type": "LineString", "coordinates": [[38.7896, -9.8979], [38.8062, -9.8813], [38.8187, -9.8813]]}}, {"type": "Feature", "properties": {"order": 5, "discharge": 89.22}, "geometry": {"type": "LineString", "coordinates": [[38.7562, -9.8979], [38.7604, -9.9021], [38.7646, -9.9021], [38.7729, -9.8938]]}}, {"type": "Feature", "properties": {"order": 5, "discharge": 194.44}, "geometry": {"type": "LineString", "coordinates": [[34.2146, -9.8979], [34.2229, -9.9063]]}}, {"type": "Feature", "properties": {"order": 5, "discharge": 195.16}, "geometry": {"type": "LineString", "coordinates": [[34.2229, -9.9063], [34.2312, -9.9146]]}}, {"type": "Feature", "properties": {"order": 5, "discharge": 55.08}, "geometry": {"type": "LineString", "coordinates": [[32.0771, -9.8604], [32.1062, -9.8896], [32.1062, -9.8979], [32.1146, -9.9063], [32.1146, -9.9146], [32.1187, -9.9188]]}}, {"type": "Feature", "properties": {"order": 5, "discharge": 82.85}, "geometry": {"type": "LineString", "coordinates": [[38.7187, -9.9229], [38.7229, -9.9188], [38.7271, -9.9188], [38.7312, -9.9229], [38.7354, -9.9229], [38.7396, -9.9188], [38.7354, -9.9146], [38.7437, -9.9063], [38.7479, -9.9063], [38.7562, -9.8979]]}}, {"type": "Feature", "properties": {"order": 5, "discharge": 195.24}, "geometry": {"type": "LineString", "coordinates": [[34.2312, -9.9146], [34.2396, -9.9229], [34.2396, -9.9271], [34.2437, -9.9313]]}}, {"type": "Feature", "properties": {"order": 5, "discharge": 81.64}, "geometry": {"type": "LineString", "coordinates": [[38.6646, -9.9396], [38.6812, -9.9396], [38.6854, -9.9354], [38.6854, -9.9313], [38.6937, -9.9229], [38.6979, -9.9271], [38.7021, -9.9271], [38.7062, -9.9229], [38.7187, -9.9229]]}}, {"type": "Feature", "properties": {"order": 5, "discharge": 74.12}, "geometry": {"type": "LineString", "coordinates": [[38.6562, -9.9479], [38.6646, -9.9396]]}}, {"type": "Feature", "properties": {"order": 5, "discharge": 55.52}, "geometry": {"type": "LineString", "coordinates": [[32.1187, -9.9188], [32.1271, -9.9271], [32.1271, -9.9479], [32.1312, -9.9521], [32.1354, -9.9521]]}}, {"type": "Feature", "properties": {"order": 6, "discharge": 101.84}, "geometry": {"type": "LineString", "coordinates": [[32.1687, -9.8979], [32.1479, -9.9188], [32.1479, -9.9229], [32.1354, -9.9354], [32.1354, -9.9521]]}}, {"type": "Feature", "properties": {"order": 5, "discharge": 195.34}, "geometry": {"type": "LineString", "coordinates": [[34.2437, -9.9313], [34.2521, -9.9396], [34.2521, -9.9438], [34.2562, -9.9479], [34.2562, -9.9521]]}}, {"type": "Feature", "properties": {"order": 6, "discharge": 157.32}, "geometry": {"type": "LineString", "coordinates": [[32.1354, -9.9521], [32.1354, -9.9646], [32.1396, -9.9688]]}}, {"type": "Feature", "properties": {"order": 5, "discharge": 195.33}, "geometry": {"type": "LineString", "coordinates": [[34.2562, -9.9521], [34.2604, -9.9563], [34.2604, -9.9604], [34.2687, -9.9688], [34.2687, -9.9729], [34.2729, -9.9771]]}}, {"type": "Feature", "properties": {"order": 5, "discharge": 206.73}, "geometry": {"type": "LineString", "coordinates": [[34.2729, -9.9771], [34.2729, -9.9813]]}}, {"type": "Feature", "properties": {"order": 5, "discharge": 73.52}, "geometry": {"type": "LineString", "coordinates": [[38.6312, -9.9813], [38.6312, -9.9771], [38.6562, -9.9521], [38.6562, -9.9479]]}}, {"type": "Feature", "properties": {"order": 6, "discharge": 157.66}, "geometry": {"type": "LineString", "coordinates": [[32.1396, -9.9688], [32.1396, -9.9729], [32.1312, -9.9813], [32.1312, -9.9854], [32.1271, -9.9896]]}}, {"type": "Feature", "properties": {"order": 5, "discharge": 69.84}, "geometry": {"type": "LineString", "coordinates": [[38.5937, -10.0021], [38.5979, -10.0021], [38.6021, -9.9979], [38.6021, -9.9938], [38.6104, -9.9854], [38.6229, -9.9854], [38.6271, -9.9813], [38.6312, -9.9813]]}}, {"type": "Feature", "properties": {"order": 5, "discharge": 69.1}, "geometry": {"type": "LineString", "coordinates": [[38.5604, -10.0063], [38.5812, -10.0063], [38.5854, -10.0021], [38.5937, -10.0021]]}}, {"type": "Feature", "properties": {"order": 6, "discharge": 156.72}, "geometry": {"type": "LineString", "coordinates": [[32.1271, -9.9896], [32.1271, -9.9938], [32.1187, -10.0021], [32.1146, -10.0021], [32.1062, -10.0104], [32.1062, -10.0146]]}}, {"type": "Feature", "properties": {"order": 5, "discharge": 68.16}, "geometry": {"type": "LineString", "coordinates": [[38.5437, -10.0229], [38.5604, -10.0063]]}}, {"type": "Feature", "properties": {"order": 6, "discharge": 157.98}, "geometry": {"type": "LineString", "coordinates": [[32.1062, -10.0146], [32.0979, -10.0229], [32.0937, -10.0229], [32.0896, -10.0271]]}}, {"type": "Feature", "properties": {"order": 6, "discharge": 156.98}, "geometry": {"type": "LineString", "coordinates": [[32.0562, -10.0396], [32.0437, -10.0396]]}}, {"type": "Feature", "properties": {"order": 6, "discharge": 156.19}, "geometry": {"type": "LineString", "coordinates": [[32.0729, -10.0396], [32.0562, -10.0396]]}}, {"type": "Feature", "properties": {"order": 6, "discharge": 157.19}, "geometry": {"type": "LineString", "coordinates": [[32.0896, -10.0271], [32.0771, -10.0396], [32.0729, -10.0396]]}}, {"type": "Feature", "properties": {"order": 5, "discharge": 205.73}, "geometry": {"type": "LineString", "coordinates": [[34.2729, -9.9813], [34.2771, -9.9854], [34.2771, -9.9896], [34.2854, -9.9979], [34.2854, -10.0021], [34.2896, -10.0063], [34.2896, -10.0104], [34.2937, -10.0146], [34.2937, -10.0188], [34.3021, -10.0271], [34.3021, -10.0313], [34.3062, -10.0354], [34.3062, -10.0396], [34.3104, -10.0438]]}}, {"type": "Feature", "properties": {"order": 5, "discharge": 205.39}, "geometry": {"type": "LineString", "coordinates": [[34.3104, -10.0438], [34.3104, -10.0479], [34.3146, -10.0521], [34.3146, -10.0604]]}}, {"type": "Feature", "properties": {"order": 5, "discharge": 67.06}, "geometry": {"type": "LineString", "coordinates": [[38.5187, -10.0604], [38.5312, -10.0479], [38.5271, -10.0438], [38.5354, -10.0354], [38.5354, -10.0313], [38.5437, -10.0229]]}}, {"type": "Feature", "properties": {"order": 5, "discharge": 64.09}, "geometry": {"type": "LineString", "coordinates": [[38.4979, -10.0688], [38.5021, -10.0688], [38.5062, -10.0646], [38.5104, -10.0688], [38.5187, -10.0604]]}}, {"type": "Feature", "properties": {"order": 5, "discharge": 57.84}, "geometry": {"type": "LineString", "coordinates": [[38.4687, -10.0729], [38.4771, -10.0646], [38.4854, -10.0646], [38.4896, -10.0688], [38.4979, -10.0688]]}}, {"type": "Feature", "properties": {"order": 5, "discharge": 57.59}, "geometry": {"type": "LineString", "coordinates": [[38.4479, -10.0771], [38.4646, -10.0771], [38.4687, -10.0729]]}}, {"type": "Feature", "properties": {"order": 6, "discharge": 153.77}, "geometry": {"type": "LineString", "coordinates": [[32.0437, -10.0396], [32.0396, -10.0438], [32.0396, -10.0479], [32.0146, -10.0729], [32.0146, -10.0813], [32.0104, -10.0854], [32.0104, -10.0896]]}}, {"type": "Feature", "properties": {"order": 5, "discharge": 212.27}, "geometry": {"type": "LineString", "coordinates": [[34.3146, -10.0604], [34.3146, -10.0646], [34.3187, -10.0688], [34.3187, -10.0813], [34.3229, -10.0854], [34.3229, -10.0938]]}}, {"type": "Feature", "properties": {"order": 6, "discharge": 171.69}, "geometry": {"type": "LineString", "coordinates": [[32.0104, -10.0896], [32.0146, -10.0938], [32.0104, -10.0979], [32.0104, -10.1021], [32.0062, -10.1063], [32.0062, -10.1104], [32.0021, -10.1146], [32.0021, -10.1188], [31.9979, -10.1229]]}}, {"type": "Feature", "properties": {"order": 5, "discharge": 211.73}, "geometry": {"type": "LineString", "coordinates": [[34.3229, -10.0938], [34.3271, -10.0979], [34.3271, -10.1063], [34.3312, -10.1104], [34.3312, -10.1188], [34.3354, -10.1229]]}}, {"type": "Feature", "properties": {"order": 5, "discharge": 213.57}, "geometry": {"type": "LineString", "coordinates": [[34.3354, -10.1229], [34.3354, -10.1354], [34.3396, -10.1396], [34.3396, -10.1479]]}}, {"type": "Feature", "properties": {"order": 5, "discharge": 52.76}, "geometry": {"type": "LineString", "coordinates": [[30.9562, -10.1479], [30.9604, -10.1521]]}}, {"type": "Feature", "properties": {"order": 5, "discharge": 214.08}, "geometry": {"type": "LineString", "coordinates": [[34.3396, -10.1479], [34.3396, -10.1521]]}}, {"type": "Feature", "properties": {"order": 6, "discharge": 171.1}, "geometry": {"type": "LineString", "coordinates": [[31.9979, -10.1229], [31.9979, -10.1563]]}}, {"type": "Feature", "properties": {"order": 6, "discharge": 170.31}, "geometry": {"type": "LineString", "coordinates": [[31.9979, -10.1563], [31.9979, -10.1896]]}}, {"type": "Feature", "properties": {"order": 6, "discharge": 170.15}, "geometry": {"type": "LineString", "coordinates": [[31.9979, -10.1896], [31.9979, -10.1979]]}}, {"type": "Feature", "properties": {"order": 5, "discharge": 84.34}, "geometry": {"type": "LineString", "coordinates": [[35.0937, -10.1979], [35.0896, -10.1938], [35.0687, -10.1938]]}}, {"type": "Feature", "properties": {"order": 5, "discharge": 66.13}, "geometry": {"type": "LineString", "coordinates": [[30.9604, -10.1521], [30.9604, -10.1563], [30.9646, -10.1604], [30.9646, -10.1771], [30.9729, -10.1854], [30.9729, -10.1896], [30.9646, -10.1979], [30.9687, -10.2021]]}}, {"type": "Feature", "properties": {"order": 5, "discharge": 213.81}, "geometry": {"type": "LineString", "coordinates": [[34.3396, -10.1521], [34.3437, -10.1563], [34.3437, -10.1688], [34.3479, -10.1729], [34.3479, -10.2021]]}}, {"type": "Feature", "properties": {"order": 5, "discharge": 84.22}, "geometry": {"type": "LineString", "coordinates": [[35.1146, -10.1979], [35.1104, -10.2021], [35.0979, -10.2021], [35.0937, -10.1979]]}}, {"type": "Feature", "properties": {"order": 5, "discharge": 86.29}, "geometry": {"type": "LineString", "coordinates": [[35.0437, -10.2021], [35.0396, -10.2021], [35.0354, -10.2063], [35.0312, -10.2063], [35.0271, -10.2021]]}}, {"type": "Feature", "properties": {"order": 5, "discharge": 86.17}, "geometry": {"type": "LineString", "coordinates": [[35.0687, -10.1938], [35.0646, -10.1979], [35.0687, -10.2021], [35.0646, -10.2063], [35.0604, -10.2063], [35.0562, -10.2021], [35.0437, -10.2021]]}}, {"type": "Feature", "properties": {"order": 5, "discharge": 66.53}, "geometry": {"type": "LineString", "coordinates": [[30.9687, -10.2021], [30.9771, -10.2021], [30.9854, -10.2104], [30.9854, -10.2188], [30.9896, -10.2229], [30.9854, -10.2271]]}}, {"type": "Feature", "properties": {"order": 5, "discharge": 50.7}, "geometry": {"type": "LineString", "coordinates": [[35.1396, -10.2354], [35.1396, -10.2313], [35.1354, -10.2271], [35.1354, -10.2229], [35.1271, -10.2146], [35.1271, -10.2104], [35.1146, -10.1979]]}}, {"type": "Feature", "properties": {"order": 5, "discharge": 212.69}, "geometry": {"type": "LineString", "coordinates": [[34.3479, -10.2021], [34.3479, -10.2063], [34.3521, -10.2104], [34.3521, -10.2396]]}}, {"type": "Feature", "properties": {"order": 5, "discharge": 50.52}, "geometry": {"type": "LineString", "coordinates": [[35.1396, -10.2396], [35.1396, -10.2354]]}}, {"type": "Feature", "properties": {"order": 5, "discharge": 212.72}, "geometry": {"type": "LineString", "coordinates": [[34.3521, -10.2396], [34.3521, -10.2438]]}}, {"type": "Feature", "properties": {"order": 5, "discharge": 86.68}, "geometry": {"type": "LineString", "coordinates": [[35.0271, -10.2021], [35.0229, -10.2063], [35.0187, -10.2063], [35.0021, -10.2229], [35.0021, -10.2271], [35.0062, -10.2271], [35.0104, -10.2313], [35.0021, -10.2396], [34.9979, -10.2396], [34.9937, -10.2438]]}}, {"type": "Feature", "properties": {"order": 5, "discharge": 67.38}, "geometry": {"type": "LineString", "coordinates": [[30.9854, -10.2271], [30.9771, -10.2354], [30.9771, -10.2479], [30.9729, -10.2521]]}}, {"type": "Feature", "properties": {"order": 5, "discharge": 219.19}, "geometry": {"type": "LineString", "coordinates": [[34.3521, -10.2438], [34.3521, -10.2479], [34.3562, -10.2521]]}}, {"type": "Feature", "properties": {"order": 5, "discharge": 219.27}, "geometry": {"type": "LineString", "coordinates": [[34.3562, -10.2521], [34.3562, -10.2563]]}}, {"type": "Feature", "properties": {"order": 5, "discharge": 42.51}, "geometry": {"type": "LineString", "coordinates": [[35.3104, -10.2563], [35.3062, -10.2563], [35.3021, -10.2521], [35.2979, -10.2563], [35.2896, -10.2563]]}}, {"type": "Feature", "properties": {"order": 5, "discharge": 42.31}, "geometry": {"type": "LineString", "coordinates": [[35.3354, -10.2479], [35.3312, -10.2521], [35.3146, -10.2521], [35.3104, -10.2563]]}}, {"type": "Feature", "properties": {"order": 5, "discharge": 50.4}, "geometry": {"type": "LineString", "coordinates": [[35.1521, -10.2604], [35.1396, -10.2479], [35.1396, -10.2396]]}}, {"type": "Feature", "properties": {"order": 5, "discharge": 87.52}, "geometry": {"type": "LineString", "coordinates": [[34.9937, -10.2438], [34.9937, -10.2479], [35.0062, -10.2604], [35.0062, -10.2646]]}}, {"type": "Feature", "properties": {"order": 5, "discharge": 67.57}, "geometry": {"type": "LineString", "coordinates": [[30.9729, -10.2521], [30.9687, -10.2563], [30.9687, -10.2604], [30.9646, -10.2646], [30.9646, -10.2688]]}}, {"type": "Feature", "properties": {"order": 5, "discharge": 87.75}, "geometry": {"type": "LineString", "coordinates": [[35.0062, -10.2646], [35.0021, -10.2688], [34.9937, -10.2688], [34.9896, -10.2646], [34.9854, -10.2688]]}}, {"type": "Feature", "properties": {"order": 5, "discharge": 41.27}, "geometry": {"type": "LineString", "coordinates": [[35.3521, -10.2688], [35.3479, -10.2688], [35.3437, -10.2646], [35.3437, -10.2521], [35.3396, -10.2479], [35.3354, -10.2479]]}}, {"type": "Feature", "properties": {"order": 5, "discharge": 41.1}, "geometry": {"type": "LineString", "coordinates": [[35.3771, -10.2604], [35.3687, -10.2688], [35.3646, -10.2646], [35.3604, -10.2646], [35.3562, -10.2688], [35.3521, -10.2688]]}}, {"type": "Feature", "properties": {"order": 6, "discharge": 168.37}, "geometry": {"type": "LineString", "coordinates": [[31.9979, -10.1979], [31.9979, -10.2104], [31.9937, -10.2146], [31.9937, -10.2271], [31.9896, -10.2313], [31.9896, -10.2354], [31.9854, -10.2396], [31.9854, -10.2521], [31.9812, -10.2563], [31.9812, -10.2604], [31.9771, -10.2646], [31.9771, -10.2729]]}}, {"type": "Feature", "properties": {"order": 5, "discharge": 43.22}, "geometry": {"type": "LineString", "coordinates": [[35.2729, -10.2771], [35.2687, -10.2771]]}}, {"type": "Feature", "properties": {"order": 5, "discharge": 42.76}, "geometry": {"type": "LineString", "coordinates": [[35.2896, -10.2563], [35.2812, -10.2646], [35.2854, -10.2688], [35.2812, -10.2729], [35.2771, -10.2729], [35.2729, -10.2771]]}}, {"type": "Feature", "properties": {"order": 5, "discharge": 87.8}, "geometry": {"type": "LineString", "coordinates": [[34.9854, -10.2688], [34.9854, -10.2729], [34.9896, -10.2771], [34.9896, -10.2813], [34.9854, -10.2854]]}}, {"type": "Feature", "properties": {"order": 5, "discharge": 68.03}, "geometry": {"type": "LineString", "coordinates": [[30.9646, -10.2688], [30.9646, -10.2771], [30.9604, -10.2813], [30.9604, -10.2854], [30.9646, -10.2896]]}}, {"type": "Feature", "properties": {"order": 5, "discharge": 43.41}, "geometry": {"type": "LineString", "coordinates": [[35.2687, -10.2771], [35.2604, -10.2854], [35.2604, -10.2896], [35.2562, -10.2938]]}}, {"type": "Feature", "properties": {"order": 5, "discharge": 68.16}, "geometry": {"type": "LineString", "coordinates": [[30.9646, -10.2896], [30.9646, -10.2938], [30.9604, -10.2979]]}}, {"type": "Feature", "properties": {"order": 5, "discharge": 87.9}, "geometry": {"type": "LineString", "coordinates": [[34.9854, -10.2854], [34.9854, -10.2938], [34.9896, -10.2979], [34.9979, -10.2896], [35.0062, -10.2979]]}}, {"type": "Feature", "properties": {"order": 5, "discharge": 50.02}, "geometry": {"type": "LineString", "coordinates": [[35.1271, -10.2979], [35.1312, -10.2938], [35.1312, -10.2813], [35.1396, -10.2729], [35.1437, -10.2729], [35.1521, -10.2646], [35.1521, -10.2604]]}}, {"type": "Feature", "properties": {"order": 5, "discharge": 68.28}, "geometry": {"type": "LineString", "coordinates": [[30.9604, -10.2979], [30.9604, -10.3063]]}}, {"type": "Feature", "properties": {"order": 5, "discharge": 49.81}, "geometry": {"type": "LineString", "coordinates": [[35.1354, -10.3063], [35.1271, -10.2979]]}}, {"type": "Feature", "properties": {"order": 5, "discharge": 43.96}, "geometry": {"type": "LineString", "coordinates": [[35.2562, -10.2938], [35.2437, -10.2938], [35.2396, -10.2979], [35.2396, -10.3021], [35.2354, -10.3063]]}}, {"type": "Feature", "properties": {"order": 6, "discharge": 187.99}, "geometry": {"type": "LineString", "coordinates": [[31.9771, -10.2729], [31.9729, -10.2771], [31.9729, -10.2813], [31.9646, -10.2896], [31.9521, -10.2896], [31.9479, -10.2938], [31.9396, -10.2938], [31.9354, -10.2979], [31.9312, -10.2979], [31.9271, -10.3021], [31.9187, -10.3021], [31.9104, -10.3104]]}}, {"type": "Feature", "properties": {"order": 5, "discharge": 88.05}, "geometry": {"type": "LineString", "coordinates": [[35.0062, -10.2979], [35.0104, -10.3021], [35.0104, -10.3063], [35.0146, -10.3104]]}}, {"type": "Feature", "properties": {"order": 5, "discharge": 49.43}, "geometry": {"type": "LineString", "coordinates": [[35.1396, -10.3104], [35.1354, -10.3063]]}}, {"type": "Feature", "properties": {"order": 5, "discharge": 88.17}, "geometry": {"type": "LineString", "coordinates": [[35.0146, -10.3104], [35.0104, -10.3146]]}}, {"type": "Feature", "properties": {"order": 5, "discharge": 49.31}, "geometry": {"type": "LineString", "coordinates": [[35.1437, -10.3146], [35.1396, -10.3104]]}}, {"type": "Feature", "properties": {"order": 5, "discharge": 68.47}, "geometry": {"type": "LineString", "coordinates": [[30.9604, -10.3063], [30.9646, -10.3104], [30.9604, -10.3146], [30.9646, -10.3188]]}}, {"type": "Feature", "properties": {"order": 6, "discharge": 189.81}, "geometry": {"type": "LineString", "coordinates": [[31.9104, -10.3104], [31.9021, -10.3188]]}}, {"type": "Feature", "properties": {"order": 5, "discharge": 88.31}, "geometry": {"type": "LineString", "coordinates": [[35.0104, -10.3146], [35.0062, -10.3146], [35.0021, -10.3104], [34.9979, -10.3104], [34.9896, -10.3188]]}}, {"type": "Feature", "properties": {"order": 5, "discharge": 49.03}, "geometry": {"type": "LineString", "coordinates": [[35.1771, -10.3271], [35.1729, -10.3229], [35.1521, -10.3229], [35.1437, -10.3146]]}}, {"type": "Feature", "properties": {"order": 5, "discharge": 44.99}, "geometry": {"type": "LineString", "coordinates": [[35.2354, -10.3063], [35.2312, -10.3063], [35.2271, -10.3104], [35.2229, -10.3104], [35.2187, -10.3146], [35.2146, -10.3146], [35.2104, -10.3188], [35.2104, -10.3229], [35.2062, -10.3271], [35.2021, -10.3229], [35.1896, -10.3229], [35.1854, -10.3271], [35.1812, -10.3229], [35.1771, -10.3271]]}}, {"type": "Feature", "properties": {"order": 6, "discharge": 189.11}, "geometry": {"type": "LineString", "coordinates": [[31.9021, -10.3188], [31.8979, -10.3229], [31.8896, -10.3229], [31.8812, -10.3313], [31.8729, -10.3313]]}}, {"type": "Feature", "properties": {"order": 5, "discharge": 218.08}, "geometry": {"type": "LineString", "coordinates": [[34.3562, -10.2563], [34.3562, -10.2896], [34.3604, -10.2938], [34.3604, -10.3229], [34.3646, -10.3271], [34.3646, -10.3313]]}}, {"type": "Feature", "properties": {"order": 5, "discharge": 69.41}, "geometry": {"type": "LineString", "coordinates": [[30.9646, -10.3188], [30.9687, -10.3188], [30.9771, -10.3104], [30.9812, -10.3146], [30.9812, -10.3188], [30.9854, -10.3229], [30.9812, -10.3271], [30.9812, -10.3313], [30.9854, -10.3354]]}}, {"type": "Feature", "properties": {"order": 6, "discharge": 188.72}, "geometry": {"type": "LineString", "coordinates": [[31.8729, -10.3313], [31.8562, -10.3479]]}}, {"type": "Feature", "properties": {"order": 5, "discharge": 69.66}, "geometry": {"type": "LineString", "coordinates": [[30.9854, -10.3354], [30.9896, -10.3396], [30.9896, -10.3563]]}}, {"type": "Feature", "properties": {"order": 5, "discharge": 222.87}, "geometry": {"type": "LineString", "coordinates": [[34.3646, -10.3313], [34.3646, -10.3604]]}}, {"type": "Feature", "properties": {"order": 5, "discharge": 70.03}, "geometry": {"type": "LineString", "coordinates": [[30.9896, -10.3563], [30.9896, -10.3604], [30.9937, -10.3646], [30.9979, -10.3646], [31.0062, -10.3729], [30.9979, -10.3813], [31.0062, -10.3896]]}}, {"type": "Feature", "properties": {"order": 5, "discharge": 70.66}, "geometry": {"type": "LineString", "coordinates": [[31.0062, -10.3896], [31.0104, -10.3854], [31.0146, -10.3896]]}}, {"type": "Feature", "properties": {"order": 5, "discharge": 105.8}, "geometry": {"type": "LineString", "coordinates": [[34.9896, -10.3188], [34.9854, -10.3146], [34.9771, -10.3146], [34.9729, -10.3188], [34.9729, -10.3229], [34.9687, -10.3271], [34.9604, -10.3271], [34.9187, -10.3688], [34.9146, -10.3646], [34.9062, -10.3646], [34.9021, -10.3688], [34.8937, -10.3688], [34.8896, -10.3729], [34.8896, -10.3771], [34.8854, -10.3813], [34.8812, -10.3813], [34.8771, -10.3854], [34.8729, -10.3854], [34.8687, -10.3896], [34.8604, -10.3896], [34.8562, -10.3938], [34.8521, -10.3938], [34.8479, -10.3979]]}}, {"type": "Feature", "properties": {"order": 5, "discharge": 105.91}, "geometry": {"type": "LineString", "coordinates": [[34.8479, -10.3979], [34.8437, -10.4021]]}}, {"type": "Feature", "properties": {"order": 6, "discharge": 186.89}, "geometry": {"type": "LineString", "coordinates": [[31.8562, -10.3479], [31.8521, -10.3521], [31.8521, -10.3604], [31.8479, -10.3646], [31.8479, -10.3688], [31.8437, -10.3729], [31.8396, -10.3729], [31.8354, -10.3771], [31.8354, -10.3854], [31.8396, -10.3896], [31.8396, -10.3938], [31.8354, -10.3979], [31.8354, -10.4104], [31.8312, -10.4146]]}}, {"type": "Feature", "properties": {"order": 6, "discharge": 188.43}, "geometry": {"type": "LineString", "coordinates": [[31.8312, -10.4146], [31.8271, -10.4188]]}}, {"type": "Feature", "properties": {"order": 5, "discharge": 220.96}, "geometry": {"type": "LineString", "coordinates": [[34.3646, -10.3604], [34.3646, -10.3646], [34.3687, -10.3688], [34.3687, -10.4021], [34.3729, -10.4063], [34.3729, -10.4229]]}}, {"type": "Feature", "properties": {"order": 5, "discharge": 128.83}, "geometry": {"type": "LineString", "coordinates": [[34.8437, -10.4021], [34.8396, -10.4063], [34.8312, -10.4063], [34.8271, -10.4104], [34.8271, -10.4188], [34.8229, -10.4229]]}}, {"type": "Feature", "properties": {"order": 6, "discharge": 188.12}, "geometry": {"type": "LineString", "coordinates": [[31.8271, -10.4188], [31.8229, -10.4229], [31.8229, -10.4271], [31.8187, -10.4313]]}}, {"type": "Feature", "properties": {"order": 5, "discharge": 129.28}, "geometry": {"type": "LineString", "coordinates": [[34.8229, -10.4229], [34.8146, -10.4313]]}}, {"type": "Feature", "properties": {"order": 5, "discharge": 71.54}, "geometry": {"type": "LineString", "coordinates": [[31.0146, -10.3896], [31.0187, -10.3938], [31.0229, -10.3938], [31.0271, -10.3979], [31.0271, -10.4021], [31.0229, -10.4063], [31.0187, -10.4063], [31.0146, -10.4104], [31.0229, -10.4188], [31.0229, -10.4354]]}}, {"type": "Feature", "properties": {"order": 5, "discharge": 220.6}, "geometry": {"type": "LineString", "coordinates": [[34.3729, -10.4229], [34.3729, -10.4354]]}}, {"type": "Feature", "properties": {"order": 5, "discharge": 129.69}, "geometry": {"type": "LineString", "coordinates": [[34.8146, -10.4313], [34.8146, -10.4354], [34.8104, -10.4396], [34.8104, -10.4438], [34.8062, -10.4479]]}}, {"type": "Feature", "properties": {"order": 6, "discharge": 187.56}, "geometry": {"type": "LineString", "coordinates": [[31.8187, -10.4313], [31.8104, -10.4396], [31.8021, -10.4396], [31.7937, -10.4479], [31.7896, -10.4479], [31.7854, -10.4521]]}}, {"type": "Feature", "properties": {"order": 5, "discharge": 72.04}, "geometry": {"type": "LineString", "coordinates": [[31.0229, -10.4354], [31.0396, -10.4521], [31.0354, -10.4563]]}}, {"type": "Feature", "properties": {"order": 6, "discharge": 186.72}, "geometry": {"type": "LineString", "coordinates": [[31.7854, -10.4521], [31.7812, -10.4563], [31.7771, -10.4563], [31.7729, -10.4604], [31.7687, -10.4604], [31.7646, -10.4646], [31.7521, -10.4646]]}}, {"type": "Feature", "properties": {"order": 5, "discharge": 222.31}, "geometry": {"type": "LineString", "coordinates": [[34.3729, -10.4354], [34.3729, -10.4479], [34.3771, -10.4521], [34.3771, -10.4688]]}}, {"type": "Feature", "properties": {"order": 6, "discharge": 185.99}, "geometry": {"type": "LineString", "coordinates": [[31.7521, -10.4646], [31.7437, -10.4646], [31.7354, -10.4729], [31.7312, -10.4729], [31.7271, -10.4771], [31.7229, -10.4771]]}}, {"type": "Feature", "properties": {"order": 5, "discharge": 129.88}, "geometry": {"type": "LineString", "coordinates": [[34.8062, -10.4479], [34.7979, -10.4479], [34.7937, -10.4438], [34.7812, -10.4438], [34.7729, -10.4521], [34.7729, -10.4688], [34.7646, -10.4771]]}}, {"type": "Feature", "properties": {"order": 5, "discharge": 73.05}, "geometry": {"type": "LineString", "coordinates": [[31.0354, -10.4563], [31.0354, -10.4604], [31.0396, -10.4646], [31.0437, -10.4604], [31.0521, -10.4688], [31.0604, -10.4688], [31.0687, -10.4771], [31.0687, -10.4813], [31.0771, -10.4813], [31.0854, -10.4729]]}}, {"type": "Feature", "properties": {"order": 5, "discharge": 73.4}, "geometry": {"type": "LineString", "coordinates": [[31.0854, -10.4729], [31.0896, -10.4729], [31.0979, -10.4813]]}}, {"type": "Feature", "properties": {"order": 6, "discharge": 185.69}, "geometry": {"type": "LineString", "coordinates": [[31.7229, -10.4771], [31.7187, -10.4771], [31.7104, -10.4854]]}}, {"type": "Feature", "properties": {"order": 5, "discharge": 221.51}, "geometry": {"type": "LineString", "coordinates": [[34.3771, -10.4688], [34.3771, -10.4938]]}}, {"type": "Feature", "properties": {"order": 5, "discharge": 130.01}, "geometry": {"type": "LineString", "coordinates": [[34.7646, -10.4771], [34.7646, -10.4854], [34.7604, -10.4896], [34.7604, -10.4938], [34.7562, -10.4979], [34.7521, -10.4979], [34.7479, -10.5021], [34.7437, -10.5021], [34.7396, -10.5063], [34.7354, -10.5063]]}}, {"type": "Feature", "properties": {"order": 6, "discharge": 192.95}, "geometry": {"type": "LineString", "coordinates": [[31.7104, -10.4854], [31.7062, -10.4896], [31.7062, -10.4938], [31.7021, -10.4979], [31.7021, -10.5021], [31.6896, -10.5146], [31.6812, -10.5146]]}}, {"type": "Feature", "properties": {"order": 5, "discharge": 130.41}, "geometry": {"type": "LineString", "coordinates": [[34.7354, -10.5063], [34.7312, -10.5063], [34.7229, -10.5146], [34.7187, -10.5104], [34.7104, -10.5104], [34.7062, -10.5146]]}}, {"type": "Feature", "properties": {"order": 7, "discharge": 2286.07}, "geometry": {"type": "LineString", "coordinates": [[40.3937, -10.5146], [40.3979, -10.5104]]}}, {"type": "Feature", "properties": {"order": 6, "discharge": 193.12}, "geometry": {"type": "LineString", "coordinates": [[31.6812, -10.5146], [31.6771, -10.5188]]}}, {"type": "Feature", "properties": {"order": 6, "discharge": 203.06}, "geometry": {"type": "LineString", "coordinates": [[31.6771, -10.5188], [31.6729, -10.5229], [31.6687, -10.5229], [31.6646, -10.5271], [31.6437, -10.5271]]}}, {"type": "Feature", "properties": {"order": 5, "discharge": 74.0}, "geometry": {"type": "LineString", "coordinates": [[31.0979, -10.4813], [31.1104, -10.4938], [31.1104, -10.4979], [31.1187, -10.5063], [31.1312, -10.4938], [31.1354, -10.4979], [31.1354, -10.5146], [31.1396, -10.5188], [31.1396, -10.5229], [31.1479, -10.5313]]}}, {"type": "Feature", "properties": {"order": 5, "discharge": 130.65}, "geometry": {"type": "LineString", "coordinates": [[34.7062, -10.5146], [34.7021, -10.5188], [34.7021, -10.5229], [34.6937, -10.5313]]}}, {"type": "Feature", "properties": {"order": 6, "discharge": 203.46}, "geometry": {"type": "LineString", "coordinates": [[31.6437, -10.5271], [31.6354, -10.5271], [31.6271, -10.5354]]}}, {"type": "Feature", "properties": {"order": 5, "discharge": 131.5}, "geometry": {"type": "LineString", "coordinates": [[34.6479, -10.5354], [34.6396, -10.5354], [34.6354, -10.5313], [34.6312, -10.5313], [34.6271, -10.5354], [34.6187, -10.5354], [34.6146, -10.5313], [34.6104, -10.5313], [34.6062, -10.5354], [34.6021, -10.5354], [34.5937, -10.5271], [34.5854, -10.5354], [34.5687, -10.5354]]}}, {"type": "Feature", "properties": {"order": 5, "discharge": 131.1}, "geometry": {"type": "LineString", "coordinates": [[34.6937, -10.5313], [34.6896, -10.5313], [34.6854, -10.5354], [34.6479, -10.5354]]}}, {"type": "Feature", "properties": {"order": 6, "discharge": 203.69}, "geometry": {"type": "LineString", "coordinates": [[31.6271, -10.5354], [31.6229, -10.5396], [31.6104, -10.5396]]}}, {"type": "Feature", "properties": {"order": 6, "discharge": 204.96}, "geometry": {"type": "LineString", "coordinates": [[31.6104, -10.5396], [31.6062, -10.5438]]}}, {"type": "Feature", "properties": {"order": 7, "discharge": 2285.42}, "geometry": {"type": "LineString", "coordinates": [[40.3771, -10.5438], [40.3854, -10.5354], [40.3854, -10.5229], [40.3937, -10.5146]]}}, {"type": "Feature", "properties": {"order": 5, "discharge": 222.66}, "geometry": {"type": "LineString", "coordinates": [[34.3771, -10.4938], [34.3771, -10.4979], [34.3812, -10.5021], [34.3812, -10.5479], [34.3854, -10.5521]]}}, {"type": "Feature", "properties": {"order": 6, "discharge": 205.34}, "geometry": {"type": "LineString", "coordinates": [[31.6062, -10.5438], [31.6021, -10.5438], [31.5979, -10.5479], [31.5937, -10.5479], [31.5854, -10.5563]]}}, {"type": "Feature", "properties": {"order": 6, "discharge": 205.5}, "geometry": {"type": "LineString", "coordinates": [[31.5854, -10.5563], [31.5812, -10.5604]]}}, {"type": "Feature", "properties": {"order": 5, "discharge": 134.38}, "geometry": {"type": "LineString", "coordinates": [[34.5687, -10.5354], [34.5646, -10.5354], [34.5396, -10.5604]]}}, {"type": "Feature", "properties": {"order": 6, "discharge": 212.72}, "geometry": {"type": "LineString", "coordinates": [[31.5604, -10.5729], [31.5521, -10.5729], [31.5479, -10.5688], [31.5312, -10.5688], [31.5271, -10.5646]]}}, {"type": "Feature", "properties": {"order": 6, "discharge": 212.43}, "geometry": {"type": "LineString", "coordinates": [[31.5812, -10.5604], [31.5771, -10.5646], [31.5729, -10.5646], [31.5646, -10.5729], [31.5604, -10.5729]]}}, {"type": "Feature", "properties": {"order": 5, "discharge": 222.13}, "geometry": {"type": "LineString", "coordinates": [[34.3854, -10.5521], [34.3854, -10.5729]]}}, {"type": "Feature", "properties": {"order": 7, "discharge": 2284.58}, "geometry": {"type": "LineString", "coordinates": [[40.3187, -10.5688], [40.3312, -10.5688], [40.3354, -10.5729], [40.3479, -10.5729]]}}, {"type": "Feature", "properties": {"order": 7, "discharge": 2284.95}, "geometry": {"type": "LineString", "coordinates": [[40.3479, -10.5729], [40.3562, -10.5729], [40.3604, -10.5688], [40.3604, -10.5646], [40.3771, -10.5479], [40.3771, -10.5438]]}}, {"type": "Feature", "properties": {"order": 6, "discharge": 226.55}, "geometry": {"type": "LineString", "coordinates": [[31.4646, -10.5688], [31.4562, -10.5771], [31.4521, -10.5771], [31.4479, -10.5813]]}}, {"type": "Feature", "properties": {"order": 6, "discharge": 217.32}, "geometry": {"type": "LineString", "coordinates": [[31.5271, -10.5646], [31.5104, -10.5813]]}}, {"type": "Feature", "properties": {"order": 7, "discharge": 2284.76}, "geometry": {"type": "LineString", "coordinates": [[40.2854, -10.5813], [40.2979, -10.5813]]}}, {"type": "Feature", "properties": {"order": 7, "discharge": 2284.75}, "geometry": {"type": "LineString", "coordinates": [[40.2979, -10.5813], [40.3021, -10.5813], [40.3104, -10.5729], [40.3146, -10.5729], [40.3187, -10.5688]]}}, {"type": "Feature", "properties": {"order": 5, "discharge": 78.95}, "geometry": {"type": "LineString", "coordinates": [[31.1479, -10.5313], [31.1479, -10.5354], [31.1521, -10.5396], [31.1604, -10.5396], [31.1646, -10.5438], [31.1646, -10.5479], [31.1604, -10.5521], [31.1646, -10.5563], [31.1646, -10.5646], [31.1687, -10.5688], [31.1687, -10.5729], [31.1562, -10.5854]]}}, {"type": "Feature", "properties": {"order": 6, "discharge": 218.01}, "geometry": {"type": "LineString", "coordinates": [[31.5021, -10.5854], [31.4854, -10.5688], [31.4646, -10.5688]]}}, {"type": "Feature", "properties": {"order": 6, "discharge": 217.6}, "geometry": {"type": "LineString", "coordinates": [[31.5104, -10.5813], [31.5062, -10.5854], [31.5021, -10.5854]]}}, {"type": "Feature", "properties": {"order": 5, "discharge": 79.9}, "geometry": {"type": "LineString", "coordinates": [[31.1562, -10.5854], [31.1562, -10.5896]]}}, {"type": "Feature", "properties": {"order": 6, "discharge": 226.76}, "geometry": {"type": "LineString", "coordinates": [[31.4479, -10.5813], [31.4396, -10.5896]]}}, {"type": "Feature", "properties": {"order": 5, "discharge": 135.97}, "geometry": {"type": "LineString", "coordinates": [[34.5396, -10.5604], [34.5104, -10.5896]]}}, {"type": "Feature", "properties": {"order": 6, "discharge": 228.75}, "geometry": {"type": "LineString", "coordinates": [[31.4396, -10.5896], [31.4312, -10.5979], [31.4229, -10.5979], [31.4187, -10.6021]]}}, {"type": "Feature", "properties": {"order": 7, "discharge": 2284.5}, "geometry": {"type": "LineString", "coordinates": [[40.2479, -10.6021], [40.2521, -10.6021], [40.2604, -10.5938], [40.2646, -10.5938], [40.2687, -10.5896], [40.2729, -10.5896], [40.2812, -10.5813], [40.2854, -10.5813]]}}, {"type": "Feature", "properties": {"order": 6, "discharge": 229.28}, "geometry": {"type": "LineString", "coordinates": [[31.4187, -10.6021], [31.4146, -10.6063], [31.4104, -10.6063]]}}, {"type": "Feature", "properties": {"order": 7, "discharge": 2284.55}, "geometry": {"type": "LineString", "coordinates": [[40.2437, -10.6063], [40.2479, -10.6021]]}}, {"type": "Feature", "properties": {"order": 6, "discharge": 229.56}, "geometry": {"type": "LineString", "coordinates": [[31.4104, -10.6063], [31.3896, -10.6063], [31.3812, -10.6146], [31.3729, -10.6146]]}}, {"type": "Feature", "properties": {"order": 5, "discharge": 220.87}, "geometry": {"type": "LineString", "coordinates": [[34.3854, -10.5729], [34.3854, -10.5979], [34.3896, -10.6021], [34.3896, -10.6146]]}}, {"type": "Feature", "properties": {"order": 6, "discharge": 231.51}, "geometry": {"type": "LineString", "coordinates": [[31.3729, -10.6146], [31.3687, -10.6146], [31.3646, -10.6188]]}}, {"type": "Feature", "properties": {"order": 7, "discharge": 2284.01}, "geometry": {"type": "LineString", "coordinates": [[40.2187, -10.6271], [40.2229, -10.6229], [40.2229, -10.6188], [40.2354, -10.6063], [40.2437, -10.6063]]}}, {"type": "Feature", "properties": {"order": 5, "discharge": 80.33}, "geometry": {"type": "LineString", "coordinates": [[31.1562, -10.5896], [31.1562, -10.6104], [31.1521, -10.6146], [31.1604, -10.6229], [31.1604, -10.6271], [31.1562, -10.6313]]}}, {"type": "Feature", "properties": {"order": 5, "discharge": 220.22}, "geometry": {"type": "LineString", "coordinates": [[34.3896, -10.6146], [34.3896, -10.6354]]}}, {"type": "Feature", "properties": {"order": 5, "discharge": 221.23}, "geometry": {"type": "LineString", "coordinates": [[34.3896, -10.6354], [34.3896, -10.6396]]}}, {"type": "Feature", "properties": {"order": 6, "discharge": 237.75}, "geometry": {"type": "LineString", "coordinates": [[31.3646, -10.6188], [31.3479, -10.6188], [31.3437, -10.6229], [31.3437, -10.6313], [31.3396, -10.6354], [31.3396, -10.6396], [31.3437, -10.6438], [31.3437, -10.6521], [31.3396, -10.6563], [31.3271, -10.6563]]}}, {"type": "Feature", "properties": {"order": 5, "discharge": 225.86}, "geometry": {"type": "LineString", "coordinates": [[34.3896, -10.6396], [34.3896, -10.6479], [34.3937, -10.6521], [34.3937, -10.6563]]}}, {"type": "Feature", "properties": {"order": 5, "discharge": 80.74}, "geometry": {"type": "LineString", "coordinates": [[31.1562, -10.6313], [31.1562, -10.6396], [31.1604, -10.6438], [31.1604, -10.6479], [31.1479, -10.6604], [31.1479, -10.6646]]}}, {"type": "Feature", "properties": {"order": 7, "discharge": 2280.0}, "geometry": {"type": "LineString", "coordinates": [[40.1729, -10.6646], [40.1729, -10.6604], [40.1771, -10.6563], [40.1771, -10.6521], [40.1812, -10.6479], [40.1979, -10.6479], [40.2187, -10.6271]]}}, {"type": "Feature", "properties": {"order": 7, "discharge": 2279.39}, "geometry": {"type": "LineString", "coordinates": [[40.1604, -10.6771], [40.1646, -10.6729], [40.1687, -10.6729], [40.1729, -10.6688], [40.1729, -10.6646]]}}, {"type": "Feature", "properties": {"order": 5, "discharge": 26.92}, "geometry": {"type": "LineString", "coordinates": [[37.2312, -10.6646], [37.2396, -10.6646], [37.2479, -10.6729], [37.2479, -10.6771], [37.2521, -10.6813], [37.2562, -10.6813], [37.2604, -10.6771], [37.2812, -10.6771]]}}, {"type": "Feature", "properties": {"order": 5, "discharge": 82.24}, "geometry": {"type": "LineString", "coordinates": [[31.1479, -10.6646], [31.1479, -10.6813], [31.1437, -10.6854]]}}, {"type": "Feature", "properties": {"order": 5, "discharge": 134.82}, "geometry": {"type": "LineString", "coordinates": [[34.5104, -10.5896], [34.4062, -10.6938]]}}, {"type": "Feature", "properties": {"order": 5, "discharge": 224.29}, "geometry": {"type": "LineString", "coordinates": [[34.3937, -10.6563], [34.3937, -10.6979], [34.3979, -10.7021]]}}, {"type": "Feature", "properties": {"order": 5, "discharge": 135.77}, "geometry": {"type": "LineString", "coordinates": [[34.4062, -10.6938], [34.3979, -10.7021]]}}, {"type": "Feature", "properties": {"order": 6, "discharge": 238.81}, "geometry": {"type": "LineString", "coordinates": [[31.3271, -10.6563], [31.3187, -10.6563], [31.3104, -10.6646], [31.3104, -10.6979], [31.3187, -10.7063]]}}, {"type": "Feature", "properties": {"order": 5, "discharge": 30.52}, "geometry": {"type": "LineString", "coordinates": [[37.2812, -10.6771], [37.3104, -10.6771], [37.3146, -10.6813], [37.3187, -10.6813], [37.3271, -10.6896], [37.3312, -10.6896], [37.3354, -10.6938], [37.3396, -10.6938], [37.3437, -10.6979], [37.3604, -10.6979], [37.3646, -10.7021], [37.3687, -10.7021], [37.3729, -10.7063], [37.3729, -10.7104], [37.3771, -10.7146], [37.3854, -10.7146]]}}, {"type": "Feature", "properties": {"order": 7, "discharge": 2279.4}, "geometry": {"type": "LineString", "coordinates": [[40.1104, -10.7188], [40.1229, -10.7188], [40.1437, -10.6979], [40.1437, -10.6938], [40.1604, -10.6771]]}}, {"type": "Feature", "properties": {"order": 5, "discharge": 26.96}, "geometry": {"type": "LineString", "coordinates": [[29.6479, -10.7146], [29.6562, -10.7146], [29.6604, -10.7188], [29.6771, -10.7188], [29.6812, -10.7229]]}}, {"type": "Feature", "properties": {"order": 5, "discharge": 30.84}, "geometry": {"type": "LineString", "coordinates": [[37.3854, -10.7146], [37.3896, -10.7188], [37.3937, -10.7188], [37.3979, -10.7229], [37.4021, -10.7229]]}}, {"type": "Feature", "properties": {"order": 7, "discharge": 2279.49}, "geometry": {"type": "LineString", "coordinates": [[40.1062, -10.7229], [40.1104, -10.7188]]}}, {"type": "Feature", "properties": {"order": 6, "discharge": 242.37}, "geometry": {"type": "LineString", "coordinates": [[31.2104, -10.7229], [31.1979, -10.7229], [31.1937, -10.7271]]}}, {"type": "Feature", "properties": {"order": 6, "discharge": 242.2}, "geometry": {"type": "LineString", "coordinates": [[31.2521, -10.7229], [31.2479, -10.7229], [31.2437, -10.7271], [31.2187, -10.7271], [31.2146, -10.7229], [31.2104, -10.7229]]}}, {"type": "Feature", "properties": {"order": 6, "discharge": 241.45}, "geometry": {"type": "LineString", "coordinates": [[31.2604, -10.7271], [31.2562, -10.7271], [31.2521, -10.7229]]}}, {"type": "Feature", "properties": {"order": 6, "discharge": 239.39}, "geometry": {"type": "LineString", "coordinates": [[31.3187, -10.7063], [31.3187, -10.7104], [31.3146, -10.7146], [31.3104, -10.7146], [31.3021, -10.7229], [31.2979, -10.7229], [31.2937, -10.7271]]}}, {"type": "Feature", "properties": {"order": 5, "discharge": 39.13}, "geometry": {"type": "LineString", "coordinates": [[37.4021, -10.7229], [37.4062, -10.7271]]}}, {"type": "Feature", "properties": {"order": 5, "discharge": 27.82}, "geometry": {"type": "LineString", "coordinates": [[29.6812, -10.7229], [29.6854, -10.7271], [29.6854, -10.7313], [29.6896, -10.7354], [29.6937, -10.7354], [29.6979, -10.7396]]}}, {"type": "Feature", "properties": {"order": 6, "discharge": 241.2}, "geometry": {"type": "LineString", "coordinates": [[31.2771, -10.7396], [31.2729, -10.7396], [31.2604, -10.7271]]}}, {"type": "Feature", "properties": {"order": 6, "discharge": 239.89}, "geometry": {"type": "LineString", "coordinates": [[31.2937, -10.7271], [31.2812, -10.7396], [31.2771, -10.7396]]}}, {"type": "Feature", "properties": {"order": 5, "discharge": 28.23}, "geometry": {"type": "LineString", "coordinates": [[29.6979, -10.7396], [29.7021, -10.7396], [29.7062, -10.7438], [29.7271, -10.7438]]}}, {"type": "Feature", "properties": {"order": 5, "discharge": 40.45}, "geometry": {"type": "LineString", "coordinates": [[37.4062, -10.7271], [37.4104, -10.7313], [37.4104, -10.7396], [37.4146, -10.7438]]}}, {"type": "Feature", "properties": {"order": 7, "discharge": 2279.34}, "geometry": {"type": "LineString", "coordinates": [[40.0687, -10.7479], [40.0771, -10.7479], [40.0812, -10.7438], [40.0812, -10.7396], [40.0979, -10.7229], [40.1062, -10.7229]]}}, {"type": "Feature", "properties": {"order": 5, "discharge": 28.39}, "geometry": {"type": "LineString", "coordinates": [[29.7271, -10.7438], [29.7354, -10.7521]]}}, {"type": "Feature", "properties": {"order": 5, "discharge": 82.88}, "geometry": {"type": "LineString", "coordinates": [[31.1437, -10.6854], [31.1479, -10.6896], [31.1396, -10.6979], [31.1312, -10.6979], [31.1271, -10.7021], [31.1271, -10.7271], [31.1021, -10.7521]]}}, {"type": "Feature", "properties": {"order": 7, "discharge": 2279.38}, "geometry": {"type": "LineString", "coordinates": [[40.0646, -10.7521], [40.0687, -10.7479]]}}, {"type": "Feature", "properties": {"order": 5, "discharge": 38.03}, "geometry": {"type": "LineString", "coordinates": [[34.1271, -10.7604], [34.1312, -10.7563]]}}, {"type": "Feature", "properties": {"order": 5, "discharge": 37.17}, "geometry": {"type": "LineString", "coordinates": [[34.2229, -10.7646], [34.3021, -10.7646]]}}, {"type": "Feature", "properties": {"order": 5, "discharge": 37.3}, "geometry": {"type": "LineString", "coordinates": [[34.3021, -10.7646], [34.3104, -10.7646]]}}, {"type": "Feature", "properties": {"order": 5, "discharge": 37.49}, "geometry": {"type": "LineString", "coordinates": [[34.3104, -10.7646], [34.3604, -10.7646]]}}, {"type": "Feature", "properties": {"order": 6, "discharge": 356.55}, "geometry": {"type": "LineString", "coordinates": [[34.3979, -10.7021], [34.3979, -10.7479], [34.4021, -10.7521], [34.4021, -10.7646]]}}, {"type": "Feature", "properties": {"order": 5, "discharge": 41.4}, "geometry": {"type": "LineString", "coordinates": [[37.4146, -10.7438], [37.4146, -10.7479], [37.4187, -10.7521], [37.4187, -10.7563], [37.4229, -10.7604], [37.4271, -10.7604], [37.4312, -10.7646]]}}, {"type": "Feature", "properties": {"order": 5, "discharge": 28.74}, "geometry": {"type": "LineString", "coordinates": [[29.7354, -10.7521], [29.7479, -10.7646], [29.7521, -10.7646], [29.7562, -10.7688]]}}, {"type": "Feature", "properties": {"order": 5, "discharge": 37.29}, "geometry": {"type": "LineString", "coordinates": [[34.3604, -10.7646], [34.3979, -10.7646], [34.4021, -10.7688]]}}, {"type": "Feature", "properties": {"order": 6, "discharge": 356.36}, "geometry": {"type": "LineString", "coordinates": [[34.4021, -10.7646], [34.4021, -10.7688]]}}, {"type": "Feature", "properties": {"order": 5, "discharge": 29.65}, "geometry": {"type": "LineString", "coordinates": [[29.7562, -10.7688], [29.7604, -10.7729], [29.7687, -10.7729]]}}, {"type": "Feature", "properties": {"order": 5, "discharge": 37.85}, "geometry": {"type": "LineString", "coordinates": [[34.1312, -10.7563], [34.1396, -10.7479], [34.1562, -10.7479], [34.1604, -10.7521], [34.1604, -10.7604], [34.1687, -10.7688], [34.1687, -10.7729]]}}, {"type": "Feature", "properties": {"order": 5, "discharge": 37.59}, "geometry": {"type": "LineString", "coordinates": [[34.1687, -10.7729], [34.1729, -10.7729], [34.1771, -10.7688], [34.1812, -10.7729], [34.1896, -10.7646], [34.2229, -10.7646]]}}, {"type": "Feature", "properties": {"order": 6, "discharge": 393.1}, "geometry": {"type": "LineString", "coordinates": [[34.4021, -10.7688], [34.4021, -10.7771]]}}, {"type": "Feature", "properties": {"order": 7, "discharge": 2279.27}, "geometry": {"type": "LineString", "coordinates": [[40.0437, -10.7771], [40.0521, -10.7688], [40.0521, -10.7646], [40.0646, -10.7521]]}}, {"type": "Feature", "properties": {"order": 5, "discharge": 83.17}, "geometry": {"type": "LineString", "coordinates": [[31.1021, -10.7521], [31.0979, -10.7521], [31.0979, -10.7563], [31.0937, -10.7604], [31.0937, -10.7813]]}}, {"type": "Feature", "properties": {"order": 7, "discharge": 2279.01}, "geometry": {"type": "LineString", "coordinates": [[40.0354, -10.7854], [40.0437, -10.7771]]}}, {"type": "Feature", "properties": {"order": 5, "discharge": 44.31}, "geometry": {"type": "LineString", "coordinates": [[29.7687, -10.7729], [29.7729, -10.7771], [29.7771, -10.7771], [29.7854, -10.7854], [29.7896, -10.7854], [29.7937, -10.7896]]}}, {"type": "Feature", "properties": {"order": 6, "discharge": 243.18}, "geometry": {"type": "LineString", "coordinates": [[31.1937, -10.7271], [31.1854, -10.7271], [31.1812, -10.7313], [31.1771, -10.7313], [31.1729, -10.7354], [31.1687, -10.7354], [31.1604, -10.7438], [31.1562, -10.7438], [31.1437, -10.7563], [31.1437, -10.7688], [31.1479, -10.7729], [31.1521, -10.7729], [31.1562, -10.7771], [31.1562, -10.7938]]}}, {"type": "Feature", "properties": {"order": 5, "discharge": 42.1}, "geometry": {"type": "LineString", "coordinates": [[37.4312, -10.7646], [37.4396, -10.7729], [37.4479, -10.7729], [37.4521, -10.7771], [37.4562, -10.7771], [37.4729, -10.7938]]}}, {"type": "Feature", "properties": {"order": 6, "discharge": 392.18}, "geometry": {"type": "LineString", "coordinates": [[34.4021, -10.7771], [34.4021, -10.7813], [34.4062, -10.7854], [34.4062, -10.7979]]}}, {"type": "Feature", "properties": {"order": 5, "discharge": 42.93}, "geometry": {"type": "LineString", "coordinates": [[37.4729, -10.7938], [37.4771, -10.7979]]}}, {"type": "Feature", "properties": {"order": 7, "discharge": 2278.99}, "geometry": {"type": "LineString", "coordinates": [[40.0229, -10.7979], [40.0354, -10.7854]]}}, {"type": "Feature", "properties": {"order": 5, "discharge": 85.02}, "geometry": {"type": "LineString", "coordinates": [[31.0937, -10.7813], [31.0979, -10.7854], [31.0979, -10.7896], [31.0812, -10.8063], [31.0771, -10.8063], [31.0729, -10.8104], [31.0646, -10.8104], [31.0604, -10.8146]]}}, {"type": "Feature", "properties": {"order": 7, "discharge": 2266.74}, "geometry": {"type": "LineString", "coordinates": [[40.0021, -10.8146], [40.0062, -10.8104], [40.0104, -10.8104], [40.0146, -10.8063], [40.0187, -10.8063], [40.0229, -10.8021], [40.0229, -10.7979]]}}, {"type": "Feature", "properties": {"order": 5, "discharge": 44.97}, "geometry": {"type": "LineString", "coordinates": [[29.7937, -10.7896], [29.8229, -10.8188], [29.8437, -10.8188]]}}, {"type": "Feature", "properties": {"order": 7, "discharge": 2266.54}, "geometry": {"type": "LineString", "coordinates": [[39.9479, -10.8229], [39.9521, -10.8188], [39.9646, -10.8188], [39.9687, -10.8229], [39.9729, -10.8229], [39.9771, -10.8271], [39.9896, -10.8271]]}}, {"type": "Feature", "properties": {"order": 7, "discharge": 2266.74}, "geometry": {"type": "LineString", "coordinates": [[39.9896, -10.8271], [40.0021, -10.8146]]}}, {"type": "Feature", "properties": {"order": 5, "discharge": 43.54}, "geometry": {"type": "LineString", "coordinates": [[37.4771, -10.7979], [37.4771, -10.8229], [37.4812, -10.8271], [37.4771, -10.8313]]}}, {"type": "Feature", "properties": {"order": 5, "discharge": 43.68}, "geometry": {"type": "LineString", "coordinates": [[37.4771, -10.8313], [37.4729, -10.8354]]}}, {"type": "Feature", "properties": {"order": 5, "discharge": 74.28}, "geometry": {"type": "LineString", "coordinates": [[37.4729, -10.8354], [37.4729, -10.8396], [37.4687, -10.8438]]}}, {"type": "Feature", "properties": {"order": 7, "discharge": 2265.89}, "geometry": {"type": "LineString", "coordinates": [[39.8937, -10.8438], [39.9062, -10.8313], [39.9229, -10.8313], [39.9312, -10.8229], [39.9479, -10.8229]]}}, {"type": "Feature", "properties": {"order": 5, "discharge": 85.45}, "geometry": {"type": "LineString", "coordinates": [[31.0604, -10.8146], [31.0521, -10.8229], [31.0604, -10.8313], [31.0604, -10.8396], [31.0479, -10.8521]]}}, {"type": "Feature", "properties": {"order": 6, "discharge": 389.38}, "geometry": {"type": "LineString", "coordinates": [[34.4062, -10.7979], [34.4062, -10.8021], [34.4104, -10.8063], [34.4104, -10.8229], [34.4146, -10.8271], [34.4146, -10.8438], [34.4187, -10.8479], [34.4187, -10.8521]]}}, {"type": "Feature", "properties": {"order": 5, "discharge": 50.34}, "geometry": {"type": "LineString", "coordinates": [[29.8437, -10.8188], [29.8562, -10.8313], [29.8562, -10.8354], [29.8604, -10.8396], [29.8604, -10.8438], [29.8646, -10.8479], [29.8771, -10.8479], [29.8812, -10.8521], [29.8812, -10.8563], [29.8854, -10.8604], [29.9062, -10.8604], [29.9104, -10.8563], [29.9146, -10.8563]]}}, {"type": "Feature", "properties": {"order": 5, "discharge": 50.66}, "geometry": {"type": "LineString", "coordinates": [[29.9146, -10.8563], [29.9187, -10.8604], [29.9187, -10.8646]]}}, {"type": "Feature", "properties": {"order": 7, "discharge": 2264.33}, "geometry": {"type": "LineString", "coordinates": [[39.8646, -10.8688], [39.8687, -10.8688], [39.8937, -10.8438]]}}, {"type": "Feature", "properties": {"order": 5, "discharge": 85.71}, "geometry": {"type": "LineString", "coordinates": [[31.0479, -10.8521], [31.0604, -10.8646], [31.0604, -10.8729], [31.0646, -10.8771]]}}, {"type": "Feature", "properties": {"order": 7, "discharge": 2263.9}, "geometry": {"type": "LineString", "coordinates": [[39.8396, -10.8771], [39.8437, -10.8771], [39.8479, -10.8729], [39.8604, -10.8729], [39.8646, -10.8688]]}}, {"type": "Feature", "properties": {"order": 5, "discharge": 85.48}, "geometry": {"type": "LineString", "coordinates": [[37.4687, -10.8438], [37.4729, -10.8479], [37.4729, -10.8604], [37.4812, -10.8688], [37.4854, -10.8688], [37.4979, -10.8813]]}}, {"type": "Feature", "properties": {"order": 6, "discharge": 244.5}, "geometry": {"type": "LineString", "coordinates": [[31.1562, -10.7938], [31.1604, -10.7979], [31.1646, -10.7979], [31.1729, -10.7896], [31.1771, -10.7896], [31.1812, -10.7854], [31.1896, -10.7854], [31.1979, -10.7938], [31.1979, -10.7979], [31.2104, -10.8104], [31.2104, -10.8146], [31.2021, -10.8229], [31.1979, -10.8229], [31.1937, -10.8271], [31.1854, -10.8188], [31.1604, -10.8188], [31.1521, -10.8271], [31.1521, -10.8396], [31.1562, -10.8438], [31.1604, -10.8438], [31.1812, -10.8646], [31.1812, -10.8688], [31.1854, -10.8729], [31.1854, -10.8771], [31.1771, -10.8854]]}}, {"type": "Feature", "properties": {"order": 5, "discharge": 37.4}, "geometry": {"type": "LineString", "coordinates": [[34.0437, -10.8854], [34.0521, -10.8771], [34.0521, -10.8729], [34.0562, -10.8688], [34.0604, -10.8688], [34.0646, -10.8646], [34.0646, -10.8563], [34.0687, -10.8521], [34.0729, -10.8521], [34.0771, -10.8479], [34.0771, -10.8354], [34.0854, -10.8271], [34.0937, -10.8271], [34.1104, -10.8104], [34.1104, -10.8021], [34.1146, -10.7979], [34.1104, -10.7938], [34.1146, -10.7896], [34.1146, -10.7813], [34.1187, -10.7771], [34.1187, -10.7688], [34.1271, -10.7604]]}}, {"type": "Feature", "properties": {"order": 5, "discharge": 85.96}, "geometry": {"type": "LineString", "coordinates": [[31.0646, -10.8771], [31.0646, -10.8896]]}}, {"type": "Feature", "properties": {"order": 5, "discharge": 37.93}, "geometry": {"type": "LineString", "coordinates": [[34.0396, -10.8896], [34.0437, -10.8854]]}}, {"type": "Feature", "properties": {"order": 5, "discharge": 85.86}, "geometry": {"type": "LineString", "coordinates": [[37.4979, -10.8813], [37.5062, -10.8896]]}}, {"type": "Feature", "properties": {"order": 5, "discharge": 37.69}, "geometry": {"type": "LineString", "coordinates": [[34.0062, -10.8979], [34.0271, -10.8979]]}}, {"type": "Feature", "properties": {"order": 5, "discharge": 37.66}, "geometry": {"type": "LineString", "coordinates": [[34.0271, -10.8979], [34.0312, -10.8979], [34.0396, -10.8896]]}}, {"type": "Feature", "properties": {"order": 6, "discharge": 396.03}, "geometry": {"type": "LineString", "coordinates": [[34.4187, -10.8521], [34.4187, -10.8646], [34.4229, -10.8688], [34.4229, -10.8854], [34.4271, -10.8896], [34.4271, -10.8979]]}}, {"type": "Feature", "properties": {"order": 5, "discharge": 86.07}, "geometry": {"type": "LineString", "coordinates": [[37.5062, -10.8896], [37.5104, -10.8938], [37.5146, -10.8938], [37.5187, -10.8979]]}}, {"type": "Feature", "properties": {"order": 6, "discharge": 246.85}, "geometry": {"type": "LineString", "coordinates": [[31.1771, -10.8854], [31.1604, -10.9021]]}}, {"type": "Feature", "properties": {"order": 7, "discharge": 2262.41}, "geometry": {"type": "LineString", "coordinates": [[39.7937, -10.8979], [39.8062, -10.8979], [39.8104, -10.9021]]}}, {"type": "Feature", "properties": {"order": 7, "discharge": 2262.77}, "geometry": {"type": "LineString", "coordinates": [[39.8104, -10.9021], [39.8146, -10.8979], [39.8187, -10.8979], [39.8229, -10.8938], [39.8271, -10.8938], [39.8354, -10.8854], [39.8354, -10.8813], [39.8396, -10.8771]]}}, {"type": "Feature", "properties": {"order": 5, "discharge": 87.15}, "geometry": {"type": "LineString", "coordinates": [[32.8396, -10.8896], [32.8396, -10.9021], [32.8437, -10.9063]]}}, {"type": "Feature", "properties": {"order": 5, "discharge": 87.7}, "geometry": {"type": "LineString", "coordinates": [[32.8437, -10.9063], [32.8437, -10.9104]]}}, {"type": "Feature", "properties": {"order": 5, "discharge": 37.58}, "geometry": {"type": "LineString", "coordinates": [[33.9854, -10.9104], [33.9937, -10.9021], [34.0021, -10.9021], [34.0062, -10.8979]]}}, {"type": "Feature", "properties": {"order": 6, "discharge": 247.06}, "geometry": {"type": "LineString", "coordinates": [[31.1604, -10.9021], [31.1604, -10.9063], [31.1562, -10.9104], [31.1562, -10.9188]]}}, {"type": "Feature", "properties": {"order": 5, "discharge": 87.78}, "geometry": {"type": "LineString", "coordinates": [[32.8437, -10.9104], [32.8437, -10.9188]]}}, {"type": "Feature", "properties": {"order": 5, "discharge": 87.27}, "geometry": {"type": "LineString", "coordinates": [[37.5187, -10.8979], [37.5312, -10.8979], [37.5354, -10.9021], [37.5396, -10.9021], [37.5562, -10.9188], [37.5729, -10.9188]]}}, {"type": "Feature", "properties": {"order": 7, "discharge": 2262.18}, "geometry": {"type": "LineString", "coordinates": [[39.7771, -10.9188], [39.7854, -10.9104], [39.7854, -10.9063], [39.7937, -10.8979]]}}, {"type": "Feature", "properties": {"order": 5, "discharge": 86.33}, "geometry": {"type": "LineString", "coordinates": [[31.0646, -10.8896], [31.0729, -10.8979], [31.0729, -10.9063], [31.0687, -10.9104], [31.0687, -10.9146], [31.0646, -10.9188], [31.0646, -10.9229]]}}, {"type": "Feature", "properties": {"order": 7, "discharge": 2259.26}, "geometry": {"type": "LineString", "coordinates": [[39.7229, -10.9354], [39.7271, -10.9313], [39.7437, -10.9313], [39.7479, -10.9271], [39.7604, -10.9271], [39.7646, -10.9229], [39.7729, -10.9229], [39.7771, -10.9188]]}}, {"type": "Feature", "properties": {"order": 6, "discharge": 368.32}, "geometry": {"type": "LineString", "coordinates": [[31.0146, -10.9229], [31.0104, -10.9229], [30.9937, -10.9396]]}}, {"type": "Feature", "properties": {"order": 5, "discharge": 89.46}, "geometry": {"type": "LineString", "coordinates": [[32.8437, -10.9188], [32.8437, -10.9229], [32.8479, -10.9271], [32.8521, -10.9271], [32.8521, -10.9354], [32.8562, -10.9396]]}}, {"type": "Feature", "properties": {"order": 5, "discharge": 37.59}, "geometry": {"type": "LineString", "coordinates": [[33.9646, -10.9396], [33.9687, -10.9354], [33.9729, -10.9354], [33.9729, -10.9313], [33.9854, -10.9188], [33.9854, -10.9104]]}}, {"type": "Feature", "properties": {"order": 7, "discharge": 2247.9}, "geometry": {"type": "LineString", "coordinates": [[39.6604, -10.9438], [39.6646, -10.9396], [39.6687, -10.9396], [39.6729, -10.9354], [39.6771, -10.9354]]}}, {"type": "Feature", "properties": {"order": 7, "discharge": 2248.45}, "geometry": {"type": "LineString", "coordinates": [[39.6771, -10.9354], [39.6854, -10.9438], [39.6896, -10.9438]]}}, {"type": "Feature", "properties": {"order": 7, "discharge": 2258.81}, "geometry": {"type": "LineString", "coordinates": [[39.6896, -10.9438], [39.7062, -10.9438], [39.7104, -10.9396], [39.7187, -10.9396], [39.7229, -10.9354]]}}, {"type": "Feature", "properties": {"order": 6, "discharge": 248.34}, "geometry": {"type": "LineString", "coordinates": [[31.1562, -10.9188], [31.1479, -10.9271], [31.1437, -10.9271], [31.1187, -10.9521]]}}, {"type": "Feature", "properties": {"order": 7, "discharge": 2247.54}, "geometry": {"type": "LineString", "coordinates": [[39.6021, -10.9521], [39.6062, -10.9479], [39.6396, -10.9479], [39.6437, -10.9438], [39.6604, -10.9438]]}}, {"type": "Feature", "properties": {"order": 5, "discharge": 52.01}, "geometry": {"type": "LineString", "coordinates": [[29.9187, -10.8646], [29.9187, -10.8813], [29.9146, -10.8854], [29.9146, -10.8896], [29.9104, -10.8938], [29.9104, -10.8979], [29.9021, -10.9063], [29.9021, -10.9104], [29.8979, -10.9146], [29.8979, -10.9563]]}}, {"type": "Feature", "properties": {"order": 6, "discharge": 368.08}, "geometry": {"type": "LineString", "coordinates": [[31.0479, -10.9563], [31.0437, -10.9563], [31.0354, -10.9479], [31.0312, -10.9479], [31.0271, -10.9438], [31.0187, -10.9438], [31.0146, -10.9396], [31.0146, -10.9354], [31.0271, -10.9229], [31.0229, -10.9188], [31.0187, -10.9188], [31.0146, -10.9229]]}}, {"type": "Feature", "properties": {"order": 6, "discharge": 366.87}, "geometry": {"type": "LineString", "coordinates": [[31.0646, -10.9229], [31.0604, -10.9271], [31.0646, -10.9313], [31.0646, -10.9438], [31.0604, -10.9479], [31.0562, -10.9479], [31.0479, -10.9563]]}}, {"type": "Feature", "properties": {"order": 5, "discharge": 37.52}, "geometry": {"type": "LineString", "coordinates": [[33.9562, -10.9563], [33.9604, -10.9521], [33.9604, -10.9438], [33.9646, -10.9396]]}}, {"type": "Feature", "properties": {"order": 5, "discharge": 90.11}, "geometry": {"type": "LineString", "coordinates": [[32.8562, -10.9396], [32.8604, -10.9438], [32.8604, -10.9563], [32.8646, -10.9604]]}}, {"type": "Feature", "properties": {"order": 5, "discharge": 37.12}, "geometry": {"type": "LineString", "coordinates": [[33.9521, -10.9604], [33.9562, -10.9563]]}}, {"type": "Feature", "properties": {"order": 6, "discharge": 280.42}, "geometry": {"type": "LineString", "coordinates": [[31.0896, -10.9646], [31.0812, -10.9646], [31.0771, -10.9604], [31.0771, -10.9563], [31.0729, -10.9521], [31.0812, -10.9438], [31.0812, -10.9313], [31.0771, -10.9271], [31.0729, -10.9271], [31.0687, -10.9229], [31.0646, -10.9229]]}}, {"type": "Feature", "properties": {"order": 6, "discharge": 279.4}, "geometry": {"type": "LineString", "coordinates": [[31.1021, -10.9646], [31.0896, -10.9646]]}}, {"type": "Feature", "properties": {"order": 6, "discharge": 248.62}, "geometry": {"type": "LineString", "coordinates": [[31.1187, -10.9521], [31.1104, -10.9604], [31.1062, -10.9604], [31.1021, -10.9646]]}}, {"type": "Feature", "properties": {"order": 7, "discharge": 2246.45}, "geometry": {"type": "LineString", "coordinates": [[39.5896, -10.9646], [39.6021, -10.9521]]}}, {"type": "Feature", "properties": {"order": 6, "discharge": 391.88}, "geometry": {"type": "LineString", "coordinates": [[34.4271, -10.8979], [34.4271, -10.9063], [34.4312, -10.9104], [34.4312, -10.9271], [34.4354, -10.9313], [34.4354, -10.9479], [34.4396, -10.9521], [34.4396, -10.9688]]}}, {"type": "Feature", "properties": {"order": 5, "discharge": 52.28}, "geometry": {"type": "LineString", "coordinates": [[29.8979, -10.9563], [29.8979, -10.9771]]}}, {"type": "Feature", "properties": {"order": 5, "discharge": 88.92}, "geometry": {"type": "LineString", "coordinates": [[37.5729, -10.9188], [37.5771, -10.9229], [37.5729, -10.9271], [37.5729, -10.9354], [37.5812, -10.9438], [37.5771, -10.9479], [37.5854, -10.9563], [37.5896, -10.9563], [37.5937, -10.9604], [37.5979, -10.9604], [37.6062, -10.9688], [37.5979, -10.9771]]}}, {"type": "Feature", "properties": {"order": 5, "discharge": 90.49}, "geometry": {"type": "LineString", "coordinates": [[32.8646, -10.9604], [32.8687, -10.9646], [32.8646, -10.9688], [32.8646, -10.9771], [32.8604, -10.9813]]}}, {"type": "Feature", "properties": {"order": 5, "discharge": 90.26}, "geometry": {"type": "LineString", "coordinates": [[37.5979, -10.9771], [37.5979, -10.9854]]}}, {"type": "Feature", "properties": {"order": 7, "discharge": 2245.71}, "geometry": {"type": "LineString", "coordinates": [[39.5187, -10.9938], [39.5229, -10.9896], [39.5229, -10.9854], [39.5312, -10.9771], [39.5437, -10.9771], [39.5479, -10.9729], [39.5562, -10.9729], [39.5604, -10.9771], [39.5771, -10.9771], [39.5896, -10.9646]]}}, {"type": "Feature", "properties": {"order": 5, "discharge": 90.56}, "geometry": {"type": "LineString", "coordinates": [[37.5979, -10.9854], [37.6021, -10.9896], [37.6104, -10.9896], [37.6187, -10.9979]]}}, {"type": "Feature", "properties": {"order": 5, "discharge": 90.92}, "geometry": {"type": "LineString", "coordinates": [[37.6187, -10.9979], [37.6312, -10.9979]]}}, {"type": "Feature", "properties": {"order": 5, "discharge": 36.62}, "geometry": {"type": "LineString", "coordinates": [[33.9354, -11.0021], [33.9354, -10.9854], [33.9396, -10.9813], [33.9396, -10.9688], [33.9437, -10.9646], [33.9479, -10.9646], [33.9521, -10.9604]]}}, {"type": "Feature", "properties": {"order": 5, "discharge": 91.42}, "geometry": {"type": "LineString", "coordinates": [[37.6312, -10.9979], [37.6354, -10.9938], [37.6437, -11.0021], [37.6479, -11.0021], [37.6521, -11.0063], [37.6562, -11.0021], [37.6604, -11.0063]]}}, {"type": "Feature", "properties": {"order": 7, "discharge": 2243.36}, "geometry": {"type": "LineString", "coordinates": [[39.5104, -11.0063], [39.5187, -10.9979], [39.5187, -10.9938]]}}, {"type": "Feature", "properties": {"order": 5, "discharge": 68.05}, "geometry": {"type": "LineString", "coordinates": [[29.8979, -10.9771], [29.8979, -11.0146]]}}, {"type": "Feature", "properties": {"order": 5, "discharge": 90.95}, "geometry": {"type": "LineString", "coordinates": [[32.8604, -10.9813], [32.8604, -10.9854], [32.8646, -10.9896], [32.8646, -10.9979], [32.8604, -11.0021], [32.8646, -11.0063], [32.8646, -11.0104], [32.8687, -11.0146], [32.8729, -11.0146]]}}, {"type": "Feature", "properties": {"order": 7, "discharge": 2242.08}, "geometry": {"type": "LineString", "coordinates": [[39.4937, -11.0146], [39.4979, -11.0104], [39.5062, -11.0104], [39.5104, -11.0063]]}}, {"type": "Feature", "properties": {"order": 5, "discharge": 91.9}, "geometry": {"type": "LineString", "coordinates": [[37.6604, -11.0063], [37.6646, -11.0104], [37.6687, -11.0104], [37.6771, -11.0188]]}}, {"type": "Feature", "properties": {"order": 7, "discharge": 2233.83}, "geometry": {"type": "LineString", "coordinates": [[39.4771, -11.0188], [39.4812, -11.0146], [39.4937, -11.0146]]}}, {"type": "Feature", "properties": {"order": 6, "discharge": 370.9}, "geometry": {"type": "LineString", "coordinates": [[30.9937, -10.9396], [30.9937, -10.9604], [30.9896, -10.9646], [30.9896, -10.9729], [30.9854, -10.9771], [30.9854, -10.9979], [30.9812, -11.0021], [30.9729, -11.0021], [30.9646, -11.0104], [30.9604, -11.0104], [30.9521, -11.0188], [30.9437, -11.0188], [30.9396, -11.0229], [30.9229, -11.0229]]}}, {"type": "Feature", "properties": {"order": 5, "discharge": 92.58}, "geometry": {"type": "LineString", "coordinates": [[37.6771, -11.0188], [37.6812, -11.0146], [37.7062, -11.0146], [37.7146, -11.0229]]}}, {"type": "Feature", "properties": {"order": 5, "discharge": 92.87}, "geometry": {"type": "LineString", "coordinates": [[37.7146, -11.0229], [37.7187, -11.0271], [37.7229, -11.0271], [37.7271, -11.0229]]}}, {"type": "Feature", "properties": {"order": 5, "discharge": 36.61}, "geometry": {"type": "LineString", "coordinates": [[33.9187, -11.0313], [33.9271, -11.0229], [33.9271, -11.0188], [33.9229, -11.0146], [33.9354, -11.0021]]}}, {"type": "Feature", "properties": {"order": 5, "discharge": 113.72}, "geometry": {"type": "LineString", "coordinates": [[37.7271, -11.0229], [37.7312, -11.0271], [37.7354, -11.0271], [37.7396, -11.0313], [37.7437, -11.0313], [37.7479, -11.0354], [37.7562, -11.0354]]}}, {"type": "Feature", "properties": {"order": 5, "discharge": 90.94}, "geometry": {"type": "LineString", "coordinates": [[32.8729, -11.0146], [32.8812, -11.0229], [32.8812, -11.0354], [32.8771, -11.0396]]}}, {"type": "Feature", "properties": {"order": 5, "discharge": 113.99}, "geometry": {"type": "LineString", "coordinates": [[37.7562, -11.0354], [37.7604, -11.0396], [37.7646, -11.0396]]}}, {"type": "Feature", "properties": {"order": 5, "discharge": 68.56}, "geometry": {"type": "LineString", "coordinates": [[29.8979, -11.0146], [29.8979, -11.0563]]}}, {"type": "Feature", "properties": {"order": 6, "discharge": 372.62}, "geometry": {"type": "LineString", "coordinates": [[30.9229, -11.0229], [30.9146, -11.0229], [30.9104, -11.0271], [30.9021, -11.0271], [30.8979, -11.0313], [30.8937, -11.0313], [30.8896, -11.0354], [30.8896, -11.0438], [30.8979, -11.0521], [30.8979, -11.0563]]}}, {"type": "Feature", "properties": {"order": 5, "discharge": 91.44}, "geometry": {"type": "LineString", "coordinates": [[32.8771, -11.0396], [32.8771, -11.0438], [32.8729, -11.0479], [32.8729, -11.0521], [32.8687, -11.0563]]}}, {"type": "Feature", "properties": {"order": 7, "discharge": 2232.27}, "geometry": {"type": "LineString", "coordinates": [[39.4521, -11.0563], [39.4604, -11.0479], [39.4604, -11.0438], [39.4646, -11.0396], [39.4646, -11.0354], [39.4687, -11.0313], [39.4687, -11.0271], [39.4771, -11.0188]]}}, {"type": "Feature", "properties": {"order": 7, "discharge": 2226.38}, "geometry": {"type": "LineString", "coordinates": [[39.4354, -11.0521], [39.4396, -11.0521], [39.4479, -11.0604]]}}, {"type": "Feature", "properties": {"order": 7, "discharge": 2229.03}, "geometry": {"type": "LineString", "coordinates": [[39.4479, -11.0604], [39.4521, -11.0563]]}}, {"type": "Feature", "properties": {"order": 5, "discharge": 91.55}, "geometry": {"type": "LineString", "coordinates": [[32.8687, -11.0563], [32.8687, -11.0604], [32.8646, -11.0646]]}}, {"type": "Feature", "properties": {"order": 6, "discharge": 384.18}, "geometry": {"type": "LineString", "coordinates": [[34.4396, -10.9688], [34.4437, -10.9729], [34.4437, -10.9896], [34.4479, -10.9938], [34.4479, -11.0146], [34.4521, -11.0188], [34.4521, -11.0396], [34.4562, -11.0438], [34.4562, -11.0646]]}}, {"type": "Feature", "properties": {"order": 7, "discharge": 2224.15}, "geometry": {"type": "LineString", "coordinates": [[39.4146, -11.0646], [39.4187, -11.0604], [39.4229, -11.0604], [39.4312, -11.0521], [39.4354, -11.0521]]}}, {"type": "Feature", "properties": {"order": 6, "discharge": 373.54}, "geometry": {"type": "LineString", "coordinates": [[30.8979, -11.0563], [30.9021, -11.0604], [30.9021, -11.0688], [30.8979, -11.0729], [30.8896, -11.0729]]}}, {"type": "Feature", "properties": {"order": 5, "discharge": 114.74}, "geometry": {"type": "LineString", "coordinates": [[37.7646, -11.0396], [37.7771, -11.0521], [37.7854, -11.0521], [37.7937, -11.0604], [37.7937, -11.0646], [37.7979, -11.0688], [37.7979, -11.0729]]}}, {"type": "Feature", "properties": {"order": 5, "discharge": 125.19}, "geometry": {"type": "LineString", "coordinates": [[37.7979, -11.0729], [37.8021, -11.0771]]}}, {"type": "Feature", "properties": {"order": 7, "discharge": 2222.44}, "geometry": {"type": "LineString", "coordinates": [[39.3854, -11.0813], [39.3896, -11.0771], [39.3937, -11.0771], [39.3979, -11.0729], [39.4021, -11.0729], [39.4062, -11.0688], [39.4104, -11.0688], [39.4146, -11.0646]]}}, {"type": "Feature", "properties": {"order": 5, "discharge": 91.53}, "geometry": {"type": "LineString", "coordinates": [[32.8646, -11.0646], [32.8687, -11.0688], [32.8687, -11.0729], [32.8604, -11.0813], [32.8604, -11.0854]]}}, {"type": "Feature", "properties": {"order": 7, "discharge": 2220.28}, "geometry": {"type": "LineString", "coordinates": [[39.3687, -11.0896], [39.3771, -11.0896], [39.3854, -11.0813]]}}, {"type": "Feature", "properties": {"order": 5, "discharge": 73.02}, "geometry": {"type": "LineString", "coordinates": [[29.8979, -11.0563], [29.8979, -11.0979]]}}, {"type": "Feature", "properties": {"order": 7, "discharge": 2218.23}, "geometry": {"type": "LineString", "coordinates": [[39.3562, -11.0979], [39.3646, -11.0896], [39.3687, -11.0896]]}}, {"type": "Feature", "properties": {"order": 7, "discharge": 2217.21}, "geometry": {"type": "LineString", "coordinates": [[39.3396, -11.1021], [39.3437, -11.0979], [39.3562, -11.0979]]}}, {"type": "Feature", "properties": {"order": 6, "discharge": 381.89}, "geometry": {"type": "LineString", "coordinates": [[34.4562, -11.0646], [34.4604, -11.0688], [34.4604, -11.0854], [34.4646, -11.0896], [34.4646, -11.1104]]}}, {"type": "Feature", "properties": {"order": 7, "discharge": 2215.93}, "geometry": {"type": "LineString", "coordinates": [[39.3354, -11.1104], [39.3396, -11.1063], [39.3396, -11.1021]]}}, {"type": "Feature", "properties": {"order": 6, "discharge": 376.43}, "geometry": {"type": "LineString", "coordinates": [[30.8896, -11.0729], [30.8687, -11.0521], [30.8646, -11.0521], [30.8521, -11.0646], [30.8521, -11.0688], [30.8479, -11.0729], [30.8479, -11.0896], [30.8396, -11.0979], [30.8354, -11.0979], [30.8271, -11.1063], [30.8271, -11.1146]]}}, {"type": "Feature", "properties": {"order": 5, "discharge": 126.74}, "geometry": {"type": "LineString", "coordinates": [[37.8021, -11.0771], [37.8062, -11.0813], [37.8021, -11.0854], [37.8062, -11.0896], [37.8062, -11.0938], [37.8229, -11.1104], [37.8229, -11.1146]]}}, {"type": "Feature", "properties": {"order": 5, "discharge": 92.11}, "geometry": {"type": "LineString", "coordinates": [[32.8604, -11.0854], [32.8604, -11.1021], [32.8521, -11.1104], [32.8521, -11.1146], [32.8562, -11.1188]]}}, {"type": "Feature", "properties": {"order": 7, "discharge": 2215.17}, "geometry": {"type": "LineString", "coordinates": [[39.3229, -11.1229], [39.3354, -11.1104]]}}, {"type": "Feature", "properties": {"order": 6, "discharge": 376.9}, "geometry": {"type": "LineString", "coordinates": [[30.8271, -11.1146], [30.8229, -11.1188], [30.8229, -11.1271]]}}, {"type": "Feature", "properties": {"order": 5, "discharge": 117.13}, "geometry": {"type": "LineString", "coordinates": [[32.8562, -11.1188], [32.8479, -11.1271]]}}, {"type": "Feature", "properties": {"order": 7, "discharge": 2213.47}, "geometry": {"type": "LineString", "coordinates": [[39.3187, -11.1271], [39.3229, -11.1229]]}}, {"type": "Feature", "properties": {"order": 5, "discharge": 127.14}, "geometry": {"type": "LineString", "coordinates": [[37.8229, -11.1146], [37.8396, -11.1313]]}}, {"type": "Feature", "properties": {"order": 5, "discharge": 130.83}, "geometry": {"type": "LineString", "coordinates": [[37.8396, -11.1313], [37.8396, -11.1354]]}}, {"type": "Feature", "properties": {"order": 5, "discharge": 117.37}, "geometry": {"type": "LineString", "coordinates": [[32.8479, -11.1271], [32.8479, -11.1313], [32.8437, -11.1354], [32.8437, -11.1396]]}}, {"type": "Feature", "properties": {"order": 6, "discharge": 377.49}, "geometry": {"type": "LineString", "coordinates": [[30.8229, -11.1271], [30.8062, -11.1438]]}}, {"type": "Feature", "properties": {"order": 7, "discharge": 2151.32}, "geometry": {"type": "LineString", "coordinates": [[39.1229, -11.1438], [39.1312, -11.1438]]}}, {"type": "Feature", "properties": {"order": 7, "discharge": 2212.09}, "geometry": {"type": "LineString", "coordinates": [[39.2896, -11.1438], [39.2937, -11.1396], [39.3062, -11.1396], [39.3187, -11.1271]]}}, {"type": "Feature", "properties": {"order": 6, "discharge": 376.08}, "geometry": {"type": "LineString", "coordinates": [[34.4646, -11.1104], [34.4687, -11.1146], [34.4687, -11.1354], [34.4729, -11.1396], [34.4729, -11.1479]]}}, {"type": "Feature", "properties": {"order": 7, "discharge": 2156.69}, "geometry": {"type": "LineString", "coordinates": [[39.1312, -11.1438], [39.1354, -11.1479], [39.1437, -11.1479]]}}, {"type": "Feature", "properties": {"order": 7, "discharge": 2158.05}, "geometry": {"type": "LineString", "coordinates": [[39.1437, -11.1479], [39.1604, -11.1479]]}}, {"type": "Feature", "properties": {"order": 7, "discharge": 2184.43}, "geometry": {"type": "LineString", "coordinates": [[39.1604, -11.1479], [39.1646, -11.1479]]}}, {"type": "Feature", "properties": {"order": 6, "discharge": 385.21}, "geometry": {"type": "LineString", "coordinates": [[30.8062, -11.1438], [30.7979, -11.1521]]}}, {"type": "Feature", "properties": {"order": 7, "discharge": 2150.44}, "geometry": {"type": "LineString", "coordinates": [[39.1062, -11.1521], [39.1104, -11.1479], [39.1146, -11.1479], [39.1187, -11.1438], [39.1229, -11.1438]]}}, {"type": "Feature", "properties": {"order": 6, "discharge": 374.38}, "geometry": {"type": "LineString", "coordinates": [[34.4729, -11.1479], [34.4729, -11.1604]]}}, {"type": "Feature", "properties": {"order": 5, "discharge": 132.3}, "geometry": {"type": "LineString", "coordinates": [[37.8396, -11.1354], [37.8479, -11.1438], [37.8521, -11.1438], [37.8687, -11.1604]]}}, {"type": "Feature", "properties": {"order": 6, "discharge": 385.69}, "geometry": {"type": "LineString", "coordinates": [[30.7979, -11.1521], [30.7979, -11.1563], [30.7896, -11.1646]]}}, {"type": "Feature", "properties": {"order": 7, "discharge": 2149.12}, "geometry": {"type": "LineString", "coordinates": [[39.0729, -11.1646], [39.0771, -11.1604], [39.0812, -11.1604], [39.0854, -11.1563], [39.0896, -11.1563], [39.0937, -11.1604], [39.1021, -11.1521], [39.1062, -11.1521]]}}, {"type": "Feature", "properties": {"order": 7, "discharge": 2146.38}, "geometry": {"type": "LineString", "coordinates": [[39.0687, -11.1688], [39.0729, -11.1646]]}}, {"type": "Feature", "properties": {"order": 7, "discharge": 2186.41}, "geometry": {"type": "LineString", "coordinates": [[39.1646, -11.1479], [39.1687, -11.1521], [39.1687, -11.1563], [39.1812, -11.1688], [39.1854, -11.1688]]}}, {"type": "Feature", "properties": {"order": 7, "discharge": 2186.85}, "geometry": {"type": "LineString", "coordinates": [[39.1854, -11.1688], [39.1896, -11.1646]]}}, {"type": "Feature", "properties": {"order": 7, "discharge": 2204.57}, "geometry": {"type": "LineString", "coordinates": [[39.2729, -11.1688], [39.2771, -11.1688]]}}, {"type": "Feature", "properties": {"order": 7, "discharge": 2206.87}, "geometry": {"type": "LineString", "coordinates": [[39.2771, -11.1688], [39.2812, -11.1646], [39.2812, -11.1563], [39.2854, -11.1521], [39.2854, -11.1479], [39.2896, -11.1438]]}}, {"type": "Feature", "properties": {"order": 5, "discharge": 86.11}, "geometry": {"type": "LineString", "coordinates": [[29.8979, -11.0979], [29.8979, -11.1021], [29.8896, -11.1104], [29.8896, -11.1146], [29.8854, -11.1188], [29.8854, -11.1729]]}}, {"type": "Feature", "properties": {"order": 5, "discharge": 117.22}, "geometry": {"type": "LineString", "coordinates": [[32.8437, -11.1396], [32.8437, -11.1438], [32.8479, -11.1479], [32.8521, -11.1479], [32.8562, -11.1521], [32.8562, -11.1688], [32.8521, -11.1729]]}}, {"type": "Feature", "properties": {"order": 7, "discharge": 2093.66}, "geometry": {"type": "LineString", "coordinates": [[38.8979, -11.1729], [38.9062, -11.1729], [38.9104, -11.1688], [38.9312, -11.1688], [38.9354, -11.1646]]}}, {"type": "Feature", "properties": {"order": 7, "discharge": 2106.18}, "geometry": {"type": "LineString", "coordinates": [[38.9354, -11.1646], [38.9396, -11.1688], [38.9437, -11.1688], [38.9479, -11.1729], [38.9521, -11.1729]]}}, {"type": "Feature", "properties": {"order": 7, "discharge": 2106.48}, "geometry": {"type": "LineString", "coordinates": [[38.9521, -11.1729], [38.9646, -11.1729]]}}, {"type": "Feature", "properties": {"order": 7, "discharge": 2126.52}, "geometry": {"type": "LineString", "coordinates": [[38.9646, -11.1729], [39.0021, -11.1729]]}}, {"type": "Feature", "properties": {"order": 7, "discharge": 2128.64}, "geometry": {"type": "LineString", "coordinates": [[39.0021, -11.1729], [39.0271, -11.1729]]}}, {"type": "Feature", "properties": {"order": 7, "discharge": 2130.23}, "geometry": {"type": "LineString", "coordinates": [[39.0271, -11.1729], [39.0437, -11.1729]]}}, {"type": "Feature", "properties": {"order": 7, "discharge": 2131.17}, "geometry": {"type": "LineString", "coordinates": [[39.0437, -11.1729], [39.0562, -11.1729]]}}, {"type": "Feature", "properties": {"order": 7, "discharge": 2132.13}, "geometry": {"type": "LineString", "coordinates": [[39.0562, -11.1729], [39.0646, -11.1729], [39.0687, -11.1688]]}}, {"type": "Feature", "properties": {"order": 7, "discharge": 2189.31}, "geometry": {"type": "LineString", "coordinates": [[39.1896, -11.1646], [39.1979, -11.1646], [39.2021, -11.1688], [39.2104, -11.1688], [39.2187, -11.1771]]}}, {"type": "Feature", "properties": {"order": 7, "discharge": 2200.08}, "geometry": {"type": "LineString", "coordinates": [[39.2396, -11.1771], [39.2437, -11.1771]]}}, {"type": "Feature", "properties": {"order": 7, "discharge": 2202.21}, "geometry": {"type": "LineString", "coordinates": [[39.2437, -11.1771], [39.2604, -11.1771], [39.2646, -11.1729], [39.2687, -11.1729], [39.2729, -11.1688]]}}, {"type": "Feature", "properties": {"order": 6, "discharge": 386.62}, "geometry": {"type": "LineString", "coordinates": [[30.7896, -11.1646], [30.7854, -11.1688], [30.7812, -11.1688], [30.7771, -11.1729], [30.7729, -11.1729], [30.7646, -11.1813]]}}, {"type": "Feature", "properties": {"order": 5, "discharge": 134.64}, "geometry": {"type": "LineString", "coordinates": [[37.8687, -11.1604], [37.8812, -11.1729], [37.8937, -11.1729], [37.9021, -11.1813]]}}, {"type": "Feature", "properties": {"order": 7, "discharge": 2093.27}, "geometry": {"type": "LineString", "coordinates": [[38.8771, -11.1813], [38.8812, -11.1813], [38.8854, -11.1771], [38.8937, -11.1771], [38.8979, -11.1729]]}}, {"type": "Feature", "properties": {"order": 7, "discharge": 2199.42}, "geometry": {"type": "LineString", "coordinates": [[39.2187, -11.1771], [39.2229, -11.1813], [39.2271, -11.1771], [39.2396, -11.1771]]}}, {"type": "Feature", "properties": {"order": 6, "discharge": 372.96}, "geometry": {"type": "LineString", "coordinates": [[34.4729, -11.1604], [34.4771, -11.1646], [34.4771, -11.1813], [34.4812, -11.1854]]}}, {"type": "Feature", "properties": {"order": 5, "discharge": 117.36}, "geometry": {"type": "LineString", "coordinates": [[32.8521, -11.1729], [32.8479, -11.1771], [32.8521, -11.1813], [32.8521, -11.1938]]}}, {"type": "Feature", "properties": {"order": 7, "discharge": 2048.66}, "geometry": {"type": "LineString", "coordinates": [[38.8562, -11.1979], [38.8562, -11.1938], [38.8604, -11.1896], [38.8646, -11.1896], [38.8687, -11.1854], [38.8729, -11.1854], [38.8771, -11.1813]]}}, {"type": "Feature", "properties": {"order": 6, "discharge": 387.47}, "geometry": {"type": "LineString", "coordinates": [[30.7646, -11.1813], [30.7521, -11.1938], [30.7521, -11.1979], [30.7479, -11.2021]]}}, {"type": "Feature", "properties": {"order": 6, "discharge": 387.81}, "geometry": {"type": "LineString", "coordinates": [[30.7479, -11.2021], [30.7437, -11.2021], [30.7396, -11.2063]]}}, {"type": "Feature", "properties": {"order": 7, "discharge": 2048.21}, "geometry": {"type": "LineString", "coordinates": [[38.8479, -11.2063], [38.8562, -11.1979]]}}, {"type": "Feature", "properties": {"order": 5, "discharge": 118.5}, "geometry": {"type": "LineString", "coordinates": [[32.8521, -11.1938], [32.8562, -11.1979], [32.8562, -11.2021], [32.8646, -11.2104]]}}, {"type": "Feature", "properties": {"order": 5, "discharge": 121.07}, "geometry": {"type": "LineString", "coordinates": [[32.8646, -11.2104], [32.8604, -11.2146]]}}, {"type": "Feature", "properties": {"order": 7, "discharge": 2048.04}, "geometry": {"type": "LineString", "coordinates": [[38.8396, -11.2146], [38.8479, -11.2063]]}}, {"type": "Feature", "properties": {"order": 7, "discharge": 2047.82}, "geometry": {"type": "LineString", "coordinates": [[38.8312, -11.2188], [38.8354, -11.2188], [38.8396, -11.2146]]}}, {"type": "Feature", "properties": {"order": 5, "discharge": 135.97}, "geometry": {"type": "LineString", "coordinates": [[37.9021, -11.1813], [37.9062, -11.1854], [37.9062, -11.1979], [37.9271, -11.2188], [37.9396, -11.2188], [37.9437, -11.2229]]}}, {"type": "Feature", "properties": {"order": 6, "discharge": 388.67}, "geometry": {"type": "LineString", "coordinates": [[30.7396, -11.2063], [30.7396, -11.2104], [30.7437, -11.2146], [30.7396, -11.2188], [30.7396, -11.2271]]}}, {"type": "Feature", "properties": {"order": 7, "discharge": 2047.27}, "geometry": {"type": "LineString", "coordinates": [[38.8062, -11.2354], [38.8229, -11.2188], [38.8312, -11.2188]]}}, {"type": "Feature", "properties": {"order": 7, "discharge": 2046.84}, "geometry": {"type": "LineString", "coordinates": [[38.7854, -11.2438], [38.7896, -11.2438], [38.7937, -11.2396], [38.8021, -11.2396], [38.8062, -11.2354]]}}, {"type": "Feature", "properties": {"order": 7, "discharge": 2046.51}, "geometry": {"type": "LineString", "coordinates": [[38.7812, -11.2479], [38.7854, -11.2438]]}}, {"type": "Feature", "properties": {"order": 5, "discharge": 54.74}, "geometry": {"type": "LineString", "coordinates": [[35.3437, -11.2229], [35.3479, -11.2271], [35.3437, -11.2313], [35.3437, -11.2354], [35.3479, -11.2396], [35.3437, -11.2438], [35.3396, -11.2438], [35.3354, -11.2479], [35.3354, -11.2563]]}}, {"type": "Feature", "properties": {"order": 6, "discharge": 1053.02}, "geometry": {"type": "LineString", "coordinates": [[37.9354, -11.2563], [37.9479, -11.2563]]}}, {"type": "Feature", "properties": {"order": 5, "discharge": 137.28}, "geometry": {"type": "LineString", "coordinates": [[37.9437, -11.2229], [37.9521, -11.2229], [37.9562, -11.2271], [37.9562, -11.2313], [37.9521, -11.2354], [37.9521, -11.2396], [37.9479, -11.2438], [37.9479, -11.2563]]}}, {"type": "Feature", "properties": {"order": 7, "discharge": 2046.37}, "geometry": {"type": "LineString", "coordinates": [[38.7729, -11.2563], [38.7812, -11.2479]]}}, {"type": "Feature", "properties": {"order": 5, "discharge": 120.81}, "geometry": {"type": "LineString", "coordinates": [[32.8604, -11.2146], [32.8562, -11.2188], [32.8521, -11.2188], [32.8562, -11.2229], [32.8562, -11.2271], [32.8646, -11.2354], [32.8604, -11.2396], [32.8562, -11.2396], [32.8521, -11.2438], [32.8521, -11.2604]]}}, {"type": "Feature", "properties": {"order": 6, "discharge": 1194.12}, "geometry": {"type": "LineString", "coordinates": [[37.9812, -11.2604], [37.9896, -11.2604]]}}, {"type": "Feature", "properties": {"order": 6, "discharge": 1229.05}, "geometry": {"type": "LineString", "coordinates": [[38.1062, -11.2604], [38.1229, -11.2604]]}}, {"type": "Feature", "properties": {"order": 7, "discharge": 2046.08}, "geometry": {"type": "LineString", "coordinates": [[38.7646, -11.2604], [38.7687, -11.2563], [38.7729, -11.2563]]}}, {"type": "Feature", "properties": {"order": 5, "discharge": 86.97}, "geometry": {"type": "LineString", "coordinates": [[29.8854, -11.1729], [29.8854, -11.1896], [29.8812, -11.1938], [29.8812, -11.2521], [29.8771, -11.2563], [29.8771, -11.2646]]}}, {"type": "Feature", "properties": {"order": 5, "discharge": 41.25}, "geometry": {"type": "LineString", "coordinates": [[35.8771, -11.2438], [35.8771, -11.2479], [35.8729, -11.2521], [35.8729, -11.2604], [35.8687, -11.2646]]}}, {"type": "Feature", "properties": {"order": 6, "discharge": 1190.94}, "geometry": {"type": "LineString", "coordinates": [[37.9479, -11.2563], [37.9562, -11.2646]]}}, {"type": "Feature", "properties": {"order": 6, "discharge": 1193.27}, "geometry": {"type": "LineString", "coordinates": [[37.9562, -11.2646], [37.9604, -11.2646], [37.9646, -11.2604], [37.9812, -11.2604]]}}, {"type": "Feature", "properties": {"order": 6, "discharge": 1229.37}, "geometry": {"type": "LineString", "coordinates": [[38.1229, -11.2604], [38.1271, -11.2646]]}}, {"type": "Feature", "properties": {"order": 5, "discharge": 120.96}, "geometry": {"type": "LineString", "coordinates": [[29.8771, -11.2646], [29.8729, -11.2688]]}}, {"type": "Feature", "properties": {"order": 6, "discharge": 1050.84}, "geometry": {"type": "LineString", "coordinates": [[37.8937, -11.2688], [37.9062, -11.2688], [37.9187, -11.2563], [37.9354, -11.2563]]}}, {"type": "Feature", "properties": {"order": 6, "discharge": 1196.27}, "geometry": {"type": "LineString", "coordinates": [[37.9896, -11.2604], [38.0021, -11.2604], [38.0104, -11.2688], [38.0146, -11.2688], [38.0187, -11.2729], [38.0229, -11.2688], [38.0354, -11.2688]]}}, {"type": "Feature", "properties": {"order": 6, "discharge": 1198.88}, "geometry": {"type": "LineString", "coordinates": [[38.0354, -11.2688], [38.0479, -11.2688], [38.0521, -11.2729], [38.0646, -11.2729]]}}, {"type": "Feature", "properties": {"order": 6, "discharge": 1200.16}, "geometry": {"type": "LineString", "coordinates": [[38.0646, -11.2729], [38.0812, -11.2729], [38.0896, -11.2646], [38.0937, -11.2646], [38.0979, -11.2604], [38.1062, -11.2604]]}}, {"type": "Feature", "properties": {"order": 7, "discharge": 2043.38}, "geometry": {"type": "LineString", "coordinates": [[38.7062, -11.2729], [38.7187, -11.2729]]}}, {"type": "Feature", "properties": {"order": 6, "discharge": 390.51}, "geometry": {"type": "LineString", "coordinates": [[30.7396, -11.2271], [30.7354, -11.2313], [30.7354, -11.2396], [30.7312, -11.2438], [30.7312, -11.2479], [30.7229, -11.2563], [30.7229, -11.2771]]}}, {"type": "Feature", "properties": {"order": 6, "discharge": 358.88}, "geometry": {"type": "LineString", "coordinates": [[34.4812, -11.1854], [34.4812, -11.2063], [34.4854, -11.2104], [34.4854, -11.2313], [34.4896, -11.2354], [34.4896, -11.2563], [34.4937, -11.2604], [34.4937, -11.2771]]}}, {"type": "Feature", "properties": {"order": 6, "discharge": 1232.56}, "geometry": {"type": "LineString", "coordinates": [[38.2062, -11.2729], [38.2187, -11.2729], [38.2229, -11.2771], [38.2354, -11.2771]]}}, {"type": "Feature", "properties": {"order": 7, "discharge": 2041.53}, "geometry": {"type": "LineString", "coordinates": [[38.6854, -11.2771], [38.7021, -11.2771], [38.7062, -11.2729]]}}, {"type": "Feature", "properties": {"order": 5, "discharge": 55.02}, "geometry": {"type": "LineString", "coordinates": [[35.3354, -11.2563], [35.3354, -11.2688], [35.3479, -11.2813]]}}, {"type": "Feature", "properties": {"order": 6, "discharge": 1229.94}, "geometry": {"type": "LineString", "coordinates": [[38.1271, -11.2646], [38.1437, -11.2813]]}}, {"type": "Feature", "properties": {"order": 6, "discharge": 1230.14}, "geometry": {"type": "LineString", "coordinates": [[38.1437, -11.2813], [38.1687, -11.2813]]}}, {"type": "Feature", "properties": {"order": 6, "discharge": 1230.32}, "geometry": {"type": "LineString", "coordinates": [[38.1687, -11.2813], [38.1771, -11.2813]]}}, {"type": "Feature", "properties": {"order": 6, "discharge": 1230.56}, "geometry": {"type": "LineString", "coordinates": [[38.1771, -11.2813], [38.1896, -11.2813]]}}, {"type": "Feature", "properties": {"order": 6, "discharge": 1231.57}, "geometry": {"type": "LineString", "coordinates": [[38.1896, -11.2813], [38.1937, -11.2771], [38.2021, -11.2771], [38.2062, -11.2729]]}}, {"type": "Feature", "properties": {"order": 7, "discharge": 2045.62}, "geometry": {"type": "LineString", "coordinates": [[38.7187, -11.2729], [38.7229, -11.2771], [38.7354, -11.2771], [38.7396, -11.2813], [38.7437, -11.2813], [38.7479, -11.2771], [38.7479, -11.2729], [38.7562, -11.2646], [38.7604, -11.2646], [38.7646, -11.2604]]}}, {"type": "Feature", "properties": {"order": 7, "discharge": 2041.01}, "geometry": {"type": "LineString", "coordinates": [[38.6479, -11.2854], [38.6646, -11.2854], [38.6687, -11.2813], [38.6729, -11.2813], [38.6771, -11.2771], [38.6854, -11.2771]]}}, {"type": "Feature", "properties": {"order": 5, "discharge": 122.96}, "geometry": {"type": "LineString", "coordinates": [[32.8521, -11.2604], [32.8562, -11.2646], [32.8521, -11.2688], [32.8521, -11.2771], [32.8479, -11.2813], [32.8521, -11.2854], [32.8479, -11.2896]]}}, {"type": "Feature", "properties": {"order": 5, "discharge": 55.18}, "geometry": {"type": "LineString", "coordinates": [[35.3479, -11.2813], [35.3479, -11.2854], [35.3437, -11.2896]]}}, {"type": "Feature", "properties": {"order": 6, "discharge": 1232.99}, "geometry": {"type": "LineString", "coordinates": [[38.2354, -11.2771], [38.2437, -11.2854], [38.2521, -11.2854], [38.2562, -11.2896], [38.2687, -11.2896]]}}, {"type": "Feature", "properties": {"order": 7, "discharge": 2037.83}, "geometry": {"type": "LineString", "coordinates": [[38.6312, -11.2938], [38.6354, -11.2896], [38.6396, -11.2896], [38.6437, -11.2854], [38.6479, -11.2854]]}}, {"type": "Feature", "properties": {"order": 6, "discharge": 391.58}, "geometry": {"type": "LineString", "coordinates": [[30.7229, -11.2771], [30.7146, -11.2854], [30.7146, -11.2896], [30.7062, -11.2979]]}}, {"type": "Feature", "properties": {"order": 5, "discharge": 125.13}, "geometry": {"type": "LineString", "coordinates": [[32.8479, -11.2896], [32.8396, -11.2979]]}}, {"type": "Feature", "properties": {"order": 6, "discharge": 1046.81}, "geometry": {"type": "LineString", "coordinates": [[37.8604, -11.3021], [37.8687, -11.2938], [37.8687, -11.2896], [37.8771, -11.2813], [37.8812, -11.2813], [37.8937, -11.2688]]}}, {"type": "Feature", "properties": {"order": 6, "discharge": 1042.01}, "geometry": {"type": "LineString", "coordinates": [[37.8396, -11.3063], [37.8562, -11.3063], [37.8604, -11.3021]]}}, {"type": "Feature", "properties": {"order": 5, "discharge": 65.03}, "geometry": {"type": "LineString", "coordinates": [[35.3437, -11.2896], [35.3479, -11.2938], [35.3479, -11.3021], [35.3521, -11.3063], [35.3521, -11.3104]]}}, {"type": "Feature", "properties": {"order": 6, "discharge": 1040.41}, "geometry": {"type": "LineString", "coordinates": [[37.8312, -11.3104], [37.8354, -11.3063], [37.8396, -11.3063]]}}, {"type": "Feature", "properties": {"order": 6, "discharge": 358.24}, "geometry": {"type": "LineString", "coordinates": [[34.4937, -11.2771], [34.4979, -11.2813], [34.4979, -11.3021], [34.5021, -11.3063], [34.5021, -11.3146]]}}, {"type": "Feature", "properties": {"order": 5, "discharge": 59.22}, "geometry": {"type": "LineString", "coordinates": [[35.8687, -11.2646], [35.8687, -11.2688], [35.8646, -11.2729], [35.8687, -11.2771], [35.8646, -11.2813], [35.8687, -11.2854], [35.8687, -11.2896], [35.8729, -11.2938], [35.8687, -11.2979], [35.8687, -11.3021], [35.8729, -11.3063], [35.8646, -11.3146]]}}, {"type": "Feature", "properties": {"order": 6, "discharge": 1240.98}, "geometry": {"type": "LineString", "coordinates": [[38.2687, -11.2896], [38.2687, -11.2938], [38.2729, -11.2979], [38.2729, -11.3021], [38.2771, -11.3063], [38.2771, -11.3188]]}}, {"type": "Feature", "properties": {"order": 7, "discharge": 2037.61}, "geometry": {"type": "LineString", "coordinates": [[38.5979, -11.3229], [38.6229, -11.2979], [38.6271, -11.2979], [38.6312, -11.2938]]}}, {"type": "Feature", "properties": {"order": 6, "discharge": 1241.35}, "geometry": {"type": "LineString", "coordinates": [[38.2771, -11.3188], [38.2854, -11.3271]]}}, {"type": "Feature", "properties": {"order": 5, "discharge": 122.6}, "geometry": {"type": "LineString", "coordinates": [[29.8729, -11.2688], [29.8729, -11.2729], [29.8687, -11.2771], [29.8687, -11.2813], [29.8604, -11.2896], [29.8604, -11.2938], [29.8562, -11.2979], [29.8562, -11.3021], [29.8521, -11.3063], [29.8521, -11.3104], [29.8437, -11.3188], [29.8437, -11.3229], [29.8396, -11.3271], [29.8396, -11.3313]]}}, {"type": "Feature", "properties": {"order": 5, "discharge": 125.09}, "geometry": {"type": "LineString", "coordinates": [[32.8396, -11.2979], [32.8354, -11.3021], [32.8354, -11.3229], [32.8396, -11.3271], [32.8396, -11.3313]]}}, {"type": "Feature", "properties": {"order": 6, "discharge": 1257.77}, "geometry": {"type": "LineString", "coordinates": [[38.2854, -11.3271], [38.2896, -11.3313], [38.2979, -11.3313], [38.3021, -11.3271], [38.3104, -11.3271]]}}, {"type": "Feature", "properties": {"order": 6, "discharge": 1259.59}, "geometry": {"type": "LineString", "coordinates": [[38.3104, -11.3271], [38.3229, -11.3271], [38.3271, -11.3313], [38.3312, -11.3313]]}}, {"type": "Feature", "properties": {"order": 7, "discharge": 2036.64}, "geometry": {"type": "LineString", "coordinates": [[38.5937, -11.3313], [38.5979, -11.3271], [38.5979, -11.3229]]}}, {"type": "Feature", "properties": {"order": 6, "discharge": 394.7}, "geometry": {"type": "LineString", "coordinates": [[30.7062, -11.2979], [30.7062, -11.3021], [30.6979, -11.3104], [30.6979, -11.3146], [30.6937, -11.3188], [30.6937, -11.3229], [30.6854, -11.3313], [30.6729, -11.3313], [30.6687, -11.3354], [30.6146, -11.3354]]}}, {"type": "Feature", "properties": {"order": 5, "discharge": 59.93}, "geometry": {"type": "LineString", "coordinates": [[35.8646, -11.3146], [35.8646, -11.3229], [35.8729, -11.3313], [35.8729, -11.3354]]}}, {"type": "Feature", "properties": {"order": 6, "discharge": 440.84}, "geometry": {"type": "LineString", "coordinates": [[30.6146, -11.3354], [30.6104, -11.3396]]}}, {"type": "Feature", "properties": {"order": 6, "discharge": 364.51}, "geometry": {"type": "LineString", "coordinates": [[34.5021, -11.3146], [34.5021, -11.3271], [34.5062, -11.3313], [34.5062, -11.3396]]}}, {"type": "Feature", "properties": {"order": 6, "discharge": 1039.69}, "geometry": {"type": "LineString", "coordinates": [[37.8271, -11.3438], [37.8271, -11.3354], [37.8312, -11.3313], [37.8312, -11.3104]]}}, {"type": "Feature", "properties": {"order": 6, "discharge": 442.06}, "geometry": {"type": "LineString", "coordinates": [[30.6104, -11.3396], [30.6062, -11.3396], [30.5979, -11.3479]]}}, {"type": "Feature", "properties": {"order": 5, "discharge": 126.65}, "geometry": {"type": "LineString", "coordinates": [[32.8396, -11.3313], [32.8354, -11.3354], [32.8354, -11.3438], [32.8312, -11.3479]]}}, {"type": "Feature", "properties": {"order": 6, "discharge": 1014.89}, "geometry": {"type": "LineString", "coordinates": [[37.8271, -11.3479], [37.8271, -11.3438]]}}, {"type": "Feature", "properties": {"order": 7, "discharge": 2035.11}, "geometry": {"type": "LineString", "coordinates": [[38.5646, -11.3479], [38.5729, -11.3479]]}}, {"type": "Feature", "properties": {"order": 7, "discharge": 2036.06}, "geometry": {"type": "LineString", "coordinates": [[38.5729, -11.3479], [38.5854, -11.3354], [38.5896, -11.3354], [38.5937, -11.3313]]}}, {"type": "Feature", "properties": {"order": 5, "discharge": 66.11}, "geometry": {"type": "LineString", "coordinates": [[35.3521, -11.3104], [35.3604, -11.3188], [35.3604, -11.3229], [35.3562, -11.3271], [35.3562, -11.3313], [35.3646, -11.3396], [35.3687, -11.3354], [35.3729, -11.3396], [35.3771, -11.3396], [35.3771, -11.3479], [35.3854, -11.3563]]}}, {"type": "Feature", "properties": {"order": 6, "discharge": 1260.12}, "geometry": {"type": "LineString", "coordinates": [[38.3312, -11.3313], [38.3354, -11.3354], [38.3354, -11.3396], [38.3479, -11.3521], [38.3479, -11.3563]]}}, {"type": "Feature", "properties": {"order": 7, "discharge": 2034.62}, "geometry": {"type": "LineString", "coordinates": [[38.5562, -11.3563], [38.5646, -11.3479]]}}, {"type": "Feature", "properties": {"order": 6, "discharge": 1260.36}, "geometry": {"type": "LineString", "coordinates": [[38.3479, -11.3563], [38.3521, -11.3604], [38.3562, -11.3604]]}}, {"type": "Feature", "properties": {"order": 6, "discharge": 442.9}, "geometry": {"type": "LineString", "coordinates": [[30.5979, -11.3479], [30.5979, -11.3688]]}}, {"type": "Feature", "properties": {"order": 6, "discharge": 362.56}, "geometry": {"type": "LineString", "coordinates": [[34.5062, -11.3396], [34.5062, -11.3521], [34.5104, -11.3563], [34.5104, -11.3688]]}}, {"type": "Feature", "properties": {"order": 6, "discharge": 1014.41}, "geometry": {"type": "LineString", "coordinates": [[37.8271, -11.3688], [37.8271, -11.3479]]}}, {"type": "Feature", "properties": {"order": 7, "discharge": 2034.41}, "geometry": {"type": "LineString", "coordinates": [[38.5437, -11.3688], [38.5562, -11.3563]]}}, {"type": "Feature", "properties": {"order": 5, "discharge": 126.82}, "geometry": {"type": "LineString", "coordinates": [[32.8312, -11.3479], [32.8312, -11.3688], [32.8271, -11.3729]]}}, {"type": "Feature", "properties": {"order": 7, "discharge": 2034.06}, "geometry": {"type": "LineString", "coordinates": [[38.5312, -11.3729], [38.5354, -11.3688], [38.5437, -11.3688]]}}, {"type": "Feature", "properties": {"order": 5, "discharge": 70.34}, "geometry": {"type": "LineString", "coordinates": [[35.3854, -11.3563], [35.3896, -11.3604], [35.3896, -11.3688], [35.3854, -11.3729], [35.3937, -11.3813]]}}, {"type": "Feature", "properties": {"order": 6, "discharge": 362.23}, "geometry": {"type": "LineString", "coordinates": [[34.5104, -11.3688], [34.5104, -11.3813], [34.5146, -11.3854]]}}, {"type": "Feature", "properties": {"order": 6, "discharge": 1012.3}, "geometry": {"type": "LineString", "coordinates": [[37.8146, -11.3854], [37.8146, -11.3771], [37.8187, -11.3729], [37.8229, -11.3729], [37.8271, -11.3688]]}}, {"type": "Feature", "properties": {"order": 6, "discharge": 1276.86}, "geometry": {"type": "LineString", "coordinates": [[38.3562, -11.3604], [38.3604, -11.3646], [38.3604, -11.3688], [38.3771, -11.3854]]}}, {"type": "Feature", "properties": {"order": 6, "discharge": 362.28}, "geometry": {"type": "LineString", "coordinates": [[34.5146, -11.3854], [34.5146, -11.3896]]}}, {"type": "Feature", "properties": {"order": 6, "discharge": 1278.03}, "geometry": {"type": "LineString", "coordinates": [[38.3771, -11.3854], [38.3854, -11.3854], [38.3896, -11.3896], [38.3979, -11.3896]]}}, {"type": "Feature", "properties": {"order": 6, "discharge": 1278.35}, "geometry": {"type": "LineString", "coordinates": [[38.3979, -11.3896], [38.4021, -11.3896]]}}, {"type": "Feature", "properties": {"order": 6, "discharge": 1278.68}, "geometry": {"type": "LineString", "coordinates": [[38.4021, -11.3896], [38.4062, -11.3896]]}}, {"type": "Feature", "properties": {"order": 6, "discharge": 1278.85}, "geometry": {"type": "LineString", "coordinates": [[38.4062, -11.3896], [38.4229, -11.3896]]}}, {"type": "Feature", "properties": {"order": 6, "discharge": 1279.06}, "geometry": {"type": "LineString", "coordinates": [[38.4229, -11.3896], [38.4271, -11.3896]]}}, {"type": "Feature", "properties": {"order": 7, "discharge": 2033.83}, "geometry": {"type": "LineString", "coordinates": [[38.5187, -11.3896], [38.5271, -11.3813], [38.5271, -11.3771], [38.5312, -11.3729]]}}, {"type": "Feature", "properties": {"order": 5, "discharge": 127.4}, "geometry": {"type": "LineString", "coordinates": [[29.8396, -11.3313], [29.8354, -11.3354], [29.8354, -11.3396], [29.8271, -11.3479], [29.8271, -11.3521], [29.8229, -11.3563], [29.8229, -11.3646], [29.8187, -11.3688], [29.8187, -11.3771], [29.8146, -11.3813], [29.8146, -11.3896], [29.8104, -11.3938]]}}, {"type": "Feature", "properties": {"order": 6, "discharge": 1010.68}, "geometry": {"type": "LineString", "coordinates": [[37.8146, -11.3938], [37.8146, -11.3854]]}}, {"type": "Feature", "properties": {"order": 6, "discharge": 444.17}, "geometry": {"type": "LineString", "coordinates": [[30.5979, -11.3688], [30.5979, -11.3771], [30.5771, -11.3979]]}}, {"type": "Feature", "properties": {"order": 7, "discharge": 2033.26}, "geometry": {"type": "LineString", "coordinates": [[38.5062, -11.3979], [38.5146, -11.3896], [38.5187, -11.3896]]}}, {"type": "Feature", "properties": {"order": 5, "discharge": 60.99}, "geometry": {"type": "LineString", "coordinates": [[35.8729, -11.3354], [35.8729, -11.3438], [35.8687, -11.3479], [35.8687, -11.3688], [35.8729, -11.3729], [35.8729, -11.3813], [35.8771, -11.3854], [35.8771, -11.3896], [35.8854, -11.3979], [35.8854, -11.4021]]}}, {"type": "Feature", "properties": {"order": 5, "discharge": 127.66}, "geometry": {"type": "LineString", "coordinates": [[29.8104, -11.3938], [29.8104, -11.4063]]}}, {"type": "Feature", "properties": {"order": 6, "discharge": 445.36}, "geometry": {"type": "LineString", "coordinates": [[30.5771, -11.3979], [30.5729, -11.4021], [30.5521, -11.4021], [30.5479, -11.4063]]}}, {"type": "Feature", "properties": {"order": 5, "discharge": 127.3}, "geometry": {"type": "LineString", "coordinates": [[32.8271, -11.3729], [32.8271, -11.3979], [32.8146, -11.4104]]}}, {"type": "Feature", "properties": {"order": 5, "discharge": 71.13}, "geometry": {"type": "LineString", "coordinates": [[35.3937, -11.3813], [35.3896, -11.3854], [35.3896, -11.4063], [35.3854, -11.4104]]}}, {"type": "Feature", "properties": {"order": 6, "discharge": 1008.75}, "geometry": {"type": "LineString", "coordinates": [[37.8021, -11.4104], [37.8104, -11.4021], [37.8104, -11.3979], [37.8146, -11.3938]]}}, {"type": "Feature", "properties": {"order": 6, "discharge": 307.52}, "geometry": {"type": "LineString", "coordinates": [[35.8229, -11.4146], [35.8271, -11.4104], [35.8437, -11.4104], [35.8479, -11.4146]]}}, {"type": "Feature", "properties": {"order": 6, "discharge": 996.38}, "geometry": {"type": "LineString", "coordinates": [[37.7979, -11.4146], [37.8021, -11.4104]]}}, {"type": "Feature", "properties": {"order": 5, "discharge": 127.84}, "geometry": {"type": "LineString", "coordinates": [[29.8104, -11.4063], [29.8104, -11.4188]]}}, {"type": "Feature", "properties": {"order": 5, "discharge": 171.87}, "geometry": {"type": "LineString", "coordinates": [[29.8104, -11.4188], [29.8104, -11.4229]]}}, {"type": "Feature", "properties": {"order": 6, "discharge": 1280.7}, "geometry": {"type": "LineString", "coordinates": [[38.4271, -11.3896], [38.4479, -11.4104], [38.4479, -11.4146], [38.4521, -11.4188], [38.4771, -11.4188], [38.4812, -11.4229]]}}, {"type": "Feature", "properties": {"order": 7, "discharge": 2033.07}, "geometry": {"type": "LineString", "coordinates": [[38.4812, -11.4229], [38.4854, -11.4188], [38.4896, -11.4188], [38.5021, -11.4063], [38.5021, -11.4021], [38.5062, -11.3979]]}}, {"type": "Feature", "properties": {"order": 5, "discharge": 61.19}, "geometry": {"type": "LineString", "coordinates": [[35.8854, -11.4021], [35.8854, -11.4063], [35.8771, -11.4063], [35.8729, -11.4104], [35.8729, -11.4229], [35.8771, -11.4271]]}}, {"type": "Feature", "properties": {"order": 5, "discharge": 128.66}, "geometry": {"type": "LineString", "coordinates": [[32.8146, -11.4104], [32.8104, -11.4146], [32.8104, -11.4229], [32.8021, -11.4313]]}}, {"type": "Feature", "properties": {"order": 6, "discharge": 307.65}, "geometry": {"type": "LineString", "coordinates": [[35.8479, -11.4146], [35.8521, -11.4188], [35.8521, -11.4229], [35.8604, -11.4313], [35.8729, -11.4313]]}}, {"type": "Feature", "properties": {"order": 6, "discharge": 308.0}, "geometry": {"type": "LineString", "coordinates": [[35.8729, -11.4313], [35.8771, -11.4271]]}}, {"type": "Feature", "properties": {"order": 6, "discharge": 995.99}, "geometry": {"type": "LineString", "coordinates": [[37.7854, -11.4313], [37.7854, -11.4271], [37.7979, -11.4146]]}}, {"type": "Feature", "properties": {"order": 6, "discharge": 303.28}, "geometry": {"type": "LineString", "coordinates": [[35.8021, -11.4354], [35.8062, -11.4313], [35.8104, -11.4313], [35.8146, -11.4271], [35.8104, -11.4229], [35.8187, -11.4146], [35.8229, -11.4146]]}}, {"type": "Feature", "properties": {"order": 6, "discharge": 369.06}, "geometry": {"type": "LineString", "coordinates": [[35.8771, -11.4271], [35.8854, -11.4271], [35.8896, -11.4313], [35.9021, -11.4313], [35.9062, -11.4354], [35.9312, -11.4354], [35.9437, -11.4229]]}}, {"type": "Feature", "properties": {"order": 5, "discharge": 128.65}, "geometry": {"type": "LineString", "coordinates": [[32.8021, -11.4313], [32.8021, -11.4354], [32.7979, -11.4396]]}}, {"type": "Feature", "properties": {"order": 5, "discharge": 71.83}, "geometry": {"type": "LineString", "coordinates": [[35.3854, -11.4104], [35.3812, -11.4146], [35.3812, -11.4229], [35.3771, -11.4271], [35.3771, -11.4354], [35.3812, -11.4396]]}}, {"type": "Feature", "properties": {"order": 6, "discharge": 302.94}, "geometry": {"type": "LineString", "coordinates": [[35.8021, -11.4396], [35.8021, -11.4354]]}}, {"type": "Feature", "properties": {"order": 6, "discharge": 752.11}, "geometry": {"type": "LineString", "coordinates": [[38.4729, -11.4396], [38.4771, -11.4354], [38.4771, -11.4313], [38.4812, -11.4271], [38.4812, -11.4229]]}}, {"type": "Feature", "properties": {"order": 5, "discharge": 172.24}, "geometry": {"type": "LineString", "coordinates": [[29.8104, -11.4229], [29.8104, -11.4271], [29.8146, -11.4313], [29.8146, -11.4354], [29.8187, -11.4396], [29.8187, -11.4438]]}}, {"type": "Feature", "properties": {"order": 5, "discharge": 72.38}, "geometry": {"type": "LineString", "coordinates": [[35.3812, -11.4396], [35.3854, -11.4438]]}}, {"type": "Feature", "properties": {"order": 6, "discharge": 293.53}, "geometry": {"type": "LineString", "coordinates": [[35.7937, -11.4396], [35.7979, -11.4438], [35.8021, -11.4396]]}}, {"type": "Feature", "properties": {"order": 5, "discharge": 172.39}, "geometry": {"type": "LineString", "coordinates": [[29.8187, -11.4438], [29.8229, -11.4479]]}}, {"type": "Feature", "properties": {"order": 6, "discharge": 358.46}, "geometry": {"type": "LineString", "coordinates": [[34.5146, -11.3896], [34.5146, -11.4188], [34.5187, -11.4229], [34.5187, -11.4479]]}}, {"type": "Feature", "properties": {"order": 6, "discharge": 751.9}, "geometry": {"type": "LineString", "coordinates": [[38.4687, -11.4479], [38.4729, -11.4438], [38.4729, -11.4396]]}}, {"type": "Feature", "properties": {"order": 6, "discharge": 447.03}, "geometry": {"type": "LineString", "coordinates": [[30.5479, -11.4063], [30.5479, -11.4146], [30.5437, -11.4188], [30.5437, -11.4438], [30.5354, -11.4521]]}}, {"type": "Feature", "properties": {"order": 5, "discharge": 128.62}, "geometry": {"type": "LineString", "coordinates": [[32.7979, -11.4396], [32.7854, -11.4521]]}}, {"type": "Feature", "properties": {"order": 6, "discharge": 994.57}, "geometry": {"type": "LineString", "coordinates": [[37.7771, -11.4521], [37.7812, -11.4479], [37.7812, -11.4354], [37.7854, -11.4313]]}}, {"type": "Feature", "properties": {"order": 6, "discharge": 292.35}, "geometry": {"type": "LineString", "coordinates": [[35.7812, -11.4604], [35.7854, -11.4563], [35.7854, -11.4479], [35.7812, -11.4438], [35.7812, -11.4396], [35.7854, -11.4354], [35.7896, -11.4396], [35.7937, -11.4396]]}}, {"type": "Feature", "properties": {"order": 6, "discharge": 369.83}, "geometry": {"type": "LineString", "coordinates": [[35.9437, -11.4229], [35.9521, -11.4313], [35.9521, -11.4479], [35.9562, -11.4521], [35.9562, -11.4646]]}}, {"type": "Feature", "properties": {"order": 6, "discharge": 992.82}, "geometry": {"type": "LineString", "coordinates": [[37.7687, -11.4646], [37.7729, -11.4604], [37.7729, -11.4563], [37.7771, -11.4521]]}}, {"type": "Feature", "properties": {"order": 5, "discharge": 172.61}, "geometry": {"type": "LineString", "coordinates": [[29.8229, -11.4479], [29.8312, -11.4563], [29.8312, -11.4688]]}}, {"type": "Feature", "properties": {"order": 6, "discharge": 447.85}, "geometry": {"type": "LineString", "coordinates": [[30.5354, -11.4521], [30.5354, -11.4563], [30.5229, -11.4688]]}}, {"type": "Feature", "properties": {"order": 5, "discharge": 128.51}, "geometry": {"type": "LineString", "coordinates": [[32.7854, -11.4521], [32.7854, -11.4563], [32.7771, -11.4646], [32.7729, -11.4646], [32.7687, -11.4688]]}}, {"type": "Feature", "properties": {"order": 5, "discharge": 73.06}, "geometry": {"type": "LineString", "coordinates": [[35.3854, -11.4438], [35.3896, -11.4479], [35.3812, -11.4563], [35.3854, -11.4604], [35.3812, -11.4646], [35.3812, -11.4688]]}}, {"type": "Feature", "properties": {"order": 6, "discharge": 292.13}, "geometry": {"type": "LineString", "coordinates": [[35.7646, -11.4688], [35.7729, -11.4688]]}}, {"type": "Feature", "properties": {"order": 6, "discharge": 292.23}, "geometry": {"type": "LineString", "coordinates": [[35.7729, -11.4688], [35.7812, -11.4604]]}}, {"type": "Feature", "properties": {"order": 6, "discharge": 370.07}, "geometry": {"type": "LineString", "coordinates": [[35.9562, -11.4646], [35.9604, -11.4688], [35.9646, -11.4688]]}}, {"type": "Feature", "properties": {"order": 6, "discharge": 373.61}, "geometry": {"type": "LineString", "coordinates": [[35.9646, -11.4688], [35.9687, -11.4646], [35.9646, -11.4604], [35.9646, -11.4563], [35.9687, -11.4521], [35.9771, -11.4604], [35.9854, -11.4604]]}}, {"type": "Feature", "properties": {"order": 6, "discharge": 991.59}, "geometry": {"type": "LineString", "coordinates": [[37.7687, -11.4688], [37.7687, -11.4646]]}}, {"type": "Feature", "properties": {"order": 6, "discharge": 471.96}, "geometry": {"type": "LineString", "coordinates": [[30.5229, -11.4688], [30.5187, -11.4729]]}}, {"type": "Feature", "properties": {"order": 6, "discharge": 373.96}, "geometry": {"type": "LineString", "coordinates": [[35.9854, -11.4604], [35.9896, -11.4646], [35.9896, -11.4688], [35.9937, -11.4729]]}}, {"type": "Feature", "properties": {"order": 6, "discharge": 747.02}, "geometry": {"type": "LineString", "coordinates": [[38.4479, -11.4729], [38.4646, -11.4563], [38.4646, -11.4521], [38.4687, -11.4479]]}}, {"type": "Feature", "properties": {"order": 6, "discharge": 290.84}, "geometry": {"type": "LineString", "coordinates": [[35.7271, -11.4771], [35.7312, -11.4771]]}}, {"type": "Feature", "properties": {"order": 6, "discharge": 292.06}, "geometry": {"type": "LineString", "coordinates": [[35.7312, -11.4771], [35.7396, -11.4688], [35.7437, -11.4729], [35.7479, -11.4729], [35.7521, -11.4688], [35.7646, -11.4688]]}}, {"type": "Feature", "properties": {"order": 6, "discharge": 472.96}, "geometry": {"type": "LineString", "coordinates": [[30.5187, -11.4729], [30.5104, -11.4813]]}}, {"type": "Feature", "properties": {"order": 5, "discharge": 130.23}, "geometry": {"type": "LineString", "coordinates": [[32.7687, -11.4688], [32.7812, -11.4813]]}}, {"type": "Feature", "properties": {"order": 6, "discharge": 290.75}, "geometry": {"type": "LineString", "coordinates": [[35.7104, -11.4896], [35.7146, -11.4854], [35.7104, -11.4813], [35.7146, -11.4771], [35.7271, -11.4771]]}}, {"type": "Feature", "properties": {"order": 6, "discharge": 385.79}, "geometry": {"type": "LineString", "coordinates": [[35.9937, -11.4729], [36.0104, -11.4896], [36.0146, -11.4854], [36.0229, -11.4854]]}}, {"type": "Feature", "properties": {"order": 6, "discharge": 990.38}, "geometry": {"type": "LineString", "coordinates": [[37.7854, -11.4896], [37.7854, -11.4854], [37.7896, -11.4813], [37.7854, -11.4771], [37.7771, -11.4771], [37.7687, -11.4688]]}}, {"type": "Feature", "properties": {"order": 6, "discharge": 985.58}, "geometry": {"type": "LineString", "coordinates": [[37.7854, -11.4979], [37.7854, -11.4896]]}}, {"type": "Feature", "properties": {"order": 6, "discharge": 746.58}, "geometry": {"type": "LineString", "coordinates": [[38.4437, -11.4979], [38.4479, -11.4938], [38.4479, -11.4729]]}}, {"type": "Feature", "properties": {"order": 5, "discharge": 75.97}, "geometry": {"type": "LineString", "coordinates": [[35.3812, -11.4688], [35.3854, -11.4729], [35.3854, -11.4854], [35.3896, -11.4896], [35.3896, -11.4938], [35.3937, -11.4979], [35.3979, -11.4979], [35.4021, -11.5021]]}}, {"type": "Feature", "properties": {"order": 6, "discharge": 746.11}, "geometry": {"type": "LineString", "coordinates": [[38.4396, -11.5021], [38.4437, -11.4979]]}}, {"type": "Feature", "properties": {"order": 5, "discharge": 76.49}, "geometry": {"type": "LineString", "coordinates": [[35.4021, -11.5021], [35.4062, -11.5063]]}}, {"type": "Feature", "properties": {"order": 5, "discharge": 76.7}, "geometry": {"type": "LineString", "coordinates": [[35.4062, -11.5063], [35.4104, -11.5104]]}}, {"type": "Feature", "properties": {"order": 6, "discharge": 473.78}, "geometry": {"type": "LineString", "coordinates": [[30.5104, -11.4813], [30.5062, -11.4854], [30.5021, -11.4854], [30.4979, -11.4896], [30.4896, -11.4896], [30.4854, -11.4938], [30.4812, -11.4938], [30.4771, -11.4979], [30.4729, -11.4979], [30.4687, -11.5021], [30.4646, -11.5021], [30.4562, -11.5104], [30.4437, -11.5104], [30.4396, -11.5146]]}}, {"type": "Feature", "properties": {"order": 6, "discharge": 396.03}, "geometry": {"type": "LineString", "coordinates": [[36.1104, -11.5146], [36.1146, -11.5104], [36.1229, -11.5104]]}}, {"type": "Feature", "properties": {"order": 6, "discharge": 475.04}, "geometry": {"type": "LineString", "coordinates": [[30.4396, -11.5146], [30.4354, -11.5146], [30.4312, -11.5188], [30.4104, -11.5188]]}}, {"type": "Feature", "properties": {"order": 5, "discharge": 130.16}, "geometry": {"type": "LineString", "coordinates": [[32.7812, -11.4813], [32.7771, -11.4854], [32.7729, -11.4854], [32.7646, -11.4938], [32.7604, -11.4938], [32.7521, -11.5021], [32.7521, -11.5104], [32.7437, -11.5188]]}}, {"type": "Feature", "properties": {"order": 6, "discharge": 386.21}, "geometry": {"type": "LineString", "coordinates": [[36.0229, -11.4854], [36.0271, -11.4896], [36.0354, -11.4896], [36.0437, -11.4979], [36.0437, -11.5063], [36.0562, -11.5188], [36.0562, -11.5229]]}}, {"type": "Feature", "properties": {"order": 5, "discharge": 130.09}, "geometry": {"type": "LineString", "coordinates": [[32.7437, -11.5188], [32.7437, -11.5271]]}}, {"type": "Feature", "properties": {"order": 6, "discharge": 745.74}, "geometry": {"type": "LineString", "coordinates": [[38.4312, -11.5271], [38.4354, -11.5229], [38.4354, -11.5188], [38.4396, -11.5146], [38.4396, -11.5021]]}}, {"type": "Feature", "properties": {"order": 6, "discharge": 290.12}, "geometry": {"type": "LineString", "coordinates": [[35.6812, -11.5313], [35.6854, -11.5313]]}}, {"type": "Feature", "properties": {"order": 6, "discharge": 290.6}, "geometry": {"type": "LineString", "coordinates": [[35.6854, -11.5313], [35.6896, -11.5271], [35.6896, -11.5188], [35.6937, -11.5146], [35.6937, -11.5104], [35.6979, -11.5063], [35.7021, -11.5063], [35.7062, -11.5021], [35.7062, -11.4938], [35.7104, -11.4896]]}}, {"type": "Feature", "properties": {"order": 6, "discharge": 395.56}, "geometry": {"type": "LineString", "coordinates": [[36.1021, -11.5313], [36.1104, -11.5229], [36.1104, -11.5146]]}}, {"type": "Feature", "properties": {"order": 6, "discharge": 399.16}, "geometry": {"type": "LineString", "coordinates": [[36.1229, -11.5104], [36.1271, -11.5146], [36.1271, -11.5271], [36.1312, -11.5313]]}}, {"type": "Feature", "properties": {"order": 5, "discharge": 173.22}, "geometry": {"type": "LineString", "coordinates": [[29.8312, -11.4688], [29.8396, -11.4771], [29.8396, -11.4854], [29.8354, -11.4896], [29.8354, -11.5104], [29.8271, -11.5188], [29.8271, -11.5229], [29.8229, -11.5271], [29.8187, -11.5271], [29.8146, -11.5313], [29.8062, -11.5313], [29.8021, -11.5354]]}}, {"type": "Feature", "properties": {"order": 6, "discharge": 386.39}, "geometry": {"type": "LineString", "coordinates": [[36.0562, -11.5229], [36.0604, -11.5271], [36.0604, -11.5313], [36.0646, -11.5354]]}}, {"type": "Feature", "properties": {"order": 5, "discharge": 77.51}, "geometry": {"type": "LineString", "coordinates": [[35.4104, -11.5104], [35.4104, -11.5146], [35.4229, -11.5271], [35.4229, -11.5354], [35.4271, -11.5396]]}}, {"type": "Feature", "properties": {"order": 6, "discharge": 287.17}, "geometry": {"type": "LineString", "coordinates": [[35.6729, -11.5396], [35.6812, -11.5313]]}}, {"type": "Feature", "properties": {"order": 6, "discharge": 386.74}, "geometry": {"type": "LineString", "coordinates": [[36.0646, -11.5354], [36.0687, -11.5396], [36.0729, -11.5396], [36.0771, -11.5354], [36.0854, -11.5354], [36.0896, -11.5313], [36.1021, -11.5313]]}}, {"type": "Feature", "properties": {"order": 6, "discharge": 744.12}, "geometry": {"type": "LineString", "coordinates": [[38.4229, -11.5438], [38.4229, -11.5396], [38.4312, -11.5313], [38.4312, -11.5271]]}}, {"type": "Feature", "properties": {"order": 6, "discharge": 984.87}, "geometry": {"type": "LineString", "coordinates": [[37.7479, -11.5479], [37.7854, -11.5104], [37.7854, -11.4979]]}}, {"type": "Feature", "properties": {"order": 6, "discharge": 476.69}, "geometry": {"type": "LineString", "coordinates": [[30.4104, -11.5188], [30.3771, -11.5188], [30.3729, -11.5229], [30.3562, -11.5229], [30.3521, -11.5271], [30.3479, -11.5271], [30.3396, -11.5354], [30.3396, -11.5396], [30.3354, -11.5438], [30.3354, -11.5479], [30.3312, -11.5521]]}}, {"type": "Feature", "properties": {"order": 5, "discharge": 131.35}, "geometry": {"type": "LineString", "coordinates": [[32.7437, -11.5271], [32.7396, -11.5313], [32.7396, -11.5354], [32.7354, -11.5396], [32.7396, -11.5438], [32.7396, -11.5521]]}}, {"type": "Feature", "properties": {"order": 5, "discharge": 131.41}, "geometry": {"type": "LineString", "coordinates": [[32.7396, -11.5521], [32.7396, -11.5563]]}}, {"type": "Feature", "properties": {"order": 6, "discharge": 263.48}, "geometry": {"type": "LineString", "coordinates": [[35.5771, -11.5521], [35.5812, -11.5563]]}}, {"type": "Feature", "properties": {"order": 6, "discharge": 977.35}, "geometry": {"type": "LineString", "coordinates": [[37.7229, -11.5563], [37.7396, -11.5563], [37.7479, -11.5479]]}}, {"type": "Feature", "properties": {"order": 6, "discharge": 264.01}, "geometry": {"type": "LineString", "coordinates": [[35.5812, -11.5563], [35.5896, -11.5563], [35.5937, -11.5604], [35.6021, -11.5604], [35.6062, -11.5563], [35.6271, -11.5563], [35.6312, -11.5521]]}}, {"type": "Feature", "properties": {"order": 6, "discharge": 275.89}, "geometry": {"type": "LineString", "coordinates": [[35.6312, -11.5521], [35.6354, -11.5521], [35.6396, -11.5563], [35.6396, -11.5604]]}}, {"type": "Feature", "properties": {"order": 6, "discharge": 285.03}, "geometry": {"type": "LineString", "coordinates": [[35.6396, -11.5604], [35.6437, -11.5604], [35.6479, -11.5563], [35.6479, -11.5521], [35.6521, -11.5479], [35.6562, -11.5479], [35.6604, -11.5438], [35.6646, -11.5438], [35.6687, -11.5396], [35.6729, -11.5396]]}}, {"type": "Feature", "properties": {"order": 6, "discharge": 540.05}, "geometry": {"type": "LineString", "coordinates": [[30.2562, -11.5646], [30.2479, -11.5646]]}}, {"type": "Feature", "properties": {"order": 6, "discharge": 262.73}, "geometry": {"type": "LineString", "coordinates": [[35.5479, -11.5604], [35.5521, -11.5646], [35.5646, -11.5646], [35.5687, -11.5604], [35.5687, -11.5563], [35.5729, -11.5521], [35.5771, -11.5521]]}}, {"type": "Feature", "properties": {"order": 6, "discharge": 976.99}, "geometry": {"type": "LineString", "coordinates": [[37.6896, -11.5646], [37.7062, -11.5646], [37.7104, -11.5604], [37.7187, -11.5604], [37.7229, -11.5563]]}}, {"type": "Feature", "properties": {"order": 6, "discharge": 538.46}, "geometry": {"type": "LineString", "coordinates": [[30.3312, -11.5521], [30.3187, -11.5646], [30.3146, -11.5646], [30.3104, -11.5688], [30.2937, -11.5688], [30.2896, -11.5646], [30.2562, -11.5646]]}}, {"type": "Feature", "properties": {"order": 5, "discharge": 131.54}, "geometry": {"type": "LineString", "coordinates": [[32.7396, -11.5563], [32.7396, -11.5646], [32.7354, -11.5688]]}}, {"type": "Feature", "properties": {"order": 6, "discharge": 405.34}, "geometry": {"type": "LineString", "coordinates": [[36.1312, -11.5313], [36.1271, -11.5354], [36.1271, -11.5479], [36.1396, -11.5604], [36.1437, -11.5604], [36.1521, -11.5688]]}}, {"type": "Feature", "properties": {"order": 6, "discharge": 408.05}, "geometry": {"type": "LineString", "coordinates": [[36.1896, -11.5604], [36.1896, -11.5646], [36.1937, -11.5688]]}}, {"type": "Feature", "properties": {"order": 6, "discharge": 976.23}, "geometry": {"type": "LineString", "coordinates": [[37.6854, -11.5688], [37.6896, -11.5646]]}}, {"type": "Feature", "properties": {"order": 6, "discharge": 743.67}, "geometry": {"type": "LineString", "coordinates": [[38.4187, -11.5688], [38.4187, -11.5563], [38.4229, -11.5521], [38.4229, -11.5438]]}}, {"type": "Feature", "properties": {"order": 6, "discharge": 406.14}, "geometry": {"type": "LineString", "coordinates": [[36.1521, -11.5688], [36.1562, -11.5688], [36.1604, -11.5729], [36.1687, -11.5646], [36.1687, -11.5604], [36.1812, -11.5479], [36.1854, -11.5521], [36.1854, -11.5563], [36.1896, -11.5604]]}}, {"type": "Feature", "properties": {"order": 5, "discharge": 132.25}, "geometry": {"type": "LineString", "coordinates": [[32.7354, -11.5688], [32.7271, -11.5771]]}}, {"type": "Feature", "properties": {"order": 6, "discharge": 260.39}, "geometry": {"type": "LineString", "coordinates": [[35.4937, -11.5604], [35.4979, -11.5604], [35.5146, -11.5771], [35.5187, -11.5771]]}}, {"type": "Feature", "properties": {"order": 6, "discharge": 262.29}, "geometry": {"type": "LineString", "coordinates": [[35.5187, -11.5771], [35.5271, -11.5688], [35.5312, -11.5688], [35.5396, -11.5604], [35.5479, -11.5604]]}}, {"type": "Feature", "properties": {"order": 6, "discharge": 754.31}, "geometry": {"type": "LineString", "coordinates": [[36.7979, -11.5771], [36.8021, -11.5729], [36.8062, -11.5729], [36.8104, -11.5688], [36.8271, -11.5688]]}}, {"type": "Feature", "properties": {"order": 6, "discharge": 975.14}, "geometry": {"type": "LineString", "coordinates": [[37.6562, -11.5771], [37.6646, -11.5771], [37.6687, -11.5729], [37.6729, -11.5771], [37.6812, -11.5688], [37.6854, -11.5688]]}}, {"type": "Feature", "properties": {"order": 5, "discharge": 78.7}, "geometry": {"type": "LineString", "coordinates": [[35.4271, -11.5396], [35.4354, -11.5479], [35.4354, -11.5646], [35.4271, -11.5729], [35.4271, -11.5771], [35.4312, -11.5771], [35.4354, -11.5813]]}}, {"type": "Feature", "properties": {"order": 6, "discharge": 253.69}, "geometry": {"type": "LineString", "coordinates": [[35.4354, -11.5813], [35.4396, -11.5813]]}}, {"type": "Feature", "properties": {"order": 6, "discharge": 257.91}, "geometry": {"type": "LineString", "coordinates": [[35.4396, -11.5813], [35.4479, -11.5729], [35.4521, -11.5729], [35.4562, -11.5771], [35.4729, -11.5771], [35.4771, -11.5729], [35.4771, -11.5646], [35.4812, -11.5604], [35.4937, -11.5604]]}}, {"type": "Feature", "properties": {"order": 6, "discharge": 792.0}, "geometry": {"type": "LineString", "coordinates": [[36.8271, -11.5688], [36.8396, -11.5813], [36.8437, -11.5813]]}}, {"type": "Feature", "properties": {"order": 6, "discharge": 823.78}, "geometry": {"type": "LineString", "coordinates": [[36.9937, -11.5813], [37.0104, -11.5813]]}}, {"type": "Feature", "properties": {"order": 6, "discharge": 541.61}, "geometry": {"type": "LineString", "coordinates": [[30.2479, -11.5646], [30.2437, -11.5688], [30.2396, -11.5688], [30.2229, -11.5854]]}}, {"type": "Feature", "properties": {"order": 5, "discharge": 132.14}, "geometry": {"type": "LineString", "coordinates": [[32.7271, -11.5771], [32.7312, -11.5813], [32.7271, -11.5854]]}}, {"type": "Feature", "properties": {"order": 5, "discharge": 173.12}, "geometry": {"type": "LineString", "coordinates": [[35.3896, -11.5854], [35.4021, -11.5854]]}}, {"type": "Feature", "properties": {"order": 5, "discharge": 174.79}, "geometry": {"type": "LineString", "coordinates": [[35.4021, -11.5854], [35.4062, -11.5854], [35.4104, -11.5813], [35.4354, -11.5813]]}}, {"type": "Feature", "properties": {"order": 6, "discharge": 792.51}, "geometry": {"type": "LineString", "coordinates": [[36.8437, -11.5813], [36.8479, -11.5854], [36.8604, -11.5854]]}}, {"type": "Feature", "properties": {"order": 6, "discharge": 819.83}, "geometry": {"type": "LineString", "coordinates": [[36.9771, -11.5854], [36.9812, -11.5813], [36.9937, -11.5813]]}}, {"type": "Feature", "properties": {"order": 5, "discharge": 171.69}, "geometry": {"type": "LineString", "coordinates": [[35.3854, -11.5896], [35.3896, -11.5854]]}}, {"type": "Feature", "properties": {"order": 6, "discharge": 793.73}, "geometry": {"type": "LineString", "coordinates": [[36.8604, -11.5854], [36.8729, -11.5854], [36.8771, -11.5896], [36.8812, -11.5896], [36.8854, -11.5854], [36.8896, -11.5854]]}}, {"type": "Feature", "properties": {"order": 5, "discharge": 171.34}, "geometry": {"type": "LineString", "coordinates": [[35.3687, -11.5938], [35.3729, -11.5896], [35.3854, -11.5896]]}}, {"type": "Feature", "properties": {"order": 6, "discharge": 825.15}, "geometry": {"type": "LineString", "coordinates": [[37.0104, -11.5813], [37.0229, -11.5813], [37.0271, -11.5854], [37.0312, -11.5854], [37.0354, -11.5896], [37.0396, -11.5896], [37.0437, -11.5938], [37.0479, -11.5938]]}}, {"type": "Feature", "properties": {"order": 6, "discharge": 818.09}, "geometry": {"type": "LineString", "coordinates": [[36.9312, -11.5979], [36.9521, -11.5979]]}}, {"type": "Feature", "properties": {"order": 6, "discharge": 819.27}, "geometry": {"type": "LineString", "coordinates": [[36.9521, -11.5979], [36.9562, -11.5979], [36.9604, -11.5938], [36.9646, -11.5938], [36.9729, -11.5854], [36.9771, -11.5854]]}}, {"type": "Feature", "properties": {"order": 6, "discharge": 795.42}, "geometry": {"type": "LineString", "coordinates": [[36.8896, -11.5854], [36.9062, -11.6021]]}}, {"type": "Feature", "properties": {"order": 6, "discharge": 796.27}, "geometry": {"type": "LineString", "coordinates": [[36.9062, -11.6021], [36.9187, -11.6021]]}}, {"type": "Feature", "properties": {"order": 6, "discharge": 817.25}, "geometry": {"type": "LineString", "coordinates": [[36.9187, -11.6021], [36.9271, -11.6021], [36.9312, -11.5979]]}}, {"type": "Feature", "properties": {"order": 6, "discharge": 974.11}, "geometry": {"type": "LineString", "coordinates": [[37.6271, -11.6021], [37.6354, -11.5938], [37.6396, -11.5938], [37.6562, -11.5771]]}}, {"type": "Feature", "properties": {"order": 6, "discharge": 345.44}, "geometry": {"type": "LineString", "coordinates": [[34.5187, -11.4479], [34.5187, -11.4563], [34.5229, -11.4604], [34.5229, -11.4979], [34.5271, -11.5021], [34.5271, -11.5354], [34.5312, -11.5396], [34.5312, -11.6021], [34.5354, -11.6063]]}}, {"type": "Feature", "properties": {"order": 6, "discharge": 753.25}, "geometry": {"type": "LineString", "coordinates": [[36.7896, -11.6104], [36.7937, -11.6063], [36.7937, -11.5938], [36.7979, -11.5896], [36.7979, -11.5771]]}}, {"type": "Feature", "properties": {"order": 6, "discharge": 972.03}, "geometry": {"type": "LineString", "coordinates": [[37.6187, -11.6104], [37.6271, -11.6021]]}}, {"type": "Feature", "properties": {"order": 6, "discharge": 742.23}, "geometry": {"type": "LineString", "coordinates": [[38.4104, -11.6104], [38.4104, -11.6021], [38.4146, -11.5979], [38.4146, -11.5813], [38.4187, -11.5771], [38.4187, -11.5688]]}}, {"type": "Feature", "properties": {"order": 6, "discharge": 363.34}, "geometry": {"type": "LineString", "coordinates": [[34.5354, -11.6063], [34.5354, -11.6146]]}}, {"type": "Feature", "properties": {"order": 6, "discharge": 836.38}, "geometry": {"type": "LineString", "coordinates": [[37.0479, -11.5938], [37.0562, -11.6021], [37.0604, -11.6021], [37.0687, -11.6104], [37.0729, -11.6104], [37.0771, -11.6146]]}}, {"type": "Feature", "properties": {"order": 5, "discharge": 139.27}, "geometry": {"type": "LineString", "coordinates": [[32.6771, -11.6188], [32.6729, -11.6146]]}}, {"type": "Feature", "properties": {"order": 5, "discharge": 131.25}, "geometry": {"type": "LineString", "coordinates": [[32.7271, -11.5854], [32.7146, -11.5979], [32.7104, -11.5979], [32.7062, -11.6021], [32.7021, -11.6021], [32.6896, -11.6146], [32.6854, -11.6146], [32.6812, -11.6188], [32.6771, -11.6188]]}}, {"type": "Feature", "properties": {"order": 5, "discharge": 169.88}, "geometry": {"type": "LineString", "coordinates": [[35.3604, -11.6188], [35.3646, -11.6146], [35.3687, -11.6146], [35.3771, -11.6063], [35.3771, -11.6021], [35.3687, -11.5938]]}}, {"type": "Feature", "properties": {"order": 6, "discharge": 752.18}, "geometry": {"type": "LineString", "coordinates": [[36.7896, -11.6188], [36.7896, -11.6104]]}}, {"type": "Feature", "properties": {"order": 6, "discharge": 953.81}, "geometry": {"type": "LineString", "coordinates": [[37.5062, -11.6146], [37.5146, -11.6146], [37.5187, -11.6188], [37.5229, -11.6146], [37.5354, -11.6146]]}}, {"type": "Feature", "properties": {"order": 6, "discharge": 971.73}, "geometry": {"type": "LineString", "coordinates": [[37.6021, -11.6188], [37.6104, -11.6104], [37.6187, -11.6104]]}}, {"type": "Feature", "properties": {"order": 5, "discharge": 61.44}, "geometry": {"type": "LineString", "coordinates": [[30.4479, -11.6229], [30.4479, -11.6104], [30.4312, -11.5938], [30.4229, -11.5938], [30.4146, -11.5854], [30.4021, -11.5854], [30.3979, -11.5813], [30.3937, -11.5813], [30.3896, -11.5771], [30.3812, -11.5771], [30.3771, -11.5729], [30.3687, -11.5729], [30.3646, -11.5688], [30.3604, -11.5688], [30.3562, -11.5646], [30.3479, -11.5646], [30.3354, -11.5521], [30.3312, -11.5521]]}}, {"type": "Feature", "properties": {"order": 5, "discharge": 142.91}, "geometry": {"type": "LineString", "coordinates": [[32.6729, -11.6146], [32.6646, -11.6229], [32.6604, -11.6188], [32.6562, -11.6188], [32.6521, -11.6229]]}}, {"type": "Feature", "properties": {"order": 6, "discharge": 409.45}, "geometry": {"type": "LineString", "coordinates": [[36.1937, -11.5688], [36.1937, -11.5729], [36.1979, -11.5771], [36.1979, -11.5896], [36.1854, -11.6021], [36.1896, -11.6063], [36.1896, -11.6188], [36.1854, -11.6229]]}}, {"type": "Feature", "properties": {"order": 6, "discharge": 954.61}, "geometry": {"type": "LineString", "coordinates": [[37.5354, -11.6146], [37.5396, -11.6188], [37.5521, -11.6188], [37.5562, -11.6229]]}}, {"type": "Feature", "properties": {"order": 6, "discharge": 955.62}, "geometry": {"type": "LineString", "coordinates": [[37.5562, -11.6229], [37.5729, -11.6229], [37.5771, -11.6188], [37.6021, -11.6188]]}}, {"type": "Feature", "properties": {"order": 6, "discharge": 837.41}, "geometry": {"type": "LineString", "coordinates": [[37.0771, -11.6146], [37.0854, -11.6229], [37.0979, -11.6229], [37.1021, -11.6271]]}}, {"type": "Feature", "properties": {"order": 6, "discharge": 851.12}, "geometry": {"type": "LineString", "coordinates": [[37.1021, -11.6271], [37.1187, -11.6271]]}}, {"type": "Feature", "properties": {"order": 6, "discharge": 931.22}, "geometry": {"type": "LineString", "coordinates": [[37.4771, -11.6271], [37.4812, -11.6271]]}}, {"type": "Feature", "properties": {"order": 6, "discharge": 931.98}, "geometry": {"type": "LineString", "coordinates": [[37.4812, -11.6271], [37.4854, -11.6271], [37.4979, -11.6146], [37.5062, -11.6146]]}}, {"type": "Feature", "properties": {"order": 5, "discharge": 168.57}, "geometry": {"type": "LineString", "coordinates": [[35.3562, -11.6313], [35.3604, -11.6271], [35.3604, -11.6188]]}}, {"type": "Feature", "properties": {"order": 6, "discharge": 851.73}, "geometry": {"type": "LineString", "coordinates": [[37.1187, -11.6271], [37.1229, -11.6313], [37.1312, -11.6313]]}}, {"type": "Feature", "properties": {"order": 5, "discharge": 126.09}, "geometry": {"type": "LineString", "coordinates": [[35.3437, -11.6354], [35.3479, -11.6354], [35.3521, -11.6313], [35.3562, -11.6313]]}}, {"type": "Feature", "properties": {"order": 6, "discharge": 409.95}, "geometry": {"type": "LineString", "coordinates": [[36.1854, -11.6229], [36.1812, -11.6271], [36.1812, -11.6354]]}}, {"type": "Feature", "properties": {"order": 6, "discharge": 852.24}, "geometry": {"type": "LineString", "coordinates": [[37.1312, -11.6313], [37.1354, -11.6354]]}}, {"type": "Feature", "properties": {"order": 6, "discharge": 852.95}, "geometry": {"type": "LineString", "coordinates": [[37.1354, -11.6354], [37.1396, -11.6354], [37.1437, -11.6313], [37.1521, -11.6313]]}}, {"type": "Feature", "properties": {"order": 6, "discharge": 853.46}, "geometry": {"type": "LineString", "coordinates": [[37.1521, -11.6313], [37.1604, -11.6313], [37.1646, -11.6354]]}}, {"type": "Feature", "properties": {"order": 6, "discharge": 930.03}, "geometry": {"type": "LineString", "coordinates": [[37.4521, -11.6354], [37.4646, -11.6354]]}}, {"type": "Feature", "properties": {"order": 6, "discharge": 930.89}, "geometry": {"type": "LineString", "coordinates": [[37.4646, -11.6354], [37.4729, -11.6271], [37.4771, -11.6271]]}}, {"type": "Feature", "properties": {"order": 5, "discharge": 142.09}, "geometry": {"type": "LineString", "coordinates": [[32.6521, -11.6229], [32.6521, -11.6271], [32.6396, -11.6396], [32.6312, -11.6313], [32.6271, -11.6354], [32.6187, -11.6271]]}}, {"type": "Feature", "properties": {"order": 6, "discharge": 929.31}, "geometry": {"type": "LineString", "coordinates": [[37.4479, -11.6396], [37.4521, -11.6354]]}}, {"type": "Feature", "properties": {"order": 6, "discharge": 751.87}, "geometry": {"type": "LineString", "coordinates": [[36.7687, -11.6438], [36.7729, -11.6396], [36.7729, -11.6354], [36.7771, -11.6313], [36.7771, -11.6271], [36.7812, -11.6229], [36.7854, -11.6229], [36.7896, -11.6188]]}}, {"type": "Feature", "properties": {"order": 6, "discharge": 854.75}, "geometry": {"type": "LineString", "coordinates": [[37.1646, -11.6354], [37.1729, -11.6354], [37.1771, -11.6396], [37.1854, -11.6396], [37.1896, -11.6438], [37.1937, -11.6438]]}}, {"type": "Feature", "properties": {"order": 6, "discharge": 855.05}, "geometry": {"type": "LineString", "coordinates": [[37.1937, -11.6438], [37.1979, -11.6438]]}}, {"type": "Feature", "properties": {"order": 6, "discharge": 865.06}, "geometry": {"type": "LineString", "coordinates": [[37.2854, -11.6354], [37.2937, -11.6354], [37.3021, -11.6438]]}}, {"type": "Feature", "properties": {"order": 6, "discharge": 542.36}, "geometry": {"type": "LineString", "coordinates": [[30.2229, -11.5854], [30.2187, -11.5896], [30.2146, -11.5896], [30.1896, -11.6146], [30.1896, -11.6229], [30.1771, -11.6354], [30.1687, -11.6354], [30.1562, -11.6479]]}}, {"type": "Feature", "properties": {"order": 6, "discharge": 863.37}, "geometry": {"type": "LineString", "coordinates": [[37.2354, -11.6479], [37.2396, -11.6479], [37.2437, -11.6438], [37.2479, -11.6438], [37.2521, -11.6396], [37.2562, -11.6396], [37.2604, -11.6354], [37.2854, -11.6354]]}}, {"type": "Feature", "properties": {"order": 6, "discharge": 739.5}, "geometry": {"type": "LineString", "coordinates": [[38.4104, -11.6479], [38.4146, -11.6438], [38.4146, -11.6396], [38.4104, -11.6354], [38.4104, -11.6104]]}}, {"type": "Feature", "properties": {"order": 6, "discharge": 410.26}, "geometry": {"type": "LineString", "coordinates": [[36.1812, -11.6354], [36.1854, -11.6396], [36.1854, -11.6521]]}}, {"type": "Feature", "properties": {"order": 6, "discharge": 856.65}, "geometry": {"type": "LineString", "coordinates": [[37.1979, -11.6438], [37.2021, -11.6438], [37.2104, -11.6521], [37.2312, -11.6521]]}}, {"type": "Feature", "properties": {"order": 6, "discharge": 860.72}, "geometry": {"type": "LineString", "coordinates": [[37.2312, -11.6521], [37.2354, -11.6479]]}}, {"type": "Feature", "properties": {"order": 5, "discharge": 173.71}, "geometry": {"type": "LineString", "coordinates": [[29.8021, -11.5354], [29.8021, -11.5396], [29.8062, -11.5438], [29.8062, -11.5479], [29.8104, -11.5521], [29.8062, -11.5563], [29.8062, -11.5646], [29.7896, -11.5813], [29.7896, -11.5938], [29.7937, -11.5979], [29.7854, -11.6063], [29.7896, -11.6104], [29.7937, -11.6104], [29.7979, -11.6146], [29.7979, -11.6313], [29.7896, -11.6396], [29.7896, -11.6438], [29.7854, -11.6479], [29.7854, -11.6521], [29.7812, -11.6563]]}}, {"type": "Feature", "properties": {"order": 5, "discharge": 50.46}, "geometry": {"type": "LineString", "coordinates": [[30.4354, -11.6563], [30.4312, -11.6521], [30.4312, -11.6479], [30.4479, -11.6313], [30.4479, -11.6229]]}}, {"type": "Feature", "properties": {"order": 6, "discharge": 749.09}, "geometry": {"type": "LineString", "coordinates": [[36.7479, -11.6604], [36.7562, -11.6521], [36.7604, -11.6521], [36.7687, -11.6438]]}}, {"type": "Feature", "properties": {"order": 6, "discharge": 928.29}, "geometry": {"type": "LineString", "coordinates": [[37.4229, -11.6604], [37.4437, -11.6396], [37.4479, -11.6396]]}}, {"type": "Feature", "properties": {"order": 6, "discharge": 748.32}, "geometry": {"type": "LineString", "coordinates": [[36.7354, -11.6646], [36.7396, -11.6646], [36.7437, -11.6604], [36.7479, -11.6604]]}}, {"type": "Feature", "properties": {"order": 6, "discharge": 866.79}, "geometry": {"type": "LineString", "coordinates": [[37.3021, -11.6438], [37.3229, -11.6646], [37.3271, -11.6646]]}}, {"type": "Feature", "properties": {"order": 5, "discharge": 142.08}, "geometry": {"type": "LineString", "coordinates": [[32.6187, -11.6271], [32.6104, -11.6354], [32.6021, -11.6354], [32.5979, -11.6396], [32.5979, -11.6521], [32.6021, -11.6563], [32.6021, -11.6604], [32.5937, -11.6688]]}}, {"type": "Feature", "properties": {"order": 6, "discharge": 545.09}, "geometry": {"type": "LineString", "coordinates": [[30.1187, -11.6729], [30.1062, -11.6729]]}}, {"type": "Feature", "properties": {"order": 6, "discharge": 544.77}, "geometry": {"type": "LineString", "coordinates": [[30.1562, -11.6479], [30.1479, -11.6479], [30.1437, -11.6521], [30.1396, -11.6521], [30.1187, -11.6729]]}}, {"type": "Feature", "properties": {"order": 6, "discharge": 358.28}, "geometry": {"type": "LineString", "coordinates": [[34.5354, -11.6146], [34.5354, -11.6729]]}}, {"type": "Feature", "properties": {"order": 5, "discharge": 123.47}, "geometry": {"type": "LineString", "coordinates": [[35.3187, -11.6729], [35.3187, -11.6646], [35.3229, -11.6604], [35.3229, -11.6521], [35.3312, -11.6438], [35.3354, -11.6438], [35.3437, -11.6354]]}}, {"type": "Feature", "properties": {"order": 6, "discharge": 410.55}, "geometry": {"type": "LineString", "coordinates": [[36.1854, -11.6521], [36.1854, -11.6729]]}}, {"type": "Feature", "properties": {"order": 6, "discharge": 724.29}, "geometry": {"type": "LineString", "coordinates": [[36.7271, -11.6729], [36.7354, -11.6646]]}}, {"type": "Feature", "properties": {"order": 6, "discharge": 867.47}, "geometry": {"type": "LineString", "coordinates": [[37.3271, -11.6646], [37.3271, -11.6688], [37.3354, -11.6771]]}}, {"type": "Feature", "properties": {"order": 5, "discharge": 155.37}, "geometry": {"type": "LineString", "coordinates": [[32.5937, -11.6688], [32.5937, -11.6729], [32.5979, -11.6771], [32.5937, -11.6813]]}}, {"type": "Feature", "properties": {"order": 6, "discharge": 641.25}, "geometry": {"type": "LineString", "coordinates": [[36.4521, -11.6813], [36.4771, -11.6813]]}}, {"type": "Feature", "properties": {"order": 6, "discharge": 641.47}, "geometry": {"type": "LineString", "coordinates": [[36.4771, -11.6813], [36.4896, -11.6813]]}}, {"type": "Feature", "properties": {"order": 6, "discharge": 546.75}, "geometry": {"type": "LineString", "coordinates": [[30.1062, -11.6729], [30.1021, -11.6771], [30.0979, -11.6771], [30.0896, -11.6854]]}}, {"type": "Feature", "properties": {"order": 5, "discharge": 119.62}, "geometry": {"type": "LineString", "coordinates": [[35.3271, -11.6854], [35.3271, -11.6813], [35.3187, -11.6729]]}}, {"type": "Feature", "properties": {"order": 6, "discharge": 630.32}, "geometry": {"type": "LineString", "coordinates": [[36.3771, -11.6854], [36.3812, -11.6813], [36.3854, -11.6813], [36.3896, -11.6771]]}}, {"type": "Feature", "properties": {"order": 6, "discharge": 639.61}, "geometry": {"type": "LineString", "coordinates": [[36.3896, -11.6771], [36.3979, -11.6854], [36.4104, -11.6854], [36.4146, -11.6813], [36.4396, -11.6813], [36.4437, -11.6854]]}}, {"type": "Feature", "properties": {"order": 6, "discharge": 639.85}, "geometry": {"type": "LineString", "coordinates": [[36.4437, -11.6854], [36.4479, -11.6854]]}}, {"type": "Feature", "properties": {"order": 6, "discharge": 640.0}, "geometry": {"type": "LineString", "coordinates": [[36.4479, -11.6854], [36.4521, -11.6813]]}}, {"type": "Feature", "properties": {"order": 6, "discharge": 723.82}, "geometry": {"type": "LineString", "coordinates": [[36.7021, -11.6854], [36.7104, -11.6771], [36.7146, -11.6771], [36.7187, -11.6729], [36.7271, -11.6729]]}}, {"type": "Feature", "properties": {"order": 6, "discharge": 708.97}, "geometry": {"type": "LineString", "coordinates": [[38.4062, -11.6854], [38.4062, -11.6604], [38.4104, -11.6563], [38.4104, -11.6479]]}}, {"type": "Feature", "properties": {"order": 5, "discharge": 244.38}, "geometry": {"type": "LineString", "coordinates": [[40.4021, -11.6854], [40.4062, -11.6854], [40.4104, -11.6813], [40.4146, -11.6813], [40.4187, -11.6771], [40.4229, -11.6771], [40.4271, -11.6729], [40.4312, -11.6729]]}}, {"type": "Feature", "properties": {"order": 5, "discharge": 173.87}, "geometry": {"type": "LineString", "coordinates": [[29.7812, -11.6563], [29.7771, -11.6604], [29.7771, -11.6646], [29.7854, -11.6729], [29.7854, -11.6771], [29.7771, -11.6854], [29.7687, -11.6854], [29.7646, -11.6896]]}}, {"type": "Feature", "properties": {"order": 6, "discharge": 870.12}, "geometry": {"type": "LineString", "coordinates": [[37.3354, -11.6771], [37.3604, -11.6771], [37.3646, -11.6813], [37.3729, -11.6813], [37.3812, -11.6896]]}}, {"type": "Feature", "properties": {"order": 6, "discharge": 926.82}, "geometry": {"type": "LineString", "coordinates": [[37.3812, -11.6896], [37.4021, -11.6896], [37.4062, -11.6854], [37.4104, -11.6854], [37.4187, -11.6771], [37.4187, -11.6729], [37.4229, -11.6688], [37.4229, -11.6604]]}}, {"type": "Feature", "properties": {"order": 6, "discharge": 424.78}, "geometry": {"type": "LineString", "coordinates": [[36.2437, -11.6938], [36.2604, -11.6938], [36.2646, -11.6896]]}}, {"type": "Feature", "properties": {"order": 6, "discharge": 425.45}, "geometry": {"type": "LineString", "coordinates": [[36.2646, -11.6896], [36.2687, -11.6896], [36.2729, -11.6938]]}}, {"type": "Feature", "properties": {"order": 6, "discharge": 546.92}, "geometry": {"type": "LineString", "coordinates": [[30.0896, -11.6854], [30.0854, -11.6896], [30.0854, -11.6938], [30.0812, -11.6979]]}}, {"type": "Feature", "properties": {"order": 5, "discharge": 155.44}, "geometry": {"type": "LineString", "coordinates": [[32.5937, -11.6813], [32.5896, -11.6813], [32.5854, -11.6854], [32.5854, -11.6896], [32.5896, -11.6938], [32.5896, -11.6979]]}}, {"type": "Feature", "properties": {"order": 6, "discharge": 411.63}, "geometry": {"type": "LineString", "coordinates": [[36.1854, -11.6729], [36.1979, -11.6854], [36.1979, -11.6896], [36.2062, -11.6979]]}}, {"type": "Feature", "properties": {"order": 6, "discharge": 643.33}, "geometry": {"type": "LineString", "coordinates": [[36.4896, -11.6813], [36.4979, -11.6813], [36.5104, -11.6938], [36.5146, -11.6938], [36.5187, -11.6979]]}}, {"type": "Feature", "properties": {"order": 5, "discharge": 244.1}, "geometry": {"type": "LineString", "coordinates": [[40.3854, -11.6979], [40.3937, -11.6896], [40.3979, -11.6896], [40.4021, -11.6854]]}}, {"type": "Feature", "properties": {"order": 5, "discharge": 119.02}, "geometry": {"type": "LineString", "coordinates": [[35.3187, -11.7021], [35.3229, -11.6979], [35.3187, -11.6938], [35.3271, -11.6854]]}}, {"type": "Feature", "properties": {"order": 6, "discharge": 424.4}, "geometry": {"type": "LineString", "coordinates": [[36.2271, -11.7021], [36.2312, -11.6979], [36.2354, -11.6979], [36.2396, -11.6938], [36.2437, -11.6938]]}}, {"type": "Feature", "properties": {"order": 6, "discharge": 721.94}, "geometry": {"type": "LineString", "coordinates": [[36.6896, -11.7021], [36.7021, -11.6896], [36.7021, -11.6854]]}}, {"type": "Feature", "properties": {"order": 5, "discharge": 243.81}, "geometry": {"type": "LineString", "coordinates": [[40.3229, -11.6938], [40.3312, -11.6854], [40.3312, -11.6813], [40.3354, -11.6771], [40.3562, -11.6771], [40.3604, -11.6813], [40.3604, -11.6854], [40.3771, -11.7021], [40.3812, -11.6979], [40.3854, -11.6979]]}}, {"type": "Feature", "properties": {"order": 5, "discharge": 154.82}, "geometry": {"type": "LineString", "coordinates": [[32.5896, -11.6979], [32.5771, -11.6979], [32.5729, -11.7021], [32.5687, -11.7021], [32.5646, -11.7063]]}}, {"type": "Feature", "properties": {"order": 6, "discharge": 422.64}, "geometry": {"type": "LineString", "coordinates": [[36.2062, -11.6979], [36.2146, -11.7063]]}}, {"type": "Feature", "properties": {"order": 6, "discharge": 424.2}, "geometry": {"type": "LineString", "coordinates": [[36.2146, -11.7063], [36.2229, -11.7063], [36.2271, -11.7021]]}}, {"type": "Feature", "properties": {"order": 6, "discharge": 643.7}, "geometry": {"type": "LineString", "coordinates": [[36.5187, -11.6979], [36.5187, -11.7021], [36.5146, -11.7063]]}}, {"type": "Feature", "properties": {"order": 6, "discharge": 700.74}, "geometry": {"type": "LineString", "coordinates": [[36.5687, -11.7063], [36.5771, -11.6979], [36.5812, -11.6979]]}}, {"type": "Feature", "properties": {"order": 6, "discharge": 628.68}, "geometry": {"type": "LineString", "coordinates": [[36.3562, -11.7104], [36.3687, -11.6979], [36.3687, -11.6938], [36.3771, -11.6854]]}}, {"type": "Feature", "properties": {"order": 6, "discharge": 703.04}, "geometry": {"type": "LineString", "coordinates": [[36.5812, -11.6979], [36.5854, -11.6979], [36.5979, -11.7104], [36.6021, -11.7104]]}}, {"type": "Feature", "properties": {"order": 5, "discharge": 118.44}, "geometry": {"type": "LineString", "coordinates": [[35.3187, -11.7146], [35.3146, -11.7104], [35.3187, -11.7063], [35.3187, -11.7021]]}}, {"type": "Feature", "properties": {"order": 6, "discharge": 720.61}, "geometry": {"type": "LineString", "coordinates": [[36.6729, -11.7146], [36.6771, -11.7104], [36.6812, -11.7104], [36.6896, -11.7021]]}}, {"type": "Feature", "properties": {"order": 5, "discharge": 54.99}, "geometry": {"type": "LineString", "coordinates": [[37.3854, -11.7146], [37.3896, -11.7104], [37.3854, -11.7063], [37.3854, -11.7021], [37.3812, -11.6979], [37.3812, -11.6896]]}}, {"type": "Feature", "properties": {"order": 6, "discharge": 708.36}, "geometry": {"type": "LineString", "coordinates": [[38.4021, -11.7146], [38.4062, -11.7104], [38.4062, -11.6854]]}}, {"type": "Feature", "properties": {"order": 5, "discharge": 243.28}, "geometry": {"type": "LineString", "coordinates": [[40.3104, -11.7146], [40.3187, -11.7063], [40.3187, -11.7021], [40.3229, -11.6979], [40.3229, -11.6938]]}}, {"type": "Feature", "properties": {"order": 6, "discharge": 425.89}, "geometry": {"type": "LineString", "coordinates": [[36.2729, -11.6938], [36.2812, -11.7021], [36.2812, -11.7146], [36.2854, -11.7188], [36.2896, -11.7188]]}}, {"type": "Feature", "properties": {"order": 6, "discharge": 626.48}, "geometry": {"type": "LineString", "coordinates": [[36.2896, -11.7188], [36.3146, -11.7188]]}}, {"type": "Feature", "properties": {"order": 6, "discharge": 627.89}, "geometry": {"type": "LineString", "coordinates": [[36.3146, -11.7188], [36.3271, -11.7063], [36.3354, -11.7063], [36.3396, -11.7104], [36.3562, -11.7104]]}}, {"type": "Feature", "properties": {"order": 6, "discharge": 720.08}, "geometry": {"type": "LineString", "coordinates": [[36.6646, -11.7188], [36.6687, -11.7146], [36.6729, -11.7146]]}}, {"type": "Feature", "properties": {"order": 5, "discharge": 200.48}, "geometry": {"type": "LineString", "coordinates": [[36.2854, -11.7229], [36.2896, -11.7188]]}}, {"type": "Feature", "properties": {"order": 6, "discharge": 703.56}, "geometry": {"type": "LineString", "coordinates": [[36.6021, -11.7104], [36.6062, -11.7146], [36.6062, -11.7188], [36.6104, -11.7229]]}}, {"type": "Feature", "properties": {"order": 6, "discharge": 719.3}, "geometry": {"type": "LineString", "coordinates": [[36.6562, -11.7229], [36.6604, -11.7229], [36.6646, -11.7188]]}}, {"type": "Feature", "properties": {"order": 5, "discharge": 154.25}, "geometry": {"type": "LineString", "coordinates": [[32.5646, -11.7063], [32.5646, -11.7104], [32.5604, -11.7146], [32.5562, -11.7146], [32.5479, -11.7229], [32.5437, -11.7229], [32.5396, -11.7271]]}}, {"type": "Feature", "properties": {"order": 5, "discharge": 200.22}, "geometry": {"type": "LineString", "coordinates": [[36.2812, -11.7271], [36.2854, -11.7229]]}}, {"type": "Feature", "properties": {"order": 6, "discharge": 700.36}, "geometry": {"type": "LineString", "coordinates": [[36.5562, -11.7271], [36.5562, -11.7229], [36.5604, -11.7188], [36.5604, -11.7146], [36.5687, -11.7063]]}}, {"type": "Feature", "properties": {"order": 6, "discharge": 703.97}, "geometry": {"type": "LineString", "coordinates": [[36.6104, -11.7229], [36.6146, -11.7271], [36.6229, -11.7271]]}}, {"type": "Feature", "properties": {"order": 5, "discharge": 242.6}, "geometry": {"type": "LineString", "coordinates": [[40.2771, -11.7271], [40.2812, -11.7229], [40.2854, -11.7271], [40.2937, -11.7271], [40.3062, -11.7146], [40.3104, -11.7146]]}}, {"type": "Feature", "properties": {"order": 5, "discharge": 117.87}, "geometry": {"type": "LineString", "coordinates": [[35.3146, -11.7313], [35.3146, -11.7271], [35.3187, -11.7229], [35.3187, -11.7146]]}}, {"type": "Feature", "properties": {"order": 6, "discharge": 704.22}, "geometry": {"type": "LineString", "coordinates": [[36.6229, -11.7271], [36.6271, -11.7313]]}}, {"type": "Feature", "properties": {"order": 6, "discharge": 704.86}, "geometry": {"type": "LineString", "coordinates": [[36.6271, -11.7313], [36.6354, -11.7313], [36.6396, -11.7271], [36.6437, -11.7271], [36.6479, -11.7229], [36.6562, -11.7229]]}}, {"type": "Feature", "properties": {"order": 5, "discharge": 54.66}, "geometry": {"type": "LineString", "coordinates": [[37.3812, -11.7313], [37.3812, -11.7188], [37.3854, -11.7146]]}}, {"type": "Feature", "properties": {"order": 6, "discharge": 550.03}, "geometry": {"type": "LineString", "coordinates": [[29.9854, -11.7354], [29.9812, -11.7354]]}}, {"type": "Feature", "properties": {"order": 6, "discharge": 699.73}, "geometry": {"type": "LineString", "coordinates": [[36.5437, -11.7354], [36.5479, -11.7313], [36.5521, -11.7313], [36.5562, -11.7271]]}}, {"type": "Feature", "properties": {"order": 5, "discharge": 188.57}, "geometry": {"type": "LineString", "coordinates": [[29.7646, -11.6896], [29.7646, -11.6938], [29.7729, -11.7021], [29.7854, -11.7021], [29.7896, -11.6979], [29.7979, -11.7063], [29.7979, -11.7271], [29.7937, -11.7313], [29.7937, -11.7396]]}}, {"type": "Feature", "properties": {"order": 5, "discharge": 155.49}, "geometry": {"type": "LineString", "coordinates": [[32.5396, -11.7271], [32.5396, -11.7313], [32.5479, -11.7396]]}}, {"type": "Feature", "properties": {"order": 6, "discharge": 357.68}, "geometry": {"type": "LineString", "coordinates": [[34.5354, -11.6729], [34.5354, -11.6771], [34.5396, -11.6813], [34.5396, -11.7396]]}}, {"type": "Feature", "properties": {"order": 6, "discharge": 708.08}, "geometry": {"type": "LineString", "coordinates": [[38.4062, -11.7396], [38.4021, -11.7354], [38.4021, -11.7146]]}}, {"type": "Feature", "properties": {"order": 5, "discharge": 49.06}, "geometry": {"type": "LineString", "coordinates": [[30.4979, -11.7438], [30.4937, -11.7396], [30.4854, -11.7396], [30.4812, -11.7438], [30.4646, -11.7438], [30.4521, -11.7313], [30.4479, -11.7313], [30.4271, -11.7104], [30.4271, -11.6688], [30.4312, -11.6646], [30.4312, -11.6604], [30.4354, -11.6563]]}}, {"type": "Feature", "properties": {"order": 6, "discharge": 358.21}, "geometry": {"type": "LineString", "coordinates": [[34.5396, -11.7396], [34.5396, -11.7438]]}}, {"type": "Feature", "properties": {"order": 5, "discharge": 242.17}, "geometry": {"type": "LineString", "coordinates": [[40.2729, -11.7438], [40.2729, -11.7354], [40.2771, -11.7313], [40.2771, -11.7271]]}}, {"type": "Feature", "properties": {"order": 5, "discharge": 47.85}, "geometry": {"type": "LineString", "coordinates": [[30.5646, -11.7396], [30.5396, -11.7396], [30.5354, -11.7438], [30.5312, -11.7438], [30.5271, -11.7479], [30.5021, -11.7479], [30.4979, -11.7438]]}}, {"type": "Feature", "properties": {"order": 5, "discharge": 47.36}, "geometry": {"type": "LineString", "coordinates": [[30.5937, -11.7479], [30.5812, -11.7479], [30.5771, -11.7438], [30.5729, -11.7438], [30.5687, -11.7396], [30.5646, -11.7396]]}}, {"type": "Feature", "properties": {"order": 5, "discharge": 46.69}, "geometry": {"type": "LineString", "coordinates": [[30.6396, -11.7396], [30.6229, -11.7396], [30.6146, -11.7479], [30.5937, -11.7479]]}}, {"type": "Feature", "properties": {"order": 5, "discharge": 116.99}, "geometry": {"type": "LineString", "coordinates": [[35.3146, -11.7479], [35.3146, -11.7313]]}}, {"type": "Feature", "properties": {"order": 6, "discharge": 549.97}, "geometry": {"type": "LineString", "coordinates": [[30.0104, -11.7521], [29.9979, -11.7396], [29.9896, -11.7396], [29.9854, -11.7354]]}}, {"type": "Feature", "properties": {"order": 6, "discharge": 549.78}, "geometry": {"type": "LineString", "coordinates": [[30.0187, -11.7521], [30.0104, -11.7521]]}}, {"type": "Feature", "properties": {"order": 6, "discharge": 549.63}, "geometry": {"type": "LineString", "coordinates": [[30.0229, -11.7521], [30.0187, -11.7521]]}}, {"type": "Feature", "properties": {"order": 6, "discharge": 549.36}, "geometry": {"type": "LineString", "coordinates": [[30.0812, -11.6979], [30.0771, -11.7021], [30.0771, -11.7063], [30.0729, -11.7104], [30.0729, -11.7313], [30.0521, -11.7521], [30.0229, -11.7521]]}}, {"type": "Feature", "properties": {"order": 5, "discharge": 156.19}, "geometry": {"type": "LineString", "coordinates": [[32.5479, -11.7396], [32.5479, -11.7438], [32.5437, -11.7479], [32.5437, -11.7521]]}}, {"type": "Feature", "properties": {"order": 5, "discharge": 116.39}, "geometry": {"type": "LineString", "coordinates": [[35.3146, -11.7521], [35.3146, -11.7479]]}}, {"type": "Feature", "properties": {"order": 5, "discharge": 200.02}, "geometry": {"type": "LineString", "coordinates": [[36.2729, -11.7521], [36.2854, -11.7396], [36.2854, -11.7313], [36.2812, -11.7271]]}}, {"type": "Feature", "properties": {"order": 6, "discharge": 696.55}, "geometry": {"type": "LineString", "coordinates": [[36.5146, -11.7063], [36.5146, -11.7146], [36.5104, -11.7188], [36.5104, -11.7229], [36.5062, -11.7271], [36.5062, -11.7521]]}}, {"type": "Feature", "properties": {"order": 6, "discharge": 699.23}, "geometry": {"type": "LineString", "coordinates": [[36.5271, -11.7521], [36.5437, -11.7354]]}}, {"type": "Feature", "properties": {"order": 5, "discharge": 54.23}, "geometry": {"type": "LineString", "coordinates": [[37.3812, -11.7521], [37.3854, -11.7479], [37.3854, -11.7354], [37.3812, -11.7313]]}}, {"type": "Feature", "properties": {"order": 6, "discharge": 707.74}, "geometry": {"type": "LineString", "coordinates": [[38.4104, -11.7521], [38.4104, -11.7438], [38.4062, -11.7396]]}}, {"type": "Feature", "properties": {"order": 5, "discharge": 116.13}, "geometry": {"type": "LineString", "coordinates": [[35.3104, -11.7563], [35.3146, -11.7521]]}}, {"type": "Feature", "properties": {"order": 5, "discharge": 198.08}, "geometry": {"type": "LineString", "coordinates": [[36.2604, -11.7604], [36.2646, -11.7604]]}}, {"type": "Feature", "properties": {"order": 5, "discharge": 199.75}, "geometry": {"type": "LineString", "coordinates": [[36.2646, -11.7604], [36.2729, -11.7521]]}}, {"type": "Feature", "properties": {"order": 6, "discharge": 698.01}, "geometry": {"type": "LineString", "coordinates": [[36.5062, -11.7521], [36.5146, -11.7604], [36.5187, -11.7604]]}}, {"type": "Feature", "properties": {"order": 6, "discharge": 698.72}, "geometry": {"type": "LineString", "coordinates": [[36.5187, -11.7604], [36.5271, -11.7521]]}}, {"type": "Feature", "properties": {"order": 5, "discharge": 241.98}, "geometry": {"type": "LineString", "coordinates": [[40.2562, -11.7604], [40.2729, -11.7438]]}}, {"type": "Feature", "properties": {"order": 5, "discharge": 45.23}, "geometry": {"type": "LineString", "coordinates": [[30.6521, -11.7646], [30.6396, -11.7521], [30.6437, -11.7479], [30.6437, -11.7438], [30.6396, -11.7396]]}}, {"type": "Feature", "properties": {"order": 5, "discharge": 115.87}, "geometry": {"type": "LineString", "coordinates": [[35.3146, -11.7688], [35.3104, -11.7646], [35.3104, -11.7563]]}}, {"type": "Feature", "properties": {"order": 5, "discharge": 188.76}, "geometry": {"type": "LineString", "coordinates": [[29.7937, -11.7396], [29.7937, -11.7604], [29.7854, -11.7688], [29.7854, -11.7729]]}}, {"type": "Feature", "properties": {"order": 5, "discharge": 155.71}, "geometry": {"type": "LineString", "coordinates": [[32.5437, -11.7521], [32.5437, -11.7604], [32.5396, -11.7646], [32.5396, -11.7729]]}}, {"type": "Feature", "properties": {"order": 6, "discharge": 706.16}, "geometry": {"type": "LineString", "coordinates": [[38.4104, -11.7813], [38.4146, -11.7771], [38.4104, -11.7729], [38.4104, -11.7521]]}}, {"type": "Feature", "properties": {"order": 5, "discharge": 241.29}, "geometry": {"type": "LineString", "coordinates": [[40.2271, -11.7813], [40.2354, -11.7729], [40.2437, -11.7729], [40.2562, -11.7604]]}}, {"type": "Feature", "properties": {"order": 5, "discharge": 197.93}, "geometry": {"type": "LineString", "coordinates": [[36.2437, -11.7854], [36.2437, -11.7813], [36.2521, -11.7729], [36.2521, -11.7688], [36.2604, -11.7604]]}}, {"type": "Feature", "properties": {"order": 5, "discharge": 240.32}, "geometry": {"type": "LineString", "coordinates": [[40.1562, -11.7646], [40.1604, -11.7646], [40.1646, -11.7604], [40.1687, -11.7604], [40.1729, -11.7563], [40.1771, -11.7563], [40.1854, -11.7646], [40.1896, -11.7604], [40.1937, -11.7604], [40.2021, -11.7688], [40.2062, -11.7688], [40.2104, -11.7729], [40.2104, -11.7813], [40.2146, -11.7854]]}}, {"type": "Feature", "properties": {"order": 6, "discharge": 549.05}, "geometry": {"type": "LineString", "coordinates": [[29.9812, -11.7354], [29.9771, -11.7354], [29.9687, -11.7438], [29.9604, -11.7438], [29.9562, -11.7479], [29.9437, -11.7479], [29.9396, -11.7521], [29.9187, -11.7521], [29.8979, -11.7729], [29.8937, -11.7729], [29.8937, -11.7771], [29.8896, -11.7813], [29.8854, -11.7813], [29.8687, -11.7979], [29.8646, -11.7979]]}}, {"type": "Feature", "properties": {"order": 6, "discharge": 352.14}, "geometry": {"type": "LineString", "coordinates": [[34.5396, -11.7438], [34.5396, -11.7729], [34.5354, -11.7771], [34.5354, -11.8063], [34.5312, -11.8104]]}}]}